image,brightness,contrast,entropy,shadow_clip,highlight_clip,dynamic_range,raw_confidence,best_confidence,improvement,best_enhancement_before_threshold,selected_method
D:\BTECH\PlantDiseaseProject\dataset\val\Tomato___Bacterial_spot\0045ba29-ed1b-43b4-afde-719cc7adefdb___GCREC_Bact.Sp 6254.JPG,0.46612638235092163,0.1384492665529251,0.8833975791931152,1.52587890625e-05,0.0,0.43529415130615234,1.0,1.0,0.0,none,none
D:\BTECH\PlantDiseaseProject\dataset\val\Tomato___Bacterial_spot\00639d29-2d1a-4fcf-9bd3-a2b3109c74c4___UF.GRC_BS_Lab Leaf 1054.JPG,0.5006889700889587,0.10636866837739944,0.8345105648040771,0.0,0.0,0.32156863808631897,0.999985933303833,0.99998939037323,3.4570693969726562e-06,gamma_dark,none
D:\BTECH\PlantDiseaseProject\dataset\val\Tomato___Bacterial_spot\00728f4d-83a0-49f1-87f8-374646fcda05___GCREC_Bact.Sp 6326.JPG,0.4808952510356903,0.15000146627426147,0.8934313058853149,7.62939453125e-05,0.0,0.5098039507865906,0.9420614838600159,0.9989067316055298,0.056845247745513916,clahe,clahe
D:\BTECH\PlantDiseaseProject\dataset\val\Tomato___Bacterial_spot\00b7e89a-e129-4576-b51f-48923888bff9___GCREC_Bact.Sp 6202.JPG,0.45206910371780396,0.14193688333034515,0.87748122215271,0.000152587890625,0.0,0.43529415130615234,0.989161491394043,0.9997240900993347,0.010562598705291748,hist_eq,none
D:\BTECH\PlantDiseaseProject\dataset\val\Tomato___Bacterial_spot\01a3cf3f-94c1-44d5-8972-8c509d62558e___GCREC_Bact.Sp 3396.JPG,0.4104136824607849,0.13402585685253143,0.8756974339485168,3.0517578125e-05,0.0,0.43137258291244507,0.9999998807907104,1.0,1.1920928955078125e-07,clahe,none
D:\BTECH\PlantDiseaseProject\dataset\val\Tomato___Bacterial_spot\030501db-683b-4ed5-9ec0-c475a5dfdd76___GCREC_Bact.Sp 5650.JPG,0.4238519072532654,0.17563998699188232,0.8921458125114441,6.103515625e-05,0.0,0.5098039507865906,0.9999996423721313,0.9999997615814209,1.1920928955078125e-07,gamma_bright,none
D:\BTECH\PlantDiseaseProject\dataset\val\Tomato___Bacterial_spot\03c8e0d0-6c57-4207-ad44-4d017c3e7943___GCREC_Bact.Sp 6325.JPG,0.44500988721847534,0.11661786586046219,0.857902467250824,4.57763671875e-05,0.0,0.4117647111415863,0.7946662306785583,0.9985213875770569,0.20385515689849854,clahe,clahe
D:\BTECH\PlantDiseaseProject\dataset\val\Tomato___Bacterial_spot\045e9a8d-bed0-4700-8d27-7f8d0735223e___GCREC_Bact.Sp 3848.JPG,0.3540295362472534,0.12276707589626312,0.8689141273498535,0.000152587890625,0.0,0.4117647409439087,0.9997790455818176,0.9999301433563232,0.00015109777450561523,gamma_bright,none
D:\BTECH\PlantDiseaseProject\dataset\val\Tomato___Bacterial_spot\04da1f61-623b-4878-86ed-3ea24723b515___GCREC_Bact.Sp 5700.JPG,0.37862277030944824,0.1723366528749466,0.8934284448623657,0.0004425048828125,0.0,0.5058823823928833,0.9999423027038574,0.9999943971633911,5.2094459533691406e-05,clahe,none
D:\BTECH\PlantDiseaseProject\dataset\val\Tomato___Bacterial_spot\05fc994d-7781-4dc5-a15c-b359f6c681a6___GCREC_Bact.Sp 6304.JPG,0.4071335792541504,0.13042116165161133,0.8676232099533081,4.57763671875e-05,0.0,0.43137258291244507,0.9999997615814209,1.0,2.384185791015625e-07,clahe,none
D:\BTECH\PlantDiseaseProject\dataset\val\Tomato___Bacterial_spot\0756753c-decb-4344-892f-4677b8215f0f___GCREC_Bact.Sp 5778.JPG,0.4526183009147644,0.1450534164905548,0.8847129940986633,4.57763671875e-05,0.0,0.46274513006210327,0.9997484087944031,0.9999423027038574,0.0001938939094543457,hist_eq,none
D:\BTECH\PlantDiseaseProject\dataset\val\Tomato___Bacterial_spot\07957e12-d57c-45db-9243-731dd6b8caaa___GCREC_Bact.Sp 5878.JPG,0.4208543598651886,0.12219838798046112,0.8550821542739868,0.0,0.0,0.3921568989753723,0.999998927116394,0.9999997615814209,8.344650268554688e-07,clahe,none
D:\BTECH\PlantDiseaseProject\dataset\val\Tomato___Bacterial_spot\08b479e4-0063-41e5-b85d-279b9aedd38f___UF.GRC_BS_Lab Leaf 0485.JPG,0.5144407749176025,0.08531627058982849,0.7938051223754883,4.57763671875e-05,0.0,0.27450981736183167,0.9999954700469971,0.9999954700469971,0.0,none,none
D:\BTECH\PlantDiseaseProject\dataset\val\Tomato___Bacterial_spot\08fd8d64-fdb3-49bb-93d9-6635ced701d4___UF.GRC_BS_Lab Leaf 0272.JPG,0.5021449327468872,0.11879808455705643,0.8121035695075989,3.0517578125e-05,0.0,0.3764705955982208,0.9999686479568481,0.9999686479568481,0.0,none,none
D:\BTECH\PlantDiseaseProject\dataset\val\Tomato___Bacterial_spot\098b62a4-f92b-4c0d-9ab9-a6061a9d1625___GCREC_Bact.Sp 2955.JPG,0.46630334854125977,0.12200382351875305,0.8612960577011108,1.52587890625e-05,0.0,0.3803921639919281,0.9999977350234985,0.9999995231628418,1.7881393432617188e-06,clahe,none
D:\BTECH\PlantDiseaseProject\dataset\val\Tomato___Bacterial_spot\09c1a12a-ad44-4522-9755-851d6a042f02___GCREC_Bact.Sp 5585.JPG,0.4157830476760864,0.14697742462158203,0.8836532235145569,3.0517578125e-05,0.0,0.458823561668396,0.9999949932098389,0.9999985694885254,3.5762786865234375e-06,hist_eq,none
D:\BTECH\PlantDiseaseProject\dataset\val\Tomato___Bacterial_spot\09ebe433-a21f-4ffe-9954-e3ce4347143f___UF.GRC_BS_Lab Leaf 1084.JPG,0.4098432958126068,0.10705213993787766,0.8443136215209961,0.0,0.0,0.345098078250885,0.9971690773963928,0.9971690773963928,0.0,none,none
D:\BTECH\PlantDiseaseProject\dataset\val\Tomato___Bacterial_spot\0ad88d7a-c14a-4ac9-8520-c11a0ade3a8f___UF.GRC_BS_Lab Leaf 0996.JPG,0.47309747338294983,0.12722709774971008,0.8463157415390015,0.0043792724609375,0.0,0.4274510145187378,0.9996907711029053,0.9999339580535889,0.00024318695068359375,hist_eq,none
D:\BTECH\PlantDiseaseProject\dataset\val\Tomato___Bacterial_spot\0b37769a-a451-4507-a236-f46348e3a9ac___GCREC_Bact.Sp 3265.JPG,0.40904945135116577,0.12949955463409424,0.862468957901001,1.52587890625e-05,0.0,0.3921568989753723,0.9999972581863403,0.9999990463256836,1.7881393432617188e-06,clahe,none
D:\BTECH\PlantDiseaseProject\dataset\val\Tomato___Bacterial_spot\0ce4dee0-2d0c-4c25-a9b2-4abc5f9083db___GCREC_Bact.Sp 3708.JPG,0.4772166609764099,0.12691079080104828,0.8662786483764648,0.0001068115234375,0.0,0.3843137323856354,0.9997593760490417,0.9999016523361206,0.00014227628707885742,clahe,none
D:\BTECH\PlantDiseaseProject\dataset\val\Tomato___Bacterial_spot\0d56df83-84fb-4189-a5d2-3a6da18a224d___UF.GRC_BS_Lab Leaf 9029.JPG,0.4685552716255188,0.12579216063022614,0.843470573425293,0.0,0.0,0.38823533058166504,0.9999815225601196,0.9999815225601196,0.0,none,none
D:\BTECH\PlantDiseaseProject\dataset\val\Tomato___Bacterial_spot\0db0e663-b580-45b3-bd20-bc8a7f3d8b34___GCREC_Bact.Sp 6189.JPG,0.4144213795661926,0.11797547340393066,0.8577334880828857,0.0,0.0,0.37352943420410156,0.04778383672237396,0.07525664567947388,0.027472808957099915,hist_eq,hist_eq
D:\BTECH\PlantDiseaseProject\dataset\val\Tomato___Bacterial_spot\0de30b71-8bd0-4270-a65b-7ae8befdd765___GCREC_Bact.Sp 6360.JPG,0.43158993124961853,0.10670386999845505,0.8377020359039307,0.0,0.0,0.34117648005485535,0.9999998807907104,1.0,1.1920928955078125e-07,clahe,none
D:\BTECH\PlantDiseaseProject\dataset\val\Tomato___Bacterial_spot\0e16b13c-0308-4199-a823-c6c2ab944023___GCREC_Bact.Sp 3068.JPG,0.44760462641716003,0.10637473315000534,0.8365570306777954,0.0,0.0,0.33725491166114807,0.9999796152114868,0.999990701675415,1.1086463928222656e-05,clahe,none
D:\BTECH\PlantDiseaseProject\dataset\val\Tomato___Bacterial_spot\0f81cc91-5b9b-4061-a127-74105ebbcccf___GCREC_Bact.Sp 6305.JPG,0.4026849567890167,0.1767977923154831,0.901901125907898,0.001617431640625,0.0,0.5254902243614197,0.9999984502792358,1.0,1.5497207641601562e-06,clahe,none
D:\BTECH\PlantDiseaseProject\dataset\val\Tomato___Bacterial_spot\0fac0401-b9dc-49a0-9011-2cd3eb906107___GCREC_Bact.Sp 3144.JPG,0.42520278692245483,0.1358427256345749,0.8773590326309204,0.0,0.0,0.41960787773132324,1.0,1.0,0.0,none,none
D:\BTECH\PlantDiseaseProject\dataset\val\Tomato___Bacterial_spot\0ff228a7-60f4-47f0-b1a3-96969a63105f___GCREC_Bact.Sp 6056.JPG,0.39326536655426025,0.1285085529088974,0.8655937314033508,3.0517578125e-05,0.0,0.3921568989753723,0.9999947547912598,0.9999994039535522,4.649162292480469e-06,clahe,none
D:\BTECH\PlantDiseaseProject\dataset\val\Tomato___Bacterial_spot\10c418e8-59b3-4d9f-a22b-7762b538e758___UF.GRC_BS_Lab Leaf 0900.JPG,0.5254217386245728,0.07233984768390656,0.7703073024749756,0.0,0.0,0.2352941334247589,0.9999985694885254,0.9999986886978149,1.1920928955078125e-07,gamma_dark,none
D:\BTECH\PlantDiseaseProject\dataset\val\Tomato___Bacterial_spot\1169b92d-a606-4560-ae1a-ceee401fc959___GCREC_Bact.Sp 3447.JPG,0.42799150943756104,0.1288655549287796,0.8491499423980713,0.0,0.0,0.3764706254005432,0.9999845027923584,0.9999963045120239,1.1801719665527344e-05,clahe,none
D:\BTECH\PlantDiseaseProject\dataset\val\Tomato___Bacterial_spot\12159ce5-93ff-4ef3-b1ca-0bf130278818___GCREC_Bact.Sp 3565.JPG,0.4834359884262085,0.10441593825817108,0.8287802338600159,3.0517578125e-05,1.52587890625e-05,0.3450980484485626,0.9999895095825195,0.9999895095825195,0.0,none,none
D:\BTECH\PlantDiseaseProject\dataset\val\Tomato___Bacterial_spot\122e4db5-bfc6-44b2-b7c5-bf05d040ca79___GCREC_Bact.Sp 5782.JPG,0.41316407918930054,0.15475036203861237,0.8677283525466919,6.103515625e-05,0.0,0.4431372880935669,0.9999864101409912,0.9999942779541016,7.867813110351562e-06,clahe,none
D:\BTECH\PlantDiseaseProject\dataset\val\Tomato___Bacterial_spot\12cb9794-7459-488f-820e-f86a3d6b8a3a___GCREC_Bact.Sp 3119.JPG,0.48035332560539246,0.12470593303442001,0.8468061089515686,3.0517578125e-05,0.0,0.37254902720451355,0.9999998807907104,0.9999998807907104,0.0,none,none
D:\BTECH\PlantDiseaseProject\dataset\val\Tomato___Bacterial_spot\12f5fc61-6113-4baa-b1d4-c619bc895323___GCREC_Bact.Sp 3262.JPG,0.40196630358695984,0.12528051435947418,0.8522310256958008,0.0,0.0,0.3803921937942505,0.9999915361404419,0.999992847442627,1.3113021850585938e-06,gamma_bright,none
D:\BTECH\PlantDiseaseProject\dataset\val\Tomato___Bacterial_spot\1347d766-5747-4d71-b05f-0211e79930b4___GCREC_Bact.Sp 6227.JPG,0.43962615728378296,0.13089525699615479,0.8796436786651611,9.1552734375e-05,0.0,0.4392157196998596,1.0,1.0,0.0,none,none
D:\BTECH\PlantDiseaseProject\dataset\val\Tomato___Bacterial_spot\144352ee-0f8d-44cc-9db1-c4f27eb5a00a___GCREC_Bact.Sp 3284.JPG,0.42731618881225586,0.114824578166008,0.8386313319206238,0.0,0.0,0.3490196168422699,1.0,1.0,0.0,none,none
D:\BTECH\PlantDiseaseProject\dataset\val\Tomato___Bacterial_spot\14707115-d4c3-4e6b-9895-d1613116fd3f___GCREC_Bact.Sp 3490.JPG,0.3926510214805603,0.13974857330322266,0.866611897945404,0.000152587890625,0.0,0.41960787773132324,0.9999953508377075,0.9999953508377075,0.0,none,none
D:\BTECH\PlantDiseaseProject\dataset\val\Tomato___Bacterial_spot\14d87e41-89b0-4872-aa2c-3a85de708d2a___UF.GRC_BS_Lab Leaf 8992.JPG,0.46957510709762573,0.07781422883272171,0.7914214134216309,3.0517578125e-05,0.0,0.250980406999588,0.9999544620513916,0.9999544620513916,0.0,none,none
D:\BTECH\PlantDiseaseProject\dataset\val\Tomato___Bacterial_spot\1552a68d-efde-4536-b883-f6da947f5a33___GCREC_Bact.Sp 5583.JPG,0.42208921909332275,0.15825551748275757,0.8777520656585693,0.0001068115234375,0.0,0.46666669845581055,0.9999737739562988,0.9999955892562866,2.181529998779297e-05,hist_eq,none
D:\BTECH\PlantDiseaseProject\dataset\val\Tomato___Bacterial_spot\176ee70d-778e-4f49-a761-67271feff912___GCREC_Bact.Sp 5976.JPG,0.41230031847953796,0.14945489168167114,0.8573523163795471,0.0,0.0,0.4235294461250305,0.9999998807907104,0.9999998807907104,0.0,none,none
D:\BTECH\PlantDiseaseProject\dataset\val\Tomato___Bacterial_spot\18a58445-cf57-41cd-93f8-ebb9d5f66118___GCREC_Bact.Sp 6200.JPG,0.4407780170440674,0.16328877210617065,0.8963963985443115,1.52587890625e-05,0.0,0.4901961088180542,0.9989973902702332,0.9998149275779724,0.0008175373077392578,clahe,none
D:\BTECH\PlantDiseaseProject\dataset\val\Tomato___Bacterial_spot\1917515d-7e2f-479c-afec-95b4d3ae07e8___GCREC_Bact.Sp 5607.JPG,0.4156185984611511,0.16352908313274384,0.8761881589889526,0.0001068115234375,0.0,0.4784314036369324,0.9999269247055054,0.9999922513961792,6.532669067382812e-05,hist_eq,none
D:\BTECH\PlantDiseaseProject\dataset\val\Tomato___Bacterial_spot\195a20ea-ecf8-4611-ae53-ed76d8a522b7___GCREC_Bact.Sp 5791.JPG,0.42465609312057495,0.15111084282398224,0.8757630586624146,0.0,0.0,0.44705885648727417,0.9999998807907104,0.9999998807907104,0.0,none,none
D:\BTECH\PlantDiseaseProject\dataset\val\Tomato___Bacterial_spot\1ac8d300-077c-43dc-8685-83ac695e07b4___GCREC_Bact.Sp 3672.JPG,0.4745959937572479,0.10139863938093185,0.8398047685623169,0.0,0.0,0.32549020648002625,0.9999998807907104,0.9999998807907104,0.0,none,none
D:\BTECH\PlantDiseaseProject\dataset\val\Tomato___Bacterial_spot\1bddab06-9fb8-4727-8ea8-98e02a2fb178___GCREC_Bact.Sp 3237.JPG,0.44347289204597473,0.15265408158302307,0.8861487507820129,1.52587890625e-05,0.0,0.46274513006210327,0.9999959468841553,1.0,4.0531158447265625e-06,clahe,none
D:\BTECH\PlantDiseaseProject\dataset\val\Tomato___Bacterial_spot\1c78d892-4190-488d-b8d3-cf1c63c658f0___GCREC_Bact.Sp 3006.JPG,0.4261057674884796,0.11523249745368958,0.8375539779663086,1.52587890625e-05,0.0,0.3450980484485626,0.9999783039093018,0.9999783039093018,0.0,none,none
D:\BTECH\PlantDiseaseProject\dataset\val\Tomato___Bacterial_spot\1f8c98e1-b5ff-48eb-b676-7c51e99a1329___GCREC_Bact.Sp 5919.JPG,0.41270777583122253,0.14203716814517975,0.8875361680984497,0.0002593994140625,0.0,0.4431372880935669,0.999901294708252,0.999990701675415,8.940696716308594e-05,clahe,none
D:\BTECH\PlantDiseaseProject\dataset\val\Tomato___Bacterial_spot\21833eb1-b84e-4471-816b-166e575ed0e7___GCREC_Bact.Sp 3244.JPG,0.47361260652542114,0.09618687629699707,0.8201873898506165,6.103515625e-05,0.0,0.32156863808631897,0.9994145631790161,0.9999927282333374,0.0005781650543212891,clahe,none
D:\BTECH\PlantDiseaseProject\dataset\val\Tomato___Bacterial_spot\23cf28cd-1d94-4797-82ed-0f3c79a39200___GCREC_Bact.Sp 5702.JPG,0.4333251416683197,0.1808575540781021,0.899742066860199,0.001739501953125,0.0,0.5372549295425415,0.999988317489624,0.9999983310699463,1.0013580322265625e-05,hist_eq,none
D:\BTECH\PlantDiseaseProject\dataset\val\Tomato___Bacterial_spot\23dc9572-9fab-4847-b1dd-9c63e9ee010b___GCREC_Bact.Sp 5811.JPG,0.38781535625457764,0.16119685769081116,0.864303469657898,0.0,0.0,0.46274513006210327,0.9999985694885254,0.9999997615814209,1.1920928955078125e-06,clahe,none
D:\BTECH\PlantDiseaseProject\dataset\val\Tomato___Bacterial_spot\2622ba72-7a9b-4aa6-98c8-c35f2f186476___GCREC_Bact.Sp 5569.JPG,0.379825621843338,0.15316513180732727,0.8808432221412659,1.52587890625e-05,0.0,0.4941176772117615,0.9999984502792358,1.0,1.5497207641601562e-06,clahe,none
D:\BTECH\PlantDiseaseProject\dataset\val\Tomato___Bacterial_spot\28557b27-1dce-4cd4-bed0-c4a84207d3e2___GCREC_Bact.Sp 6187.JPG,0.4356881380081177,0.13995108008384705,0.8763371706008911,9.1552734375e-05,0.0,0.4431372880935669,0.9999840259552002,0.9999840259552002,0.0,none,none
D:\BTECH\PlantDiseaseProject\dataset\val\Tomato___Bacterial_spot\2f9cc9b4-9244-4043-b786-25be4b3e4063___UF.GRC_BS_Lab Leaf 9032.JPG,0.5687993764877319,0.0890297070145607,0.80312180519104,0.0,0.0,0.26274511218070984,0.9997467398643494,0.9997467398643494,0.0,none,none
D:\BTECH\PlantDiseaseProject\dataset\val\Tomato___Bacterial_spot\305f208d-466d-464e-ad05-9b864dea3316___GCREC_Bact.Sp 6217.JPG,0.39565879106521606,0.15809977054595947,0.8982673287391663,4.57763671875e-05,0.0,0.4862745404243469,0.9993883371353149,0.9998364448547363,0.0004481077194213867,clahe,none
D:\BTECH\PlantDiseaseProject\dataset\val\Tomato___Bacterial_spot\30caf9f1-d21d-449a-a534-e29316b7a020___GCREC_Bact.Sp 5876.JPG,0.37203991413116455,0.15263934433460236,0.8756606578826904,3.0517578125e-05,0.0,0.458823561668396,0.9999829530715942,0.999996542930603,1.3589859008789062e-05,clahe,none
D:\BTECH\PlantDiseaseProject\dataset\val\Tomato___Bacterial_spot\31549f17-8b3c-4a16-9775-d3c50db39fb8___GCREC_Bact.Sp 5968.JPG,0.4258144795894623,0.12957821786403656,0.861062228679657,0.0,0.0,0.3960784673690796,0.9999951124191284,0.9999954700469971,3.5762786865234375e-07,gamma_bright,none
D:\BTECH\PlantDiseaseProject\dataset\val\Tomato___Bacterial_spot\3156f2fa-aa71-4759-8af0-960188c68519___GCREC_Bact.Sp 3235.JPG,0.45031970739364624,0.1484772264957428,0.8693881034851074,3.0517578125e-05,0.0,0.43529415130615234,0.9999599456787109,0.9999995231628418,3.9577484130859375e-05,clahe,none
D:\BTECH\PlantDiseaseProject\dataset\val\Tomato___Bacterial_spot\32eaa2ed-a83a-431b-8104-4143c39f390f___GCREC_Bact.Sp 3624.JPG,0.3719572424888611,0.11594632267951965,0.8442972898483276,0.00018310546875,0.0,0.35686278343200684,0.9998470544815063,0.9999037981033325,5.6743621826171875e-05,gamma_bright,none
D:\BTECH\PlantDiseaseProject\dataset\val\Tomato___Bacterial_spot\349e804d-2b74-4d13-8a4f-fc433b0f7d54___GCREC_Bact.Sp 3566.JPG,0.5211813449859619,0.08832091093063354,0.8080920577049255,0.0,0.0,0.2705882489681244,0.9999498128890991,0.9999597072601318,9.894371032714844e-06,gamma_dark,none
D:\BTECH\PlantDiseaseProject\dataset\val\Tomato___Bacterial_spot\34ac5364-da6b-4a03-a37f-44fd1ad2144a___GCREC_Bact.Sp 2957.JPG,0.46242040395736694,0.11599182337522507,0.8532052040100098,1.52587890625e-05,0.0,0.364705890417099,0.9999986886978149,0.9999996423721313,9.5367431640625e-07,clahe,none
D:\BTECH\PlantDiseaseProject\dataset\val\Tomato___Bacterial_spot\350e646b-1a06-440c-92c1-58dd4f287743___GCREC_Bact.Sp 5877.JPG,0.4108146131038666,0.15443624556064606,0.8810222148895264,0.0001373291015625,0.0,0.458823561668396,0.9997685551643372,0.9999773502349854,0.00020879507064819336,clahe,none
D:\BTECH\PlantDiseaseProject\dataset\val\Tomato___Bacterial_spot\360c7149-e544-48d4-bed2-2b03a10cbfe4___GCREC_Bact.Sp 2988.JPG,0.43390893936157227,0.12523920834064484,0.8634577393531799,4.57763671875e-05,0.0,0.40000003576278687,0.9999997615814209,1.0,2.384185791015625e-07,clahe,none
D:\BTECH\PlantDiseaseProject\dataset\val\Tomato___Bacterial_spot\369f1de1-1e18-435f-87f1-67b5ed852a0a___UF.GRC_BS_Lab Leaf 9030.JPG,0.39729613065719604,0.08971843868494034,0.8140377402305603,0.0,0.0,0.2980392575263977,0.9999980926513672,0.9999980926513672,0.0,none,none
D:\BTECH\PlantDiseaseProject\dataset\val\Tomato___Bacterial_spot\389409f8-30ae-46b3-960f-7b4936fc8ca5___GCREC_Bact.Sp 6021.JPG,0.4191756844520569,0.1389080435037613,0.8490808010101318,1.52587890625e-05,0.0,0.4117647409439087,0.9999915361404419,1.0,8.463859558105469e-06,clahe,none
D:\BTECH\PlantDiseaseProject\dataset\val\Tomato___Bacterial_spot\3926a14d-ed26-4c2b-9dcc-a15370eae355___GCREC_Bact.Sp 5647.JPG,0.3857280910015106,0.18597352504730225,0.8805376291275024,0.0001678466796875,0.0,0.5176470875740051,0.9999983310699463,0.9999991655349731,8.344650268554688e-07,hist_eq,none
D:\BTECH\PlantDiseaseProject\dataset\val\Tomato___Bacterial_spot\393946a5-3f5d-4ed3-af1f-fcb7647b369d___GCREC_Bact.Sp 6190.JPG,0.5236213207244873,0.17911463975906372,0.9048996567726135,0.0,0.0,0.5686274766921997,0.9978224039077759,0.9996435642242432,0.0018211603164672852,clahe,none
D:\BTECH\PlantDiseaseProject\dataset\val\Tomato___Bacterial_spot\39585b95-2167-4dac-9993-f75aac8d38bc___GCREC_Bact.Sp 3538.JPG,0.42155754566192627,0.10932056605815887,0.8465023636817932,1.52587890625e-05,0.0,0.3490196466445923,0.9989732503890991,0.999958872795105,0.0009856224060058594,hist_eq,none
D:\BTECH\PlantDiseaseProject\dataset\val\Tomato___Bacterial_spot\3a5a5fef-8a3a-4f70-ab85-eaf5e3ecf6f2___GCREC_Bact.Sp 3449.JPG,0.424325168132782,0.12745191156864166,0.8516682386398315,0.0,0.0,0.36862748861312866,0.9999957084655762,0.9999988079071045,3.0994415283203125e-06,clahe,none
D:\BTECH\PlantDiseaseProject\dataset\val\Tomato___Bacterial_spot\3a8cc574-c2a6-4663-b1a0-7fa54b2b987d___GCREC_Bact.Sp 6358.JPG,0.4388399124145508,0.11873485893011093,0.855823278427124,1.52587890625e-05,0.0,0.3686274588108063,1.0,1.0,0.0,none,none
D:\BTECH\PlantDiseaseProject\dataset\val\Tomato___Bacterial_spot\3ac48a7d-0d8d-455f-a777-0cc35ff7ddc4___UF.GRC_BS_Lab Leaf 0709.JPG,0.539199948310852,0.13345710933208466,0.8829046487808228,0.0005340576171875,1.52587890625e-05,0.4000000059604645,0.9920463562011719,0.9999947547912598,0.00794839859008789,hist_eq,none
D:\BTECH\PlantDiseaseProject\dataset\val\Tomato___Bacterial_spot\3c7a5a88-18d4-4b74-ba9f-df25a5927c92___UF.GRC_BS_Lab Leaf 0371.JPG,0.5306613445281982,0.12306740880012512,0.8483651280403137,0.0,1.52587890625e-05,0.364705890417099,0.9999668598175049,0.9999960660934448,2.9206275939941406e-05,hist_eq,none
D:\BTECH\PlantDiseaseProject\dataset\val\Tomato___Bacterial_spot\3d997709-70ca-4845-a4df-02995c20f5f0___GCREC_Bact.Sp 2987.JPG,0.4869992434978485,0.14104993641376495,0.8671354055404663,3.0517578125e-05,0.0,0.41960784792900085,0.9999964237213135,0.9999997615814209,3.337860107421875e-06,clahe,none
D:\BTECH\PlantDiseaseProject\dataset\val\Tomato___Bacterial_spot\3e4ca861-5f1d-43c1-9b31-225455da4533___GCREC_Bact.Sp 3098.JPG,0.4533522129058838,0.12423602491617203,0.8500781059265137,1.52587890625e-05,0.0,0.37254902720451355,0.9999992847442627,1.0,7.152557373046875e-07,clahe,none
D:\BTECH\PlantDiseaseProject\dataset\val\Tomato___Bacterial_spot\3f34d522-9184-4f1e-bfd9-93d0cb571a7d___GCREC_Bact.Sp 3069.JPG,0.44411706924438477,0.12540018558502197,0.8617229461669922,3.0517578125e-05,0.0,0.3921568989753723,0.9993706345558167,0.9998867511749268,0.0005161166191101074,clahe,none
D:\BTECH\PlantDiseaseProject\dataset\val\Tomato___Bacterial_spot\3fa087fa-ee1e-4c2a-92da-66230e00ea44___UF.GRC_BS_Lab Leaf 0706.JPG,0.4780749976634979,0.18718856573104858,0.9154679775238037,0.0009765625,0.0,0.5411764979362488,0.9998082518577576,0.9999951124191284,0.0001868605613708496,clahe,none
D:\BTECH\PlantDiseaseProject\dataset\val\Tomato___Bacterial_spot\3fb742ed-4a71-47d2-9c40-60768bc01cd4___GCREC_Bact.Sp 5977.JPG,0.3794952630996704,0.13692134618759155,0.8643860816955566,1.52587890625e-05,0.0,0.4392157196998596,1.0,1.0,0.0,none,none
D:\BTECH\PlantDiseaseProject\dataset\val\Tomato___Bacterial_spot\40889410-0558-4ac6-a92c-7b715a603329___GCREC_Bact.Sp 3847.JPG,0.40343940258026123,0.13011303544044495,0.8674331307411194,6.103515625e-05,0.0,0.4078431725502014,0.9999819993972778,0.9999957084655762,1.3709068298339844e-05,clahe,none
D:\BTECH\PlantDiseaseProject\dataset\val\Tomato___Bacterial_spot\409570ee-0708-46a7-a65b-592a682cf3cc___GCREC_Bact.Sp 2986.JPG,0.44231054186820984,0.13696978986263275,0.8498532772064209,1.52587890625e-05,0.0,0.40392160415649414,0.9999998807907104,0.9999998807907104,0.0,none,none
D:\BTECH\PlantDiseaseProject\dataset\val\Tomato___Bacterial_spot\40a87e9b-876d-4838-9cf4-1b1256080fad___GCREC_Bact.Sp 5932.JPG,0.4027542471885681,0.15982694923877716,0.8759360909461975,7.62939453125e-05,0.0,0.46274513006210327,0.9999997615814209,0.9999998807907104,1.1920928955078125e-07,clahe,none
D:\BTECH\PlantDiseaseProject\dataset\val\Tomato___Bacterial_spot\41c2f403-dd59-43dc-9b36-f5e277954630___UF.GRC_BS_Lab Leaf 8986.JPG,0.4769296646118164,0.09750998020172119,0.8215126991271973,0.0,0.0,0.32156863808631897,0.9999972581863403,0.9999980926513672,8.344650268554688e-07,gamma_bright,none
D:\BTECH\PlantDiseaseProject\dataset\val\Tomato___Bacterial_spot\4399f133-0078-4099-9ddb-605bbb84cf8c___GCREC_Bact.Sp 3216.JPG,0.3934522867202759,0.14127571880817413,0.8688862323760986,6.103515625e-05,0.0,0.43529415130615234,1.0,1.0,0.0,none,none
D:\BTECH\PlantDiseaseProject\dataset\val\Tomato___Bacterial_spot\441dec39-f5c8-4885-b133-1db20ff1fd3b___GCREC_Bact.Sp 3487.JPG,0.4500322937965393,0.14121763408184052,0.8351126313209534,0.0,0.0,0.3960784375667572,1.0,1.0,0.0,none,none
D:\BTECH\PlantDiseaseProject\dataset\val\Tomato___Bacterial_spot\443242bf-ad63-440d-89bd-cb11c2fc1e51___UF.GRC_BS_Lab Leaf 0874.JPG,0.5243008136749268,0.11375050991773605,0.8569817543029785,0.0001220703125,0.0002288818359375,0.35686275362968445,0.9999957084655762,0.9999957084655762,0.0,none,none
D:\BTECH\PlantDiseaseProject\dataset\val\Tomato___Bacterial_spot\4520a2cd-8c13-443a-a83e-8310fa9cb0d8___GCREC_Bact.Sp 6225.JPG,0.4603138566017151,0.1493670642375946,0.8767989873886108,3.0517578125e-05,0.0,0.458823561668396,0.9999983310699463,0.9999985694885254,2.384185791015625e-07,gamma_bright,none
D:\BTECH\PlantDiseaseProject\dataset\val\Tomato___Bacterial_spot\459dc80c-b60d-4da1-9400-7e0803cb2432___UF.GRC_BS_Lab Leaf 0708.JPG,0.4948132038116455,0.14137762784957886,0.8753019571304321,0.0005645751953125,0.0,0.458823561668396,0.9952669143676758,0.9999768733978271,0.004709959030151367,clahe,none
D:\BTECH\PlantDiseaseProject\dataset\val\Tomato___Bacterial_spot\45ffd23d-bd59-4633-881f-fe229f999e88___GCREC_Bact.Sp 3626.JPG,0.3699590861797333,0.09340754896402359,0.8124758005142212,0.0,0.0,0.3176470994949341,0.9999998807907104,1.0,1.1920928955078125e-07,clahe,none
D:\BTECH\PlantDiseaseProject\dataset\val\Tomato___Bacterial_spot\4611cf04-efee-4c3b-83e7-e1d8325663ae___GCREC_Bact.Sp 5845.JPG,0.4282309412956238,0.1552886962890625,0.886807918548584,0.000152587890625,0.0,0.458823561668396,0.9999932050704956,0.9999940395355225,8.344650268554688e-07,hist_eq,none
D:\BTECH\PlantDiseaseProject\dataset\val\Tomato___Bacterial_spot\4669d307-bfa9-42ce-9724-cbfd3b37eaa3___GCREC_Bact.Sp 3276.JPG,0.4138038158416748,0.11900859326124191,0.8486530780792236,0.0001373291015625,0.0,0.37254905700683594,1.0,1.0,0.0,none,none
D:\BTECH\PlantDiseaseProject\dataset\val\Tomato___Bacterial_spot\47798da0-ff59-497e-a2bb-e169c9138a7e___GCREC_Bact.Sp 3120.JPG,0.4476165771484375,0.1088862344622612,0.8273212313652039,0.0,0.0,0.32549020648002625,0.9999983310699463,0.9999990463256836,7.152557373046875e-07,gamma_bright,none
D:\BTECH\PlantDiseaseProject\dataset\val\Tomato___Bacterial_spot\483801eb-a0b8-4675-a731-40d6204ecbae___GCREC_Bact.Sp 5777.JPG,0.44319674372673035,0.1409795880317688,0.8704142570495605,1.52587890625e-05,0.0,0.43137258291244507,0.9999921321868896,0.9999983310699463,6.198883056640625e-06,clahe,none
D:\BTECH\PlantDiseaseProject\dataset\val\Tomato___Bacterial_spot\496716ca-78e6-4ae6-b3d4-2ed9f91f52b0___GCREC_Bact.Sp 3660.JPG,0.4735814929008484,0.11678174883127213,0.8354429006576538,4.57763671875e-05,0.0,0.3529411852359772,0.9917280673980713,0.9917280673980713,0.0,none,none
D:\BTECH\PlantDiseaseProject\dataset\val\Tomato___Bacterial_spot\49c04c82-89d6-480e-96a3-d74a14b717b3___GCREC_Bact.Sp 3274.JPG,0.4325924813747406,0.12863291800022125,0.8553359508514404,1.52587890625e-05,0.0,0.38823533058166504,0.9999998807907104,0.9999998807907104,0.0,none,none
D:\BTECH\PlantDiseaseProject\dataset\val\Tomato___Bacterial_spot\4b3b4550-4629-4b5d-9b6a-5af474c6066e___GCREC_Bact.Sp 3850.JPG,0.4582844376564026,0.14074508845806122,0.8807622194290161,6.103515625e-05,0.0,0.4392157196998596,0.9999983310699463,0.9999985694885254,2.384185791015625e-07,clahe,none
D:\BTECH\PlantDiseaseProject\dataset\val\Tomato___Bacterial_spot\4ceb9395-b11a-4290-bfc4-db6afe8ad21e___UF.GRC_BS_Lab Leaf 0806.JPG,0.5295902490615845,0.09392569214105606,0.8190131783485413,0.0,4.57763671875e-05,0.30588236451148987,0.9999992847442627,0.9999992847442627,0.0,none,none
D:\BTECH\PlantDiseaseProject\dataset\val\Tomato___Bacterial_spot\4d0a8955-1ad3-4181-9d08-4bedf2cdc4b6___GCREC_Bact.Sp 3657.JPG,0.44528889656066895,0.10443345457315445,0.8349097371101379,0.0001373291015625,0.0,0.32549020648002625,0.9999973773956299,0.9999998807907104,2.5033950805664062e-06,clahe,none
D:\BTECH\PlantDiseaseProject\dataset\val\Tomato___Bacterial_spot\4d6779a3-148c-474f-b789-d43939a6d9cf___GCREC_Bact.Sp 5599.JPG,0.42595839500427246,0.12695275247097015,0.8574720621109009,0.000152587890625,0.0,0.38823533058166504,0.9385640025138855,0.99964439868927,0.06108039617538452,hist_eq,hist_eq
D:\BTECH\PlantDiseaseProject\dataset\val\Tomato___Bacterial_spot\4ee0ffd9-54fa-41d8-bbde-2a3e4fde35bb___UF.GRC_BS_Lab Leaf 9024.JPG,0.48670756816864014,0.10088659077882767,0.8314176201820374,0.0,0.0,0.3490196168422699,0.9999977350234985,0.9999977350234985,0.0,none,none
D:\BTECH\PlantDiseaseProject\dataset\val\Tomato___Bacterial_spot\4fba56f7-8e4d-4d30-bbdd-3db1ed111f61___GCREC_Bact.Sp 6062.JPG,0.3902361989021301,0.12760363519191742,0.8644073009490967,0.0,0.0,0.3921568989753723,1.0,1.0,0.0,none,none
D:\BTECH\PlantDiseaseProject\dataset\val\Tomato___Bacterial_spot\4fc4c293-30a0-4207-b880-603ad3afcbd8___GCREC_Bact.Sp 5931.JPG,0.42867767810821533,0.15609095990657806,0.8774886131286621,1.52587890625e-05,0.0,0.458823561668396,0.9999988079071045,0.9999992847442627,4.76837158203125e-07,clahe,none
D:\BTECH\PlantDiseaseProject\dataset\val\Tomato___Bacterial_spot\519d4cf8-cce5-47a8-b33e-39365fb0799f___GCREC_Bact.Sp 3844.JPG,0.43785983324050903,0.13732004165649414,0.8835605382919312,4.57763671875e-05,0.0,0.4431372880935669,0.9999991655349731,0.9999998807907104,7.152557373046875e-07,clahe,none
D:\BTECH\PlantDiseaseProject\dataset\val\Tomato___Bacterial_spot\538b69f4-6f98-4bd6-8da7-8f8448c8731b___GCREC_Bact.Sp 5775.JPG,0.4495660662651062,0.14758315682411194,0.879858136177063,4.57763671875e-05,0.0,0.44705885648727417,0.9999920129776001,0.9999949932098389,2.9802322387695312e-06,clahe,none
D:\BTECH\PlantDiseaseProject\dataset\val\Tomato___Bacterial_spot\5532512c-66c7-4abf-b192-741b104c39bc___GCREC_Bact.Sp 3542.JPG,0.4851202964782715,0.1339658945798874,0.8746522665023804,0.0001068115234375,0.0,0.4156862795352936,0.9999998807907104,1.0,1.1920928955078125e-07,clahe,none
D:\BTECH\PlantDiseaseProject\dataset\val\Tomato___Bacterial_spot\55ab0db9-5d18-4634-ab2a-db1a2c3f4299___UF.GRC_BS_Lab Leaf 1032.JPG,0.49731025099754333,0.1444493532180786,0.893844485282898,3.0517578125e-05,9.1552734375e-05,0.4274509847164154,0.9999974966049194,0.9999974966049194,0.0,none,none
D:\BTECH\PlantDiseaseProject\dataset\val\Tomato___Bacterial_spot\56625acf-1d7d-4505-be30-49076b8bc2cf___GCREC_Bact.Sp 3673.JPG,0.4808049499988556,0.11333415657281876,0.856351375579834,4.57763671875e-05,1.52587890625e-05,0.3607843220233917,0.9999992847442627,0.9999998807907104,5.960464477539062e-07,clahe,none
D:\BTECH\PlantDiseaseProject\dataset\val\Tomato___Bacterial_spot\5923581b-ce89-4844-bd6a-8e4826b8b059___GCREC_Bact.Sp 3234.JPG,0.455977201461792,0.14728331565856934,0.8563753366470337,0.0,0.0,0.4235294461250305,0.9999905824661255,0.9999991655349731,8.58306884765625e-06,clahe,none
D:\BTECH\PlantDiseaseProject\dataset\val\Tomato___Bacterial_spot\5a87c2e4-220b-4985-8dd7-8726c727467b___GCREC_Bact.Sp 3564.JPG,0.46129322052001953,0.08541586250066757,0.8070301413536072,3.0517578125e-05,0.0,0.2705882489681244,0.9981939196586609,0.9995099306106567,0.0013160109519958496,clahe,none
D:\BTECH\PlantDiseaseProject\dataset\val\Tomato___Bacterial_spot\5b247678-19af-4134-941e-de7bb39cee22___UF.GRC_BS_Lab Leaf 8800.JPG,0.5654595494270325,0.08561664819717407,0.7977948188781738,0.0001220703125,0.0,0.2666666805744171,0.9999724626541138,0.9999978542327881,2.5391578674316406e-05,clahe,none
D:\BTECH\PlantDiseaseProject\dataset\val\Tomato___Bacterial_spot\5b3d632e-acdb-4864-bae6-730306b44cd5___GCREC_Bact.Sp 3710.JPG,0.4582141935825348,0.11530745029449463,0.8614013195037842,7.62939453125e-05,0.0,0.3803921639919281,0.9999572038650513,0.9999572038650513,0.0,none,none
D:\BTECH\PlantDiseaseProject\dataset\val\Tomato___Bacterial_spot\5bba3a68-37a6-4378-b3d6-e10cb9ede01e___GCREC_Bact.Sp 6226.JPG,0.43182483315467834,0.16787147521972656,0.9052984714508057,0.0002288818359375,0.0,0.5137255191802979,0.9999997615814209,1.0,2.384185791015625e-07,clahe,none
D:\BTECH\PlantDiseaseProject\dataset\val\Tomato___Bacterial_spot\5c04a777-eb5c-4864-9c18-bc39d0c4dd2a___GCREC_Bact.Sp 5969.JPG,0.4132874608039856,0.11924093216657639,0.8438161611557007,0.0,0.0,0.36862748861312866,0.9999905824661255,0.9999905824661255,0.0,none,none
D:\BTECH\PlantDiseaseProject\dataset\val\Tomato___Bacterial_spot\5cf74b8f-2a3a-4141-8309-1c02f01ab444___GCREC_Bact.Sp 5967.JPG,0.4149754047393799,0.1355108767747879,0.853622555732727,0.0,0.0,0.3960784673690796,0.9999929666519165,0.9999934434890747,4.76837158203125e-07,gamma_bright,none
D:\BTECH\PlantDiseaseProject\dataset\val\Tomato___Bacterial_spot\5e258cf7-39d9-4f9e-9727-61401a3cb841___GCREC_Bact.Sp 5612.JPG,0.3988725543022156,0.1712796837091446,0.889850914478302,4.57763671875e-05,0.0,0.501960813999176,0.9999755620956421,0.9999997615814209,2.4199485778808594e-05,clahe,none
D:\BTECH\PlantDiseaseProject\dataset\val\Tomato___Bacterial_spot\5e6a7174-2bb9-4fc6-88a9-8df6589f11ea___GCREC_Bact.Sp 6020.JPG,0.4179131090641022,0.15084226429462433,0.8733600974082947,0.0002288818359375,0.0,0.4392157196998596,0.99998939037323,0.9999998807907104,1.049041748046875e-05,clahe,none
D:\BTECH\PlantDiseaseProject\dataset\val\Tomato___Bacterial_spot\5e802218-06bd-4542-b310-ca99753a5a83___GCREC_Bact.Sp 5933.JPG,0.4138161540031433,0.15496176481246948,0.8844454288482666,4.57763671875e-05,0.0,0.4784314036369324,1.0,1.0,0.0,none,none
D:\BTECH\PlantDiseaseProject\dataset\val\Tomato___Bacterial_spot\60095dac-7012-47a0-8697-eade683994c3___UF.GRC_BS_Lab Leaf 0273.JPG,0.5134347677230835,0.08729439973831177,0.8028925657272339,0.0001373291015625,0.0,0.25882354378700256,0.9998286962509155,0.999843955039978,1.52587890625e-05,gamma_bright,none
D:\BTECH\PlantDiseaseProject\dataset\val\Tomato___Bacterial_spot\604cb86e-6490-4cb4-b1f4-5cb57a5823ba___GCREC_Bact.Sp 3369.JPG,0.4675038754940033,0.14651083946228027,0.867202877998352,4.57763671875e-05,0.0,0.42352941632270813,1.0,1.0,0.0,none,none
D:\BTECH\PlantDiseaseProject\dataset\val\Tomato___Bacterial_spot\606ad875-f0db-4725-8b4d-d046b6a1405f___GCREC_Bact.Sp 6228.JPG,0.4583978056907654,0.14228011667728424,0.8931801319122314,0.000152587890625,0.0,0.4705882668495178,1.0,1.0,0.0,none,none
D:\BTECH\PlantDiseaseProject\dataset\val\Tomato___Bacterial_spot\655639ad-cd0d-457a-b53a-8e25886e4f55___GCREC_Bact.Sp 3099.JPG,0.455619215965271,0.11882050335407257,0.8499253392219543,0.0,0.0,0.3647059202194214,0.9997805953025818,0.9999724626541138,0.00019186735153198242,clahe,none
D:\BTECH\PlantDiseaseProject\dataset\val\Tomato___Bacterial_spot\66312db9-c9bd-4d47-9e63-f67d207a8540___GCREC_Bact.Sp 3282.JPG,0.441555380821228,0.12060987949371338,0.8348432779312134,0.0,0.0,0.3490196168422699,1.0,1.0,0.0,none,none
D:\BTECH\PlantDiseaseProject\dataset\val\Tomato___Bacterial_spot\67c8bbdb-ba79-4c64-897f-e9052728df45___GCREC_Bact.Sp 3008.JPG,0.4514278173446655,0.11060585826635361,0.81413733959198,3.0517578125e-05,0.0,0.3137255012989044,0.9998488426208496,0.9998488426208496,0.0,none,none
D:\BTECH\PlantDiseaseProject\dataset\val\Tomato___Bacterial_spot\6b463262-379a-4694-affa-1030a9f4c087___GCREC_Bact.Sp 3366.JPG,0.4411400854587555,0.14913217723369598,0.8683979511260986,1.52587890625e-05,0.0,0.43137258291244507,0.9999995231628418,1.0,4.76837158203125e-07,clahe,none
D:\BTECH\PlantDiseaseProject\dataset\val\Tomato___Bacterial_spot\6c60e843-43e5-4983-a406-a77b82d294e2___UF.GRC_BS_Lab Leaf 8811.JPG,0.5227249264717102,0.09870226681232452,0.8268225789070129,0.0002899169921875,0.0,0.29411765933036804,0.9999690055847168,0.9999898672103882,2.086162567138672e-05,clahe,none
D:\BTECH\PlantDiseaseProject\dataset\val\Tomato___Bacterial_spot\6cf3dccb-4d7d-430f-b49f-e18de33a65c2___UF.GRC_BS_Lab Leaf 1013.JPG,0.5010194182395935,0.1066134050488472,0.8461708426475525,0.0003204345703125,3.0517578125e-05,0.33725491166114807,0.9999555349349976,0.9999775886535645,2.205371856689453e-05,clahe,none
D:\BTECH\PlantDiseaseProject\dataset\val\Tomato___Bacterial_spot\6d223371-fa3d-496d-a583-cb521b7c203d___GCREC_Bact.Sp 3540.JPG,0.5259839296340942,0.1133129820227623,0.850125789642334,0.0,0.0,0.3764705955982208,0.999992847442627,0.9999997615814209,6.9141387939453125e-06,clahe,none
D:\BTECH\PlantDiseaseProject\dataset\val\Tomato___Bacterial_spot\6dc6ed46-c38b-4ebd-8985-80f83ebd709e___GCREC_Bact.Sp 2954.JPG,0.45940208435058594,0.11291906982660294,0.8480418920516968,1.52587890625e-05,0.0,0.35686275362968445,0.9999997615814209,1.0,2.384185791015625e-07,clahe,none
D:\BTECH\PlantDiseaseProject\dataset\val\Tomato___Bacterial_spot\6f825e2c-3ee2-4250-8c60-9ec3026d6a85___GCREC_Bact.Sp 3118.JPG,0.4546565115451813,0.1128356009721756,0.8365656137466431,1.52587890625e-05,0.0,0.34117648005485535,0.9999505281448364,0.9999828338623047,3.230571746826172e-05,hist_eq,none
D:\BTECH\PlantDiseaseProject\dataset\val\Tomato___Bacterial_spot\707dc081-60c2-4362-a91e-6c6eacf4d081___GCREC_Bact.Sp 5613.JPG,0.3572653532028198,0.14340569078922272,0.8702982068061829,3.0517578125e-05,0.0,0.458823561668396,0.9999991655349731,0.9999996423721313,4.76837158203125e-07,clahe,none
D:\BTECH\PlantDiseaseProject\dataset\val\Tomato___Bacterial_spot\72617b0d-a051-4296-a577-5cfd1539d1a9___GCREC_Bact.Sp 2960.JPG,0.47514134645462036,0.12557923793792725,0.8607258200645447,0.0003509521484375,0.0,0.40392157435417175,0.9999992847442627,1.0,7.152557373046875e-07,clahe,none
D:\BTECH\PlantDiseaseProject\dataset\val\Tomato___Bacterial_spot\72932bb6-a587-4a72-8e83-867e1a295c92___GCREC_Bact.Sp 3826.JPG,0.4238647520542145,0.11792287230491638,0.8530092239379883,0.0004425048828125,0.0,0.3764706254005432,0.9999992847442627,0.9999998807907104,5.960464477539062e-07,clahe,none
D:\BTECH\PlantDiseaseProject\dataset\val\Tomato___Bacterial_spot\7334e742-de72-4561-9b0d-cdd8bc3313e7___GCREC_Bact.Sp 3066.JPG,0.4451208710670471,0.12370163947343826,0.840193510055542,4.57763671875e-05,0.0,0.37254902720451355,0.9991580247879028,0.9999473094940186,0.0007892847061157227,hist_eq,none
D:\BTECH\PlantDiseaseProject\dataset\val\Tomato___Bacterial_spot\74dee6e6-3d6b-4906-9f8a-d148e8441eee___GCREC_Bact.Sp 3121.JPG,0.5219043493270874,0.12661013007164001,0.8513824939727783,0.0,0.0,0.37254902720451355,0.999998927116394,0.9999998807907104,9.5367431640625e-07,hist_eq,none
D:\BTECH\PlantDiseaseProject\dataset\val\Tomato___Bacterial_spot\75348d38-1c41-4798-89c9-b99660d937ef___GCREC_Bact.Sp 5602.JPG,0.44146597385406494,0.14229315519332886,0.8728774785995483,0.000244140625,0.0,0.43529415130615234,0.9774714112281799,0.9992412328720093,0.021769821643829346,clahe,clahe
D:\BTECH\PlantDiseaseProject\dataset\val\Tomato___Bacterial_spot\760d6620-5a8a-4566-92bf-8a3b5a8d81b2___GCREC_Bact.Sp 6188.JPG,0.45752808451652527,0.18128523230552673,0.9106351137161255,7.62939453125e-05,0.0,0.5411764979362488,0.9990572333335876,0.9998239874839783,0.000766754150390625,hist_eq,none
D:\BTECH\PlantDiseaseProject\dataset\val\Tomato___Bacterial_spot\7624a9cd-018d-467a-99f9-2255a27103a4___GCREC_Bact.Sp 3725.JPG,0.4241940975189209,0.13277052342891693,0.8786352872848511,4.57763671875e-05,0.0,0.41960787773132324,0.999998927116394,0.9999992847442627,3.5762786865234375e-07,gamma_bright,none
D:\BTECH\PlantDiseaseProject\dataset\val\Tomato___Bacterial_spot\7712359a-9f55-4d3a-8bb5-c123ebf1957e___GCREC_Bact.Sp 6022.JPG,0.40369361639022827,0.15791362524032593,0.8678379058837891,0.0002288818359375,0.0,0.4431372880935669,0.9999585151672363,0.9999980926513672,3.9577484130859375e-05,hist_eq,none
D:\BTECH\PlantDiseaseProject\dataset\val\Tomato___Bacterial_spot\78b53dfd-6959-49f2-99a3-b4baa586198d___GCREC_Bact.Sp 6324.JPG,0.4308314323425293,0.154741108417511,0.8999191522598267,0.000274658203125,0.0,0.4745098352432251,0.998699426651001,0.999996542930603,0.0012971162796020508,clahe,none
D:\BTECH\PlantDiseaseProject\dataset\val\Tomato___Bacterial_spot\797b134d-3511-4e24-8372-2a61507095af___GCREC_Bact.Sp 3143.JPG,0.44056636095046997,0.1441987156867981,0.8832708597183228,3.0517578125e-05,0.0,0.4392157196998596,0.9999998807907104,1.0,1.1920928955078125e-07,clahe,none
D:\BTECH\PlantDiseaseProject\dataset\val\Tomato___Bacterial_spot\79e4404c-59ae-4ea9-9655-9e942ab9d72c___GCREC_Bact.Sp 6060.JPG,0.40492525696754456,0.11683261394500732,0.8590729236602783,7.62939453125e-05,0.0,0.36862748861312866,1.0,1.0,0.0,none,none
D:\BTECH\PlantDiseaseProject\dataset\val\Tomato___Bacterial_spot\7a267eba-0898-4396-8df8-2434795bdf9b___GCREC_Bact.Sp 5879.JPG,0.42599594593048096,0.15473805367946625,0.8903595805168152,0.0,0.0,0.46274513006210327,0.9999349117279053,0.9999866485595703,5.173683166503906e-05,clahe,none
D:\BTECH\PlantDiseaseProject\dataset\val\Tomato___Bacterial_spot\7b5a767a-b17f-42a6-a809-233e5b857ff4___GCREC_Bact.Sp 5819.JPG,0.4570066034793854,0.1689317375421524,0.881472110748291,0.000152587890625,0.0,0.49803924560546875,0.9999974966049194,0.9999996423721313,2.1457672119140625e-06,clahe,none
D:\BTECH\PlantDiseaseProject\dataset\val\Tomato___Bacterial_spot\7b617326-7dad-416a-99cd-d825f1ea2ec3___GCREC_Bact.Sp 3236.JPG,0.42803794145584106,0.1357002705335617,0.8697173595428467,3.0517578125e-05,0.0,0.43137258291244507,0.9999765157699585,0.9999997615814209,2.3245811462402344e-05,clahe,none
D:\BTECH\PlantDiseaseProject\dataset\val\Tomato___Bacterial_spot\7bc2c7e3-01a8-441a-8aaa-b6cc95c4b17e___GCREC_Bact.Sp 3142.JPG,0.4099861979484558,0.12677955627441406,0.8614991903305054,0.0,0.0,0.38823533058166504,0.9999998807907104,1.0,1.1920928955078125e-07,clahe,none
D:\BTECH\PlantDiseaseProject\dataset\val\Tomato___Bacterial_spot\7ca28666-9325-4718-b10f-44d0fcd03a85___UF.GRC_BS_Lab Leaf 0807.JPG,0.47216325998306274,0.11279008537530899,0.8555396795272827,3.0517578125e-05,6.103515625e-05,0.3529411852359772,0.9999994039535522,0.9999994039535522,0.0,none,none
D:\BTECH\PlantDiseaseProject\dataset\val\Tomato___Bacterial_spot\7e423f77-2947-4e4e-9777-17a780996d39___GCREC_Bact.Sp 5600.JPG,0.43821772933006287,0.12434623390436172,0.8638287782669067,0.0001068115234375,0.0,0.40000003576278687,0.9997881054878235,0.999983549118042,0.00019544363021850586,clahe,none
D:\BTECH\PlantDiseaseProject\dataset\val\Tomato___Bacterial_spot\7e7479df-7aac-4b5f-9724-db28ca442a74___GCREC_Bact.Sp 3215.JPG,0.4326309561729431,0.15356792509555817,0.8655657172203064,7.62939453125e-05,0.0,0.4392157196998596,0.9999992847442627,0.9999998807907104,5.960464477539062e-07,clahe,none
D:\BTECH\PlantDiseaseProject\dataset\val\Tomato___Bacterial_spot\803dada3-6a01-491a-b743-b1bb21a9af6b___GCREC_Bact.Sp 6093.JPG,0.432158887386322,0.11210249364376068,0.8505637049674988,0.0,0.0,0.3686274588108063,0.9999994039535522,0.9999996423721313,2.384185791015625e-07,hist_eq,none
D:\BTECH\PlantDiseaseProject\dataset\val\Tomato___Bacterial_spot\804d4f72-ba6c-4de8-acac-3cfa3683ee81___GCREC_Bact.Sp 5575.JPG,0.42614299058914185,0.14107199013233185,0.8681284189224243,0.0,0.0,0.4549019932746887,0.15286339819431305,0.23533235490322113,0.08246895670890808,gamma_dark,gamma_dark
D:\BTECH\PlantDiseaseProject\dataset\val\Tomato___Bacterial_spot\81f185f5-2b41-4942-9e84-68886b771aa4___GCREC_Bact.Sp 3535.JPG,0.4546511173248291,0.1296137124300003,0.86448073387146,9.1552734375e-05,0.0,0.40392157435417175,0.9991297125816345,0.9999814033508301,0.0008516907691955566,hist_eq,none
D:\BTECH\PlantDiseaseProject\dataset\val\Tomato___Bacterial_spot\82aa438d-e17c-4756-8464-59d8c49497e9___GCREC_Bact.Sp 3245.JPG,0.4692448675632477,0.11174459010362625,0.8452346920967102,3.0517578125e-05,0.0,0.3529411852359772,0.8868706822395325,0.9995200634002686,0.11264938116073608,hist_eq,hist_eq
D:\BTECH\PlantDiseaseProject\dataset\val\Tomato___Bacterial_spot\83881fef-6772-4dea-9e3e-ec32f3ef5ee1___GCREC_Bact.Sp 5818.JPG,0.4287847876548767,0.13709110021591187,0.8735783100128174,4.57763671875e-05,0.0,0.4549019932746887,0.9999996423721313,0.9999996423721313,0.0,none,none
D:\BTECH\PlantDiseaseProject\dataset\val\Tomato___Bacterial_spot\84397079-5839-431e-97d1-9dfc144f1fff___UF.GRC_BS_Lab Leaf 0486.JPG,0.487637996673584,0.13350342214107513,0.8746212124824524,0.000152587890625,0.0,0.4274509847164154,0.9999992847442627,0.9999996423721313,3.5762786865234375e-07,gamma_bright,none
D:\BTECH\PlantDiseaseProject\dataset\val\Tomato___Bacterial_spot\855bbef5-e9fc-4c0c-b3cc-d9321fa9596e___GCREC_Bact.Sp 5947.JPG,0.40057218074798584,0.12665724754333496,0.8502009510993958,1.52587890625e-05,0.0,0.3764706254005432,0.9999966621398926,0.9999966621398926,0.0,none,none
D:\BTECH\PlantDiseaseProject\dataset\val\Tomato___Bacterial_spot\85b919f4-8fb1-45dc-9b78-71d89a65f4ac___GCREC_Bact.Sp 3849.JPG,0.4516269564628601,0.11209870129823685,0.8523145914077759,4.57763671875e-05,0.0,0.38431376218795776,0.9999998807907104,1.0,1.1920928955078125e-07,gamma_bright,none
D:\BTECH\PlantDiseaseProject\dataset\val\Tomato___Bacterial_spot\86501b42-94c0-4f0c-98de-f6a0364a5bf2___GCREC_Bact.Sp 6220.JPG,0.40977513790130615,0.17955444753170013,0.91944819688797,0.000213623046875,0.0,0.5607843399047852,0.9999964237213135,0.9999978542327881,1.430511474609375e-06,gamma_bright,none
D:\BTECH\PlantDiseaseProject\dataset\val\Tomato___Bacterial_spot\86561a43-33f2-4e52-bd0f-a6ed767feef6___GCREC_Bact.Sp 6255.JPG,0.4554712772369385,0.1277848333120346,0.868423581123352,0.0,0.0,0.43529415130615234,1.0,1.0,0.0,none,none
D:\BTECH\PlantDiseaseProject\dataset\val\Tomato___Bacterial_spot\86675a78-d635-447c-85c8-33c683d24092___GCREC_Bact.Sp 6058.JPG,0.42452287673950195,0.12861239910125732,0.8638287782669067,1.52587890625e-05,0.0,0.38823533058166504,0.9999990463256836,1.0,9.5367431640625e-07,clahe,none
D:\BTECH\PlantDiseaseProject\dataset\val\Tomato___Bacterial_spot\867065cd-2f2f-4937-8cf1-ac6aaa695fb6___GCREC_Bact.Sp 5918.JPG,0.4427335858345032,0.13038645684719086,0.8755332827568054,6.103515625e-05,0.0,0.4078431725502014,0.9999030828475952,0.9999756813049316,7.259845733642578e-05,hist_eq,none
D:\BTECH\PlantDiseaseProject\dataset\val\Tomato___Bacterial_spot\885267b9-f4e5-4005-97f4-2f527accb859___GCREC_Bact.Sp 3217.JPG,0.4216518998146057,0.15974968671798706,0.8821326494216919,0.0002593994140625,0.0,0.46274513006210327,0.9999954700469971,0.9999971389770508,1.6689300537109375e-06,clahe,none
D:\BTECH\PlantDiseaseProject\dataset\val\Tomato___Bacterial_spot\88cb990c-385b-4d79-89f4-f1a8698a2845___GCREC_Bact.Sp 5576.JPG,0.39928489923477173,0.1807427555322647,0.8902959823608398,0.000335693359375,0.0,0.529411792755127,0.9600736498832703,0.9864680767059326,0.026394426822662354,hist_eq,hist_eq
D:\BTECH\PlantDiseaseProject\dataset\val\Tomato___Bacterial_spot\88f636cd-922e-46b2-a630-200a002f3da3___GCREC_Bact.Sp 3000.JPG,0.4088030457496643,0.12767964601516724,0.8668561577796936,0.0,0.0,0.4078431725502014,1.0,1.0,0.0,none,none
D:\BTECH\PlantDiseaseProject\dataset\val\Tomato___Bacterial_spot\891189aa-f345-470c-91ad-509bae4bf611___GCREC_Bact.Sp 3277.JPG,0.4339717626571655,0.14724427461624146,0.8787051439285278,4.57763671875e-05,0.0,0.4392157196998596,0.9999995231628418,0.9999997615814209,2.384185791015625e-07,clahe,none
D:\BTECH\PlantDiseaseProject\dataset\val\Tomato___Bacterial_spot\892f8dc8-7076-46f4-84f4-a9d8c4546ab5___GCREC_Bact.Sp 3658.JPG,0.43959692120552063,0.1248445063829422,0.8703303933143616,7.62939453125e-05,0.0,0.40392160415649414,1.0,1.0,0.0,none,none
D:\BTECH\PlantDiseaseProject\dataset\val\Tomato___Bacterial_spot\89e634fd-a7e1-4e7e-8c95-cbdcd96dd381___GCREC_Bact.Sp 3721.JPG,0.47651365399360657,0.10914123803377151,0.8394798040390015,0.0,0.0,0.37254902720451355,0.9999998807907104,1.0,1.1920928955078125e-07,gamma_bright,none
D:\BTECH\PlantDiseaseProject\dataset\val\Tomato___Bacterial_spot\8a9a8f3a-945b-4921-87a2-2532654a0092___GCREC_Bact.Sp 6059.JPG,0.3770762085914612,0.12264202535152435,0.8524719476699829,3.0517578125e-05,0.0,0.38431376218795776,1.0,1.0,0.0,none,none
D:\BTECH\PlantDiseaseProject\dataset\val\Tomato___Bacterial_spot\8afd7ba7-45ef-4d35-ac46-4e5e0b83301f___GCREC_Bact.Sp 3711.JPG,0.4957851767539978,0.15261727571487427,0.8999133110046387,0.0001220703125,0.0,0.4784314036369324,0.9984548091888428,0.9984548091888428,0.0,none,none
D:\BTECH\PlantDiseaseProject\dataset\val\Tomato___Bacterial_spot\8bd2f1ec-3094-479f-9210-f7fba270922d___GCREC_Bact.Sp 6256.JPG,0.4683801531791687,0.14785444736480713,0.8965983390808105,1.52587890625e-05,0.0,0.4745098352432251,0.9999998807907104,0.9999998807907104,0.0,none,none
D:\BTECH\PlantDiseaseProject\dataset\val\Tomato___Bacterial_spot\8c556686-072a-4d3a-aad6-4e5534611f03___GCREC_Bact.Sp 5825.JPG,0.4196425676345825,0.15396669507026672,0.8821884393692017,0.0001068115234375,0.0,0.4705882668495178,0.9999128580093384,0.9999983310699463,8.547306060791016e-05,clahe,none
D:\BTECH\PlantDiseaseProject\dataset\val\Tomato___Bacterial_spot\8d5d586c-35ad-4cf2-99f7-a8d92f56a306___GCREC_Bact.Sp 3145.JPG,0.4199579656124115,0.13262693583965302,0.8821566104888916,1.52587890625e-05,0.0,0.4235294461250305,0.9999997615814209,1.0,2.384185791015625e-07,clahe,none
D:\BTECH\PlantDiseaseProject\dataset\val\Tomato___Bacterial_spot\8dbf81aa-7085-4707-9374-9be792a0fd4a___GCREC_Bact.Sp 3275.JPG,0.40855374932289124,0.12707720696926117,0.859887957572937,1.52587890625e-05,0.0,0.38431376218795776,0.9999943971633911,0.9999986886978149,4.291534423828125e-06,clahe,none
D:\BTECH\PlantDiseaseProject\dataset\val\Tomato___Bacterial_spot\8f5439b2-dd11-4410-a0c0-1446c13c30b5___GCREC_Bact.Sp 3448.JPG,0.43488603830337524,0.13030186295509338,0.8595552444458008,7.62939453125e-05,0.0,0.3921568989753723,0.9999998807907104,0.9999998807907104,0.0,none,none
D:\BTECH\PlantDiseaseProject\dataset\val\Tomato___Bacterial_spot\8fb90166-3c4a-4553-a920-54b529dbaf24___UF.GRC_BS_Lab Leaf 0271.JPG,0.45996057987213135,0.14576613903045654,0.876330554485321,0.0,0.0,0.4901961088180542,0.9999632835388184,0.9999632835388184,0.0,none,none
D:\BTECH\PlantDiseaseProject\dataset\val\Tomato___Bacterial_spot\9040e017-35a4-4f74-a327-7c7d6f20ef65___GCREC_Bact.Sp 5578.JPG,0.43059805035591125,0.19119954109191895,0.8869174718856812,0.0001068115234375,0.0,0.5411764979362488,0.9943621158599854,0.9990554451942444,0.004693329334259033,hist_eq,none
D:\BTECH\PlantDiseaseProject\dataset\val\Tomato___Bacterial_spot\917d2a35-8054-4088-9fd4-2d7d5c5f895c___GCREC_Bact.Sp 3264.JPG,0.3961825966835022,0.12696927785873413,0.8630101084709167,1.52587890625e-05,0.0,0.3960784673690796,1.0,1.0,0.0,none,none
D:\BTECH\PlantDiseaseProject\dataset\val\Tomato___Bacterial_spot\919da9f4-c9aa-4c11-a383-17fdc98876c0___GCREC_Bact.Sp 5809.JPG,0.41678518056869507,0.16429898142814636,0.8806847333908081,6.103515625e-05,0.0,0.4705882668495178,0.9999986886978149,0.9999997615814209,1.0728836059570312e-06,clahe,none
D:\BTECH\PlantDiseaseProject\dataset\val\Tomato___Bacterial_spot\91da720b-dc5c-4e35-8b74-50229a43f8be___GCREC_Bact.Sp 2956.JPG,0.486507773399353,0.11661282926797867,0.8362545967102051,0.0,0.0,0.3450980484485626,1.0,1.0,0.0,none,none
D:\BTECH\PlantDiseaseProject\dataset\val\Tomato___Bacterial_spot\927e4c4b-e6c6-41f1-aabb-255c624ae8f2___GCREC_Bact.Sp 3722.JPG,0.4580031633377075,0.12088175117969513,0.8649483919143677,0.0001373291015625,0.0,0.38823530077934265,0.9999932050704956,0.9999951124191284,1.9073486328125e-06,clahe,none
D:\BTECH\PlantDiseaseProject\dataset\val\Tomato___Bacterial_spot\92da1c91-9a0e-4124-b596-1a5bb9018048___GCREC_Bact.Sp 5611.JPG,0.39827677607536316,0.1657719612121582,0.885140061378479,7.62939453125e-05,0.0,0.4901961088180542,0.9999991655349731,0.9999997615814209,5.960464477539062e-07,clahe,none
D:\BTECH\PlantDiseaseProject\dataset\val\Tomato___Bacterial_spot\93f19f54-a7c0-4eed-b7d7-6acfe9e2a2d7___GCREC_Bact.Sp 5827.JPG,0.3933366537094116,0.1709447056055069,0.8965878486633301,0.000213623046875,0.0,0.501960813999176,0.9999839067459106,0.9999992847442627,1.537799835205078e-05,clahe,none
D:\BTECH\PlantDiseaseProject\dataset\val\Tomato___Bacterial_spot\942627c0-ec98-4b60-8e2e-520166b51d5e___UF.GRC_BS_Lab Leaf 0492.JPG,0.4968963861465454,0.09097649157047272,0.8126270174980164,6.103515625e-05,0.0,0.2823529541492462,0.9999918937683105,0.9999983310699463,6.4373016357421875e-06,clahe,none
D:\BTECH\PlantDiseaseProject\dataset\val\Tomato___Bacterial_spot\945f1d4c-7a9f-48e0-98a5-da3e2976077a___GCREC_Bact.Sp 3368.JPG,0.4461544156074524,0.13071057200431824,0.8636029958724976,0.0,0.0,0.40784314274787903,1.0,1.0,0.0,none,none
D:\BTECH\PlantDiseaseProject\dataset\val\Tomato___Bacterial_spot\9496a9b6-5474-4163-bfa0-2e3d25ca252d___GCREC_Bact.Sp 3489.JPG,0.3917079567909241,0.12488608807325363,0.8472214937210083,0.0,0.0,0.3764706254005432,0.9999998807907104,0.9999998807907104,0.0,none,none
D:\BTECH\PlantDiseaseProject\dataset\val\Tomato___Bacterial_spot\95665d23-88a6-4a4d-99d0-437c5b9a0505___GCREC_Bact.Sp 5614.JPG,0.3830242156982422,0.1650514155626297,0.8868201375007629,0.0001983642578125,0.0,0.4862745404243469,0.9999854564666748,0.9999963045120239,1.0848045349121094e-05,clahe,none
D:\BTECH\PlantDiseaseProject\dataset\val\Tomato___Bacterial_spot\962399bf-bc19-48a8-99b1-92b2963c2dcd___UF.GRC_BS_Lab Leaf 1074.JPG,0.4166024923324585,0.16273747384548187,0.8819280862808228,0.0001220703125,0.0,0.5176470875740051,0.9580605030059814,0.9580605030059814,0.0,none,none
D:\BTECH\PlantDiseaseProject\dataset\val\Tomato___Bacterial_spot\96e66b34-f4b6-40d7-9459-53fd4da64a9f___GCREC_Bact.Sp 5793.JPG,0.4177529215812683,0.14716002345085144,0.8776432275772095,0.0,0.0,0.46274513006210327,1.0,1.0,0.0,none,none
D:\BTECH\PlantDiseaseProject\dataset\val\Tomato___Bacterial_spot\9826cf0e-f124-4262-a994-b43027c2484a___GCREC_Bact.Sp 5781.JPG,0.4281828701496124,0.13452507555484772,0.8636385202407837,3.0517578125e-05,0.0,0.4078431725502014,0.9999997615814209,0.9999997615814209,0.0,none,none
D:\BTECH\PlantDiseaseProject\dataset\val\Tomato___Bacterial_spot\984f7f9e-23ff-4a33-979a-5580b3fc5146___GCREC_Bact.Sp 3846.JPG,0.4205954670906067,0.13321372866630554,0.8765443563461304,0.0003509521484375,0.0,0.4431372880935669,0.9999997615814209,1.0,2.384185791015625e-07,clahe,none
D:\BTECH\PlantDiseaseProject\dataset\val\Tomato___Bacterial_spot\98d7bfb4-4200-453f-8ebb-98019900a55c___GCREC_Bact.Sp 6201.JPG,0.4643611013889313,0.19051100313663483,0.9054808616638184,0.000152587890625,0.0,0.5490196347236633,0.9997264742851257,0.9999945163726807,0.00026804208755493164,clahe,none
D:\BTECH\PlantDiseaseProject\dataset\val\Tomato___Bacterial_spot\98df469d-20d0-4b6e-aae3-617473f3081f___GCREC_Bact.Sp 5792.JPG,0.42760273814201355,0.15701302886009216,0.8804812431335449,3.0517578125e-05,0.0,0.458823561668396,0.9999837875366211,0.99998939037323,5.602836608886719e-06,hist_eq,none
D:\BTECH\PlantDiseaseProject\dataset\val\Tomato___Bacterial_spot\9be85690-9fdb-4ddd-b007-686bc4074786___GCREC_Bact.Sp 5780.JPG,0.40415704250335693,0.12876823544502258,0.8638418912887573,0.0,0.0,0.40000003576278687,0.9999977350234985,0.9999994039535522,1.6689300537109375e-06,clahe,none
D:\BTECH\PlantDiseaseProject\dataset\val\Tomato___Bacterial_spot\9f7e3b19-dd2c-4e1f-b339-d0c180d2c453___GCREC_Bact.Sp 5810.JPG,0.3977504372596741,0.14513279497623444,0.8746518492698669,1.52587890625e-05,0.0,0.4431372880935669,0.9999998807907104,0.9999998807907104,0.0,none,none
D:\BTECH\PlantDiseaseProject\dataset\val\Tomato___Bacterial_spot\a0be793f-3831-4101-9142-69986edb313e___UF.GRC_BS_Lab Leaf 0801.JPG,0.5504089593887329,0.0788271352648735,0.7890838980674744,0.0,0.0,0.24705883860588074,0.9999995231628418,0.9999996423721313,1.1920928955078125e-07,clahe,none
D:\BTECH\PlantDiseaseProject\dataset\val\Tomato___Bacterial_spot\a1166af0-6310-46bc-99ed-14215a18eb18___GCREC_Bact.Sp 3625.JPG,0.39999428391456604,0.1308021992444992,0.8647068738937378,0.0003204345703125,0.0,0.41568630933761597,0.9999963045120239,0.9999995231628418,3.2186508178710938e-06,clahe,none
D:\BTECH\PlantDiseaseProject\dataset\val\Tomato___Bacterial_spot\a19a6fda-96bc-4ae1-821e-765518e86d00___GCREC_Bact.Sp 5844.JPG,0.4411839246749878,0.1585012674331665,0.8715690970420837,3.0517578125e-05,0.0,0.45098042488098145,0.9999994039535522,0.9999994039535522,0.0,none,none
D:\BTECH\PlantDiseaseProject\dataset\val\Tomato___Bacterial_spot\a23ea57b-2216-4d91-a89f-aa5312d0f24c___GCREC_Bact.Sp 3567.JPG,0.46455466747283936,0.1171722263097763,0.8582470417022705,9.1552734375e-05,0.0,0.3803921937942505,0.9999922513961792,0.9999933242797852,1.0728836059570312e-06,clahe,none
D:\BTECH\PlantDiseaseProject\dataset\val\Tomato___Bacterial_spot\a302713e-7881-418b-99af-7e4cae814f79___GCREC_Bact.Sp 3536.JPG,0.4356400668621063,0.12325558811426163,0.8678224086761475,0.0001068115234375,0.0,0.3960784673690796,0.9885411262512207,0.9998966455459595,0.01135551929473877,hist_eq,none
D:\BTECH\PlantDiseaseProject\dataset\val\Tomato___Bacterial_spot\a4b7b495-fe70-4c3e-9ab8-e9a290fdf87f___GCREC_Bact.Sp 5610.JPG,0.39783352613449097,0.159938246011734,0.8917925357818604,0.000274658203125,0.0,0.4901961088180542,0.9999816417694092,0.9999980926513672,1.6450881958007812e-05,clahe,none
D:\BTECH\PlantDiseaseProject\dataset\val\Tomato___Bacterial_spot\a4e1a90d-db92-47bf-8fa8-65e6d6c0780f___GCREC_Bact.Sp 5846.JPG,0.4281439781188965,0.14239844679832458,0.8698213696479797,0.0001220703125,0.0,0.4274510145187378,0.9999998807907104,0.9999998807907104,0.0,none,none
D:\BTECH\PlantDiseaseProject\dataset\val\Tomato___Bacterial_spot\a554c4d2-6eb9-438f-ae54-9477b0428ddf___GCREC_Bact.Sp 5570.JPG,0.38350123167037964,0.1804661601781845,0.8800396919250488,6.103515625e-05,0.0,0.5411764979362488,0.9999953508377075,0.9999997615814209,4.410743713378906e-06,clahe,none
D:\BTECH\PlantDiseaseProject\dataset\val\Tomato___Bacterial_spot\a5742cd1-e1a5-4967-a136-c9a2db864fe3___UF.GRC_BS_Lab Leaf 8982.JPG,0.4906945526599884,0.0876002088189125,0.8124104142189026,0.0,0.0,0.2823529541492462,0.999990701675415,0.9999934434890747,2.7418136596679688e-06,clahe,none
D:\BTECH\PlantDiseaseProject\dataset\val\Tomato___Bacterial_spot\a64426cf-07b4-492c-b1fa-e7368a8f0cb8___GCREC_Bact.Sp 5601.JPG,0.46042150259017944,0.1274210512638092,0.8565141558647156,7.62939453125e-05,0.0,0.40392160415649414,0.9999020099639893,0.9999821186065674,8.0108642578125e-05,clahe,none
D:\BTECH\PlantDiseaseProject\dataset\val\Tomato___Bacterial_spot\a658a5b1-c587-4757-81a8-a299b0944616___GCREC_Bact.Sp 6019.JPG,0.41430503129959106,0.16129234433174133,0.8705345392227173,7.62939453125e-05,0.0,0.458823561668396,0.9999943971633911,0.9999992847442627,4.887580871582031e-06,clahe,none
D:\BTECH\PlantDiseaseProject\dataset\val\Tomato___Bacterial_spot\a6c99119-aca8-43e0-bb73-5616aa205bbc___GCREC_Bact.Sp 5577.JPG,0.4134629964828491,0.1645561009645462,0.8911775350570679,1.52587890625e-05,0.0,0.4941176772117615,0.9519161581993103,0.9853428602218628,0.03342670202255249,hist_eq,hist_eq
D:\BTECH\PlantDiseaseProject\dataset\val\Tomato___Bacterial_spot\a75e41ac-5944-4698-876b-1d0716934982___GCREC_Bact.Sp 5970.JPG,0.41469085216522217,0.14398488402366638,0.8625780344009399,0.0,0.0,0.41568630933761597,0.9961611032485962,0.99928879737854,0.0031276941299438477,clahe,none
D:\BTECH\PlantDiseaseProject\dataset\val\Tomato___Bacterial_spot\a75edffc-d484-41ea-adb2-8808748a53db___GCREC_Bact.Sp 5608.JPG,0.3961659371852875,0.16173335909843445,0.8906238675117493,0.00042724609375,0.0,0.4862745404243469,0.9996253252029419,0.9999943971633911,0.00036907196044921875,clahe,none
D:\BTECH\PlantDiseaseProject\dataset\val\Tomato___Bacterial_spot\a9113641-1f7b-4f81-8bdb-56efadec1cb3___GCREC_Bact.Sp 6203.JPG,0.47023892402648926,0.1514505296945572,0.8959590196609497,1.52587890625e-05,0.0,0.4784314036369324,0.999562680721283,0.9999663829803467,0.0004037022590637207,clahe,none
D:\BTECH\PlantDiseaseProject\dataset\val\Tomato___Bacterial_spot\a9b91a6d-80e7-4234-9a0f-6298ba147a84___GCREC_Bact.Sp 3007.JPG,0.4005143940448761,0.10120157897472382,0.8052178025245667,0.0,0.0,0.30588236451148987,0.9994589686393738,0.9994589686393738,0.0,none,none
D:\BTECH\PlantDiseaseProject\dataset\val\Tomato___Bacterial_spot\ad286f63-30e7-4c14-87b3-9829fe00ec61___GCREC_Bact.Sp 5826.JPG,0.4342319965362549,0.1486273556947708,0.8855079412460327,0.0001220703125,0.0,0.458823561668396,0.9999806880950928,0.9999973773956299,1.6689300537109375e-05,clahe,none
D:\BTECH\PlantDiseaseProject\dataset\val\Tomato___Bacterial_spot\ad7c1b29-cdb8-413e-a726-fe3111ba2ca8___GCREC_Bact.Sp 3675.JPG,0.45422783493995667,0.12221623957157135,0.8673099279403687,6.103515625e-05,0.0,0.38431376218795776,0.9999992847442627,0.9999996423721313,3.5762786865234375e-07,clahe,none
D:\BTECH\PlantDiseaseProject\dataset\val\Tomato___Bacterial_spot\adbc2b10-162e-467a-86bb-403891fe4e4f___GCREC_Bact.Sp 3541.JPG,0.3828967809677124,0.09594166278839111,0.8253867030143738,1.52587890625e-05,0.0,0.33725494146347046,1.0,1.0,0.0,none,none
D:\BTECH\PlantDiseaseProject\dataset\val\Tomato___Bacterial_spot\ae471cad-5e5b-4325-a831-bdfe5c005cab___GCREC_Bact.Sp 6323.JPG,0.4577102065086365,0.15399014949798584,0.8825012445449829,0.0001220703125,0.0,0.46666669845581055,0.6976603269577026,0.9757891893386841,0.27812886238098145,clahe,clahe
D:\BTECH\PlantDiseaseProject\dataset\val\Tomato___Bacterial_spot\ae52258c-eaab-4794-b6d5-601544d2e792___UF.GRC_BS_Lab Leaf 1068.JPG,0.47095105051994324,0.1098007932305336,0.8534284830093384,0.0001068115234375,1.52587890625e-05,0.35686275362968445,0.9992936849594116,0.9992936849594116,0.0,none,none
D:\BTECH\PlantDiseaseProject\dataset\val\Tomato___Bacterial_spot\ae7425b4-aaae-44e0-ae8e-19623a66ed70___GCREC_Bact.Sp 2958.JPG,0.46512824296951294,0.1292574554681778,0.8591365218162537,0.0,0.0,0.3960784375667572,0.9999992847442627,0.9999997615814209,4.76837158203125e-07,hist_eq,none
D:\BTECH\PlantDiseaseProject\dataset\val\Tomato___Bacterial_spot\b0049dbf-cdef-4a85-b6e1-b37ed6bc4cfa___UF.GRC_BS_Lab Leaf 0696.JPG,0.5513381958007812,0.08440270274877548,0.7905265092849731,0.000274658203125,0.0,0.2705882489681244,0.9999152421951294,0.9999973773956299,8.213520050048828e-05,clahe,none
D:\BTECH\PlantDiseaseProject\dataset\val\Tomato___Bacterial_spot\b070b4e5-934e-4dc3-baf0-3f9419eecb86___GCREC_Bact.Sp 5648.JPG,0.40322980284690857,0.1937999278306961,0.9000604152679443,0.0002593994140625,0.0,0.5607843399047852,0.999971866607666,0.9999908208847046,1.895427703857422e-05,hist_eq,none
D:\BTECH\PlantDiseaseProject\dataset\val\Tomato___Bacterial_spot\b179b3d0-80cf-4dbf-9e88-b3e9b4a93b3b___GCREC_Bact.Sp 3659.JPG,0.49799540638923645,0.12898355722427368,0.87830650806427,9.1552734375e-05,0.0,0.41960784792900085,0.9999995231628418,0.9999995231628418,0.0,none,none
D:\BTECH\PlantDiseaseProject\dataset\val\Tomato___Bacterial_spot\b1dd4d7d-40ab-40bc-8246-5dabfac9dbd9___GCREC_Bact.Sp 3488.JPG,0.4213321805000305,0.14674293994903564,0.8659321665763855,0.0,0.0,0.4235294461250305,0.9999974966049194,0.9999977350234985,2.384185791015625e-07,clahe,none
D:\BTECH\PlantDiseaseProject\dataset\val\Tomato___Bacterial_spot\b2045ca9-7594-4ff9-a2ae-4faef86160ba___GCREC_Bact.Sp 5816.JPG,0.4311903119087219,0.15847696363925934,0.8733025789260864,7.62939453125e-05,0.0,0.458823561668396,0.9999997615814209,0.9999997615814209,0.0,none,none
D:\BTECH\PlantDiseaseProject\dataset\val\Tomato___Bacterial_spot\b2b3acc9-66f5-4451-9103-deaca3797430___GCREC_Bact.Sp 3446.JPG,0.40694546699523926,0.12136970460414886,0.8464348316192627,0.0,0.0,0.36862748861312866,0.9999997615814209,0.9999997615814209,0.0,none,none
D:\BTECH\PlantDiseaseProject\dataset\val\Tomato___Bacterial_spot\b34a1119-72d6-4c68-88f2-17ab64ee3457___GCREC_Bact.Sp 3101.JPG,0.455748975276947,0.13072678446769714,0.8431300520896912,0.0,0.0,0.3803921937942505,0.999998927116394,0.9999996423721313,7.152557373046875e-07,clahe,none
D:\BTECH\PlantDiseaseProject\dataset\val\Tomato___Bacterial_spot\b39d9edd-bcee-456c-b078-e3e286171114___GCREC_Bact.Sp 3656.JPG,0.44032949209213257,0.11540501564741135,0.8532601594924927,7.62939453125e-05,0.0,0.3686274588108063,0.9999985694885254,0.9999985694885254,0.0,none,none
D:\BTECH\PlantDiseaseProject\dataset\val\Tomato___Bacterial_spot\b5839236-fbe9-4b0d-b80e-9956f2018d64___UF.GRC_BS_Lab Leaf 0471.JPG,0.47370707988739014,0.08115115761756897,0.7961323261260986,0.00030517578125,0.0,0.250980406999588,0.9999902248382568,0.9999984502792358,8.225440979003906e-06,clahe,none
D:\BTECH\PlantDiseaseProject\dataset\val\Tomato___Bacterial_spot\b6d72c2e-9e41-4215-af23-8e84d94d839f___UF.GRC_BS_Lab Leaf 9065.JPG,0.5039411783218384,0.11767257750034332,0.8544809818267822,0.0,0.0,0.40784314274787903,0.8543294668197632,0.9558704495429993,0.10154098272323608,clahe,clahe
D:\BTECH\PlantDiseaseProject\dataset\val\Tomato___Bacterial_spot\b77be1e3-a6c2-44a9-848c-409fbf071e2c___GCREC_Bact.Sp 3824.JPG,0.4103183150291443,0.11529023945331573,0.8499245047569275,0.000274658203125,0.0,0.37254905700683594,0.9999861717224121,0.9999918937683105,5.7220458984375e-06,clahe,none
D:\BTECH\PlantDiseaseProject\dataset\val\Tomato___Bacterial_spot\b8682577-be6c-42a9-9d02-48300363e796___GCREC_Bact.Sp 3498.JPG,0.4988780617713928,0.15762268006801605,0.8948179483413696,4.57763671875e-05,0.0,0.4862745404243469,0.9999691247940063,0.9999982118606567,2.9087066650390625e-05,clahe,none
D:\BTECH\PlantDiseaseProject\dataset\val\Tomato___Bacterial_spot\ba08cd52-37f7-4d42-be7e-9bd8db9d1d66___GCREC_Bact.Sp 3661.JPG,0.3933928608894348,0.14218230545520782,0.8798885345458984,0.000518798828125,0.0,0.43529415130615234,0.9485366940498352,0.9958245754241943,0.04728788137435913,clahe,clahe
D:\BTECH\PlantDiseaseProject\dataset\val\Tomato___Bacterial_spot\bac40427-ce12-4369-8866-9e48e2f982da___GCREC_Bact.Sp 6092.JPG,0.4240024983882904,0.12481299042701721,0.8583577871322632,0.0,0.0,0.4078431725502014,0.9999914169311523,0.9999991655349731,7.748603820800781e-06,hist_eq,none
D:\BTECH\PlantDiseaseProject\dataset\val\Tomato___Bacterial_spot\bac8ed42-ef06-44b8-b8da-9947438c63df___GCREC_Bact.Sp 6094.JPG,0.41173702478408813,0.1514558047056198,0.8869418501853943,0.000244140625,0.0,0.458823561668396,0.9999983310699463,0.9999990463256836,7.152557373046875e-07,clahe,none
D:\BTECH\PlantDiseaseProject\dataset\val\Tomato___Bacterial_spot\badeca64-87ed-439a-b373-b4b872dbe173___GCREC_Bact.Sp 6219.JPG,0.4407312273979187,0.14236901700496674,0.8894150257110596,1.52587890625e-05,0.0,0.458823561668396,0.9999574422836304,0.9999574422836304,0.0,none,none
D:\BTECH\PlantDiseaseProject\dataset\val\Tomato___Bacterial_spot\bcffc5ba-6602-455f-a84c-eb0ad85672bc___UF.GRC_BS_Lab Leaf 0373.JPG,0.5393134355545044,0.10087361931800842,0.8196502327919006,1.52587890625e-05,0.0,0.3176470696926117,0.9999727010726929,0.9999849796295166,1.2278556823730469e-05,gamma_bright,none
D:\BTECH\PlantDiseaseProject\dataset\val\Tomato___Bacterial_spot\bd214fe7-7ed1-428e-ac09-c3ee84a9ba24___GCREC_Bact.Sp 5699.JPG,0.4223565459251404,0.17210663855075836,0.8872593641281128,9.1552734375e-05,0.0,0.501960813999176,0.9999946355819702,0.9999996423721313,5.0067901611328125e-06,hist_eq,none
D:\BTECH\PlantDiseaseProject\dataset\val\Tomato___Bacterial_spot\bd968a32-63e8-4f39-a379-c2e469622250___GCREC_Bact.Sp 3496.JPG,0.5031751394271851,0.16529208421707153,0.8874210119247437,1.52587890625e-05,0.0,0.4784314036369324,0.9993619322776794,0.999976396560669,0.000614464282989502,clahe,none
D:\BTECH\PlantDiseaseProject\dataset\val\Tomato___Bacterial_spot\bfd9caac-aa4c-4be2-91be-23f2ee32da9f___GCREC_Bact.Sp 5776.JPG,0.47170114517211914,0.1481994390487671,0.8733798265457153,7.62939453125e-05,0.0,0.4392157196998596,0.9999845027923584,0.999995231628418,1.0728836059570312e-05,hist_eq,none
D:\BTECH\PlantDiseaseProject\dataset\val\Tomato___Bacterial_spot\c0e3fc41-4d61-4a2d-a1e0-f5d658803182___GCREC_Bact.Sp 5975.JPG,0.3919914960861206,0.15381298959255219,0.8625744581222534,0.0,0.0,0.4392157196998596,1.0,1.0,0.0,none,none
D:\BTECH\PlantDiseaseProject\dataset\val\Tomato___Bacterial_spot\c1ca97a3-0701-4d1b-ab77-0a1d018d7886___GCREC_Bact.Sp 5609.JPG,0.4277724027633667,0.13711990416049957,0.8717486262321472,0.0002593994140625,0.0,0.43137258291244507,0.9997307658195496,0.9999926090240479,0.000261843204498291,clahe,none
D:\BTECH\PlantDiseaseProject\dataset\val\Tomato___Bacterial_spot\c23fe2f1-4b93-4e4e-b55e-215b4a922e5d___GCREC_Bact.Sp 5779.JPG,0.3959847092628479,0.14650408923625946,0.8521537184715271,0.0,0.0,0.4117647409439087,0.9999997615814209,0.9999997615814209,0.0,none,none
D:\BTECH\PlantDiseaseProject\dataset\val\Tomato___Bacterial_spot\c259d96b-d81c-4c2d-8885-8bef1e38dd24___GCREC_Bact.Sp 3283.JPG,0.4265524744987488,0.12023314088582993,0.8399407863616943,0.0,0.0,0.3490196466445923,1.0,1.0,0.0,none,none
D:\BTECH\PlantDiseaseProject\dataset\val\Tomato___Bacterial_spot\c2a9f434-879d-49f4-9491-0b5a970e43b5___GCREC_Bact.Sp 5934.JPG,0.402513712644577,0.16253578662872314,0.8916472792625427,0.0002899169921875,0.0,0.48235297203063965,1.0,1.0,0.0,none,none
D:\BTECH\PlantDiseaseProject\dataset\val\Tomato___Bacterial_spot\c2d782db-6a77-4ab8-bd0a-c0ca6c2bec7e___GCREC_Bact.Sp 3263.JPG,0.40727826952934265,0.12767581641674042,0.8587040901184082,6.103515625e-05,0.0,0.38431376218795776,0.9999918937683105,0.9999969005584717,5.0067901611328125e-06,clahe,none
D:\BTECH\PlantDiseaseProject\dataset\val\Tomato___Bacterial_spot\c2edceac-615e-499f-ba58-5e2c4d21597f___GCREC_Bact.Sp 5794.JPG,0.43106651306152344,0.16507750749588013,0.8787573575973511,0.0001220703125,0.0,0.46666669845581055,0.9999995231628418,0.9999995231628418,0.0,none,none
D:\BTECH\PlantDiseaseProject\dataset\val\Tomato___Bacterial_spot\c3d68df9-2312-4b85-8d14-47b06fe5d0d8___UF.GRC_BS_Lab Leaf 0374.JPG,0.5398482084274292,0.12065897136926651,0.8362914323806763,1.52587890625e-05,0.0,0.3803921639919281,0.9997501969337463,0.9997501969337463,0.0,none,none
D:\BTECH\PlantDiseaseProject\dataset\val\Tomato___Bacterial_spot\c3f278c8-3bf4-4837-91f1-2723a99a22d8___GCREC_Bact.Sp 6359.JPG,0.4135286808013916,0.11816853284835815,0.8640380501747131,0.0,0.0,0.38431376218795776,0.9999986886978149,0.9999998807907104,1.1920928955078125e-06,clahe,none
D:\BTECH\PlantDiseaseProject\dataset\val\Tomato___Bacterial_spot\c42bf2e8-ccff-4c88-aa15-8f64e2577173___UF.GRC_BS_Lab Leaf 9073.JPG,0.5779647827148438,0.1081528589129448,0.8163432478904724,0.0,0.0,0.30588236451148987,0.928392767906189,0.9693863391876221,0.040993571281433105,clahe,clahe
D:\BTECH\PlantDiseaseProject\dataset\val\Tomato___Bacterial_spot\c7fe1136-0450-42aa-801c-9485ba40cfc7___UF.GRC_BS_Lab Leaf 0376.JPG,0.447124183177948,0.11686335504055023,0.8516093492507935,0.0,0.0,0.35686275362968445,0.9998941421508789,0.9999556541442871,6.151199340820312e-05,hist_eq,none
D:\BTECH\PlantDiseaseProject\dataset\val\Tomato___Bacterial_spot\c8915550-70f9-43d9-b747-e7a70bec5d3f___GCREC_Bact.Sp 3009.JPG,0.4368821382522583,0.12320660799741745,0.8308214545249939,0.0,0.0,0.35294121503829956,0.9999042749404907,0.9999042749404907,0.0,none,none
D:\BTECH\PlantDiseaseProject\dataset\val\Tomato___Bacterial_spot\c95ec538-9ce6-4ed7-9ba8-224debe0ee64___UF.GRC_BS_Lab Leaf 0891.JPG,0.42179417610168457,0.11562848091125488,0.8549410104751587,0.0004425048828125,0.0,0.35294121503829956,0.9999959468841553,0.9999959468841553,0.0,none,none
D:\BTECH\PlantDiseaseProject\dataset\val\Tomato___Bacterial_spot\ca9d4e23-cd51-4912-b08e-0507546755b1___UF.GRC_BS_Lab Leaf 8802.JPG,0.6223803162574768,0.08993212133646011,0.7876119613647461,0.0002899169921875,0.0,0.24313727021217346,0.9990869760513306,0.9999719858169556,0.000885009765625,clahe,none
D:\BTECH\PlantDiseaseProject\dataset\val\Tomato___Bacterial_spot\cb496f19-8673-40dd-abe1-bff32695b2ab___UF.GRC_BS_Lab Leaf 0468.JPG,0.4793260395526886,0.1080334335565567,0.8282867670059204,0.000518798828125,0.0,0.3333333432674408,0.9999208450317383,0.9999816417694092,6.079673767089844e-05,clahe,none
D:\BTECH\PlantDiseaseProject\dataset\val\Tomato___Bacterial_spot\cc10d1bc-301a-4f99-85cb-94c73acfbeea___GCREC_Bact.Sp 3397.JPG,0.4335789978504181,0.15299294888973236,0.8866926431655884,3.0517578125e-05,0.0,0.4549019932746887,0.9999901056289673,0.9999997615814209,9.655952453613281e-06,clahe,none
D:\BTECH\PlantDiseaseProject\dataset\val\Tomato___Bacterial_spot\ccafbe60-2783-45b3-a73b-16f93a301cf5___GCREC_Bact.Sp 3395.JPG,0.4322601556777954,0.14093117415905,0.8833786845207214,3.0517578125e-05,0.0,0.4431372880935669,0.9999985694885254,0.9999998807907104,1.3113021850585938e-06,clahe,none
D:\BTECH\PlantDiseaseProject\dataset\val\Tomato___Bacterial_spot\cce9e2aa-2027-474d-9c58-e733ef5bbe17___GCREC_Bact.Sp 6061.JPG,0.37244677543640137,0.11849401891231537,0.8529654741287231,9.1552734375e-05,0.0,0.3921568989753723,1.0,1.0,0.0,none,none
D:\BTECH\PlantDiseaseProject\dataset\val\Tomato___Bacterial_spot\ccfdfe87-72ec-4b17-bd86-9f0bb242dfd5___GCREC_Bact.Sp 3367.JPG,0.44268912076950073,0.13854897022247314,0.8687481880187988,3.0517578125e-05,0.0,0.4117647409439087,0.9999991655349731,0.9999998807907104,7.152557373046875e-07,clahe,none
D:\BTECH\PlantDiseaseProject\dataset\val\Tomato___Bacterial_spot\cd14eb9f-28be-44fb-8687-a7469f5a88b8___GCREC_Bact.Sp 5740.JPG,0.3850654363632202,0.13718679547309875,0.8839666843414307,0.000335693359375,0.0,0.43529415130615234,0.7394149303436279,0.9865689277648926,0.24715399742126465,clahe,clahe
D:\BTECH\PlantDiseaseProject\dataset\val\Tomato___Bacterial_spot\cd36ac93-df2b-41f4-b29e-dd0be47114b7___GCREC_Bact.Sp 3674.JPG,0.4919701814651489,0.10372673720121384,0.8440778255462646,1.52587890625e-05,0.0,0.3333333432674408,0.9999992847442627,0.9999997615814209,4.76837158203125e-07,clahe,none
D:\BTECH\PlantDiseaseProject\dataset\val\Tomato___Bacterial_spot\cd4a85cb-1944-44e9-82f7-78f1365a46e0___GCREC_Bact.Sp 5817.JPG,0.46702781319618225,0.1730491667985916,0.8875752687454224,3.0517578125e-05,0.0,0.5137255191802979,0.9999961853027344,0.9999997615814209,3.5762786865234375e-06,clahe,none
D:\BTECH\PlantDiseaseProject\dataset\val\Tomato___Bacterial_spot\cdd9e76e-72f7-4fa7-93ed-d727691f7c80___UF.GRC_BS_Lab Leaf 1072.JPG,0.4539428949356079,0.12840384244918823,0.8568820953369141,1.52587890625e-05,0.0,0.44705885648727417,0.8584501147270203,0.8584501147270203,0.0,none,none
D:\BTECH\PlantDiseaseProject\dataset\val\Tomato___Bacterial_spot\cdf1e55c-7211-4a3e-9b1a-060689ff541c___GCREC_Bact.Sp 5586.JPG,0.38363170623779297,0.15546773374080658,0.8923912048339844,0.00018310546875,0.0,0.48235297203063965,0.999997615814209,0.9999996423721313,2.0265579223632812e-06,hist_eq,none
D:\BTECH\PlantDiseaseProject\dataset\val\Tomato___Bacterial_spot\ce71eb1e-cf9d-465b-adc2-15eb07c9e687___GCREC_Bact.Sp 3394.JPG,0.4212878346443176,0.1504473239183426,0.8797144889831543,6.103515625e-05,0.0,0.44705885648727417,0.9999990463256836,1.0,9.5367431640625e-07,clahe,none
D:\BTECH\PlantDiseaseProject\dataset\val\Tomato___Bacterial_spot\cef66036-f0d8-4ab8-898f-8269c2051331___UF.GRC_BS_Lab Leaf 9071.JPG,0.4743160605430603,0.09782668203115463,0.8281508684158325,0.0,0.0,0.3333333432674408,0.9934759736061096,0.9975550770759583,0.004079103469848633,clahe,none
D:\BTECH\PlantDiseaseProject\dataset\val\Tomato___Bacterial_spot\cf08a18e-375d-4f92-ac86-bd0e2f8f8dd2___GCREC_Bact.Sp 5808.JPG,0.4187556207180023,0.1666075885295868,0.8716819286346436,6.103515625e-05,0.0,0.4705882668495178,1.0,1.0,0.0,none,none
D:\BTECH\PlantDiseaseProject\dataset\val\Tomato___Bacterial_spot\cf155207-09bc-454e-a31b-0d469c9bb3d7___GCREC_Bact.Sp 2989.JPG,0.4630886912345886,0.1419857293367386,0.8624258041381836,6.103515625e-05,0.0,0.41960787773132324,0.9999966621398926,1.0,3.337860107421875e-06,clahe,none
D:\BTECH\PlantDiseaseProject\dataset\val\Tomato___Bacterial_spot\cfd1650b-7007-4916-a41f-9587d4bc4bfa___GCREC_Bact.Sp 5568.JPG,0.40277063846588135,0.16520491242408752,0.8815003633499146,1.52587890625e-05,0.0,0.5058823823928833,0.9999979734420776,1.0,2.0265579223632812e-06,clahe,none
D:\BTECH\PlantDiseaseProject\dataset\val\Tomato___Bacterial_spot\d00cf182-48a5-49c6-a092-a3e0044c0d05___GCREC_Bact.Sp 3001.JPG,0.4571365416049957,0.14209170639514923,0.8777287006378174,1.52587890625e-05,0.0,0.43137258291244507,1.0,1.0,0.0,none,none
D:\BTECH\PlantDiseaseProject\dataset\val\Tomato___Bacterial_spot\d1c0694d-0c25-41bf-9f19-64487795d52c___GCREC_Bact.Sp 5567.JPG,0.3633086085319519,0.16439273953437805,0.871178388595581,6.103515625e-05,0.0,0.48235297203063965,0.9999969005584717,0.9999995231628418,2.6226043701171875e-06,clahe,none
D:\BTECH\PlantDiseaseProject\dataset\val\Tomato___Bacterial_spot\d449e255-119a-44cb-844a-f187518e0fc2___GCREC_Bact.Sp 5701.JPG,0.43091678619384766,0.15932823717594147,0.8936561346054077,9.1552734375e-05,0.0,0.4901961088180542,0.999998927116394,0.9999992847442627,3.5762786865234375e-07,gamma_bright,none
D:\BTECH\PlantDiseaseProject\dataset\val\Tomato___Bacterial_spot\d4f3d9f0-b02e-4632-bf9d-6aefdcd4bae3___GCREC_Bact.Sp 3843.JPG,0.3996853232383728,0.1212834045290947,0.8538172841072083,4.57763671875e-05,0.0,0.3803921937942505,0.9999995231628418,0.9999997615814209,2.384185791015625e-07,clahe,none
D:\BTECH\PlantDiseaseProject\dataset\val\Tomato___Bacterial_spot\da471a01-eb1c-4b89-9b21-6dee2719c200___UF.GRC_BS_Lab Leaf 0495.JPG,0.5192304253578186,0.09620347619056702,0.7891351580619812,0.0,0.0,0.30588236451148987,0.9974186420440674,0.997752845287323,0.00033420324325561523,gamma_bright,none
D:\BTECH\PlantDiseaseProject\dataset\val\Tomato___Bacterial_spot\daa61ed9-a0bf-4533-841e-1a43633e86a1___GCREC_Bact.Sp 5649.JPG,0.40359726548194885,0.1520927995443344,0.8758975267410278,0.0,0.0,0.48235297203063965,0.9999995231628418,0.9999995231628418,0.0,none,none
D:\BTECH\PlantDiseaseProject\dataset\val\Tomato___Bacterial_spot\dbda016b-fd39-451d-82e5-08e42ea6bcda___GCREC_Bact.Sp 3285.JPG,0.4319424033164978,0.12138739973306656,0.8489939570426941,0.0,0.0,0.3607843518257141,0.9999998807907104,0.9999998807907104,0.0,none,none
D:\BTECH\PlantDiseaseProject\dataset\val\Tomato___Bacterial_spot\dc206acc-605b-4a85-a35b-44ce62f0ea7e___GCREC_Bact.Sp 6055.JPG,0.4141167402267456,0.12235613912343979,0.851132869720459,4.57763671875e-05,0.0,0.3647059202194214,0.9999996423721313,1.0,3.5762786865234375e-07,clahe,none
D:\BTECH\PlantDiseaseProject\dataset\val\Tomato___Bacterial_spot\dfc06cd2-243e-4704-ba23-a23a4ed02ca3___UF.GRC_BS_Lab Leaf 1035.JPG,0.48630407452583313,0.09868927299976349,0.8222118020057678,6.103515625e-05,0.0,0.32156863808631897,0.999992847442627,0.999992847442627,0.0,none,none
D:\BTECH\PlantDiseaseProject\dataset\val\Tomato___Bacterial_spot\dfc16b5b-67c4-4725-982f-c7282f514b38___GCREC_Bact.Sp 3100.JPG,0.4678395390510559,0.11798213422298431,0.8300986886024475,0.0,0.0,0.3450980484485626,0.99998939037323,0.9999978542327881,8.463859558105469e-06,clahe,none
D:\BTECH\PlantDiseaseProject\dataset\val\Tomato___Bacterial_spot\dfca025b-a6d9-431a-977e-4bd174daa3a1___GCREC_Bact.Sp 5948.JPG,0.447476863861084,0.13093164563179016,0.8589798212051392,0.0,0.0,0.38823530077934265,0.9998924732208252,0.9998924732208252,0.0,none,none
D:\BTECH\PlantDiseaseProject\dataset\val\Tomato___Bacterial_spot\dfce64d1-9954-4922-8beb-2681e2e6b896___GCREC_Bact.Sp 2961.JPG,0.48325031995773315,0.13721174001693726,0.8578260540962219,0.00018310546875,0.0,0.41960787773132324,0.999998927116394,0.9999995231628418,5.960464477539062e-07,clahe,none
D:\BTECH\PlantDiseaseProject\dataset\val\Tomato___Bacterial_spot\e0d1e45d-0a01-4d79-8766-11d842cc7155___UF.GRC_BS_Lab Leaf 8804.JPG,0.5014161467552185,0.09441700577735901,0.821816086769104,0.000152587890625,0.0,0.30588236451148987,0.9999620914459229,0.9999969005584717,3.4809112548828125e-05,clahe,none
D:\BTECH\PlantDiseaseProject\dataset\val\Tomato___Bacterial_spot\e0d9aef6-cce9-4ca0-9af6-ea44e9985cdf___GCREC_Bact.Sp 5847.JPG,0.411435604095459,0.17318010330200195,0.9012580513954163,0.000152587890625,0.0,0.5176470875740051,0.9999990463256836,0.9999996423721313,5.960464477539062e-07,hist_eq,none
D:\BTECH\PlantDiseaseProject\dataset\val\Tomato___Bacterial_spot\e2061420-56a2-4612-9ba9-1d9c40e7fd13___GCREC_Bact.Sp 5824.JPG,0.4096980094909668,0.16142356395721436,0.8820119500160217,3.0517578125e-05,0.0,0.46666669845581055,0.9999973773956299,0.9999995231628418,2.1457672119140625e-06,clahe,none
D:\BTECH\PlantDiseaseProject\dataset\val\Tomato___Bacterial_spot\e2941eab-3c1c-43a2-aa6d-5f3926da0568___GCREC_Bact.Sp 3495.JPG,0.4246026873588562,0.15157227218151093,0.8627984523773193,0.0,0.0,0.4431372880935669,0.9998102784156799,0.9998990297317505,8.875131607055664e-05,clahe,none
D:\BTECH\PlantDiseaseProject\dataset\val\Tomato___Bacterial_spot\e33fbdfb-6511-47b7-9dc2-afa294f3ba0e___UF.GRC_BS_Lab Leaf 1045.JPG,0.46510130167007446,0.10745035856962204,0.8441208600997925,0.000274658203125,9.1552734375e-05,0.3294117748737335,0.9999725818634033,0.9999725818634033,0.0,none,none
D:\BTECH\PlantDiseaseProject\dataset\val\Tomato___Bacterial_spot\e4097ba1-9edf-4f41-9c11-6dee42bd56b4___GCREC_Bact.Sp 2999.JPG,0.4494588375091553,0.14320901036262512,0.8754358887672424,0.0005340576171875,0.0,0.45098042488098145,0.9999994039535522,1.0,5.960464477539062e-07,clahe,none
D:\BTECH\PlantDiseaseProject\dataset\val\Tomato___Bacterial_spot\e4d01d54-df44-40ab-a6f9-74c9e0834998___GCREC_Bact.Sp 5950.JPG,0.3998401165008545,0.1434789001941681,0.8770747780799866,7.62939453125e-05,0.0,0.4274510145187378,0.9999053478240967,0.999945878982544,4.0531158447265625e-05,hist_eq,none
D:\BTECH\PlantDiseaseProject\dataset\val\Tomato___Bacterial_spot\e75acbf3-725b-4433-bc3e-542e0b931cf6___UF.GRC_BS_Lab Leaf 0474.JPG,0.5918558239936829,0.08236411213874817,0.7774580717086792,9.1552734375e-05,0.0,0.2352941334247589,0.999748170375824,0.9998832941055298,0.00013512372970581055,clahe,none
D:\BTECH\PlantDiseaseProject\dataset\val\Tomato___Bacterial_spot\e81ad1cc-7dd3-444e-a14e-80bd8a40b835___GCREC_Bact.Sp 3627.JPG,0.35873910784721375,0.15196692943572998,0.891083836555481,0.0003814697265625,0.0,0.46274513006210327,0.9999995231628418,0.9999998807907104,3.5762786865234375e-07,hist_eq,none
D:\BTECH\PlantDiseaseProject\dataset\val\Tomato___Bacterial_spot\e853c1a3-9134-47ab-a1c6-12ec9d35c0ca___GCREC_Bact.Sp 3723.JPG,0.451104998588562,0.09460313618183136,0.8253445625305176,0.0,0.0,0.3176470696926117,1.0,1.0,0.0,none,none
D:\BTECH\PlantDiseaseProject\dataset\val\Tomato___Bacterial_spot\e8fa0ef6-3af0-4cb1-b22b-0fe913ec014a___UF.GRC_BS_Lab Leaf 0277.JPG,0.48690861463546753,0.10956932604312897,0.8066924810409546,0.0,0.0,0.35686275362968445,0.9999402761459351,0.9999402761459351,0.0,none,none
D:\BTECH\PlantDiseaseProject\dataset\val\Tomato___Bacterial_spot\e928ca07-1757-4734-a146-b18176167cf9___GCREC_Bact.Sp 3709.JPG,0.516298770904541,0.13347084820270538,0.864844560623169,9.1552734375e-05,0.0,0.4117647111415863,0.9997643828392029,0.9998418092727661,7.742643356323242e-05,clahe,none
D:\BTECH\PlantDiseaseProject\dataset\val\Tomato___Bacterial_spot\e93d0422-f01b-46bf-baf6-6ec104b7a7c4___GCREC_Bact.Sp 3663.JPG,0.4081595242023468,0.11814948916435242,0.8541207313537598,0.0001373291015625,0.0,0.3803921937942505,0.9994468092918396,0.9997726082801819,0.00032579898834228516,clahe,none
D:\BTECH\PlantDiseaseProject\dataset\val\Tomato___Bacterial_spot\e9d62efe-fb3b-4b34-8c9f-7c0f067f1daa___UF.GRC_BS_Lab Leaf 8983.JPG,0.5327675342559814,0.08992263674736023,0.8136745691299438,0.0,0.0,0.27843138575553894,0.999958872795105,0.9999806880950928,2.181529998779297e-05,clahe,none
D:\BTECH\PlantDiseaseProject\dataset\val\Tomato___Bacterial_spot\ea5724f3-d1ff-4a32-b679-b08bdfc9b997___GCREC_Bact.Sp 3662.JPG,0.4259862005710602,0.1269429326057434,0.8712058663368225,0.00018310546875,0.0,0.4078431725502014,0.9972737431526184,0.9996567964553833,0.0023830533027648926,clahe,none
D:\BTECH\PlantDiseaseProject\dataset\val\Tomato___Bacterial_spot\ea62b5e0-7ccf-4ec5-b103-16206214caaa___GCREC_Bact.Sp 6253.JPG,0.46009206771850586,0.14258421957492828,0.8679354786872864,0.0,0.0,0.4235294461250305,1.0,1.0,0.0,none,none
D:\BTECH\PlantDiseaseProject\dataset\val\Tomato___Bacterial_spot\eabeca07-9aa1-431a-92eb-be617775811d___UF.GRC_BS_Lab Leaf 0460.JPG,0.5057100057601929,0.08381987363100052,0.7779555320739746,0.0006103515625,0.0,0.2705882489681244,0.9999969005584717,0.9999996423721313,2.7418136596679688e-06,clahe,none
D:\BTECH\PlantDiseaseProject\dataset\val\Tomato___Bacterial_spot\eb69cd1d-ab61-44cf-b8d0-2e6317fd3043___GCREC_Bact.Sp 2998.JPG,0.4478302299976349,0.11818955093622208,0.834344744682312,1.52587890625e-05,0.0,0.3529411852359772,1.0,1.0,0.0,none,none
D:\BTECH\PlantDiseaseProject\dataset\val\Tomato___Bacterial_spot\eba8000b-ecbc-4417-bc21-67c7e4dd8c8d___GCREC_Bact.Sp 5916.JPG,0.41825008392333984,0.1309746652841568,0.8583284616470337,3.0517578125e-05,0.0,0.40000003576278687,0.9999793767929077,0.9999943971633911,1.5020370483398438e-05,clahe,none
D:\BTECH\PlantDiseaseProject\dataset\val\Tomato___Bacterial_spot\ec84b7c0-20c8-4b60-9389-a0dbef553184___GCREC_Bact.Sp 6361.JPG,0.40918293595314026,0.12010682374238968,0.8659355640411377,0.0001068115234375,0.0,0.38431376218795776,0.9999997615814209,0.9999998807907104,1.1920928955078125e-07,clahe,none
D:\BTECH\PlantDiseaseProject\dataset\val\Tomato___Bacterial_spot\ed17ee54-fc7b-43a7-8945-c8ddc3b4dfdb___GCREC_Bact.Sp 5741.JPG,0.36611729860305786,0.12176449596881866,0.8658266067504883,0.0002593994140625,0.0,0.3960784673690796,0.9972039461135864,0.9996392726898193,0.00243532657623291,hist_eq,none
D:\BTECH\PlantDiseaseProject\dataset\val\Tomato___Bacterial_spot\edcbb73e-46f6-4798-bcdd-7c4477b6b9cf___GCREC_Bact.Sp 3214.JPG,0.39723825454711914,0.15191379189491272,0.8664200901985168,0.0,0.0,0.43137258291244507,0.9999980926513672,0.9999988079071045,7.152557373046875e-07,clahe,none
D:\BTECH\PlantDiseaseProject\dataset\val\Tomato___Bacterial_spot\ee58fac2-fc57-4c63-a65b-ede727cf1d43___UF.GRC_BS_Lab Leaf 0809.JPG,0.5324508547782898,0.12874941527843475,0.8512556552886963,0.0,4.57763671875e-05,0.46274513006210327,0.9999955892562866,0.9999955892562866,0.0,none,none
D:\BTECH\PlantDiseaseProject\dataset\val\Tomato___Bacterial_spot\efd6193d-7d5b-4207-999d-2aeb08cd64e2___GCREC_Bact.Sp 5739.JPG,0.41986507177352905,0.13991816341876984,0.8742728233337402,0.000152587890625,0.0,0.41960787773132324,0.9992755055427551,0.9998310804367065,0.000555574893951416,clahe,none
D:\BTECH\PlantDiseaseProject\dataset\val\Tomato___Bacterial_spot\f0256cb3-6072-453f-9230-2ab16c2db646___GCREC_Bact.Sp 6303.JPG,0.42593422532081604,0.16931723058223724,0.9117458462715149,4.57763671875e-05,0.0,0.5137255191802979,0.9999995231628418,1.0,4.76837158203125e-07,hist_eq,none
D:\BTECH\PlantDiseaseProject\dataset\val\Tomato___Bacterial_spot\f073c2a6-ac26-49d4-a76d-049abbdb2cfa___GCREC_Bact.Sp 3067.JPG,0.46489256620407104,0.13037297129631042,0.8573602437973022,1.52587890625e-05,0.0,0.3960784673690796,0.998528003692627,0.9999212026596069,0.0013931989669799805,clahe,none
D:\BTECH\PlantDiseaseProject\dataset\val\Tomato___Bacterial_spot\f0765e3f-e21f-4b0f-ae02-0ac9de9cfb0e___GCREC_Bact.Sp 3825.JPG,0.4615415334701538,0.1001788079738617,0.8163961172103882,0.0,0.0,0.30980393290519714,0.9999998807907104,0.9999998807907104,0.0,none,none
D:\BTECH\PlantDiseaseProject\dataset\val\Tomato___Bacterial_spot\f0ca9507-49d2-4f37-8006-a954cdfe5759___GCREC_Bact.Sp 5584.JPG,0.40533795952796936,0.15556780993938446,0.8963930606842041,9.1552734375e-05,0.0,0.4784314036369324,0.9999731779098511,0.9999966621398926,2.3484230041503906e-05,clahe,none
D:\BTECH\PlantDiseaseProject\dataset\val\Tomato___Bacterial_spot\f14581e5-cc67-403d-a4f3-7f0be31b4899___GCREC_Bact.Sp 3497.JPG,0.40886402130126953,0.14143064618110657,0.8837639093399048,1.52587890625e-05,0.0,0.4705882668495178,0.99991774559021,0.999974250793457,5.650520324707031e-05,clahe,none
D:\BTECH\PlantDiseaseProject\dataset\val\Tomato___Bacterial_spot\f26ada25-77e0-4439-9cdc-b833b57e1053___GCREC_Bact.Sp 5978.JPG,0.42311838269233704,0.17677855491638184,0.8733745217323303,1.52587890625e-05,0.0,0.4941176772117615,0.9999986886978149,0.9999998807907104,1.1920928955078125e-06,clahe,none
D:\BTECH\PlantDiseaseProject\dataset\val\Tomato___Bacterial_spot\f2fbcaa9-66a4-4937-a531-bfbe1a8956d1___GCREC_Bact.Sp 6091.JPG,0.47005900740623474,0.12195122241973877,0.8540195822715759,0.0001068115234375,0.0,0.3686274588108063,0.9999949932098389,0.9999992847442627,4.291534423828125e-06,hist_eq,none
D:\BTECH\PlantDiseaseProject\dataset\val\Tomato___Bacterial_spot\f310847c-4d60-4212-babd-43d216cc8f88___UF.GRC_BS_Lab Leaf 0998.JPG,0.43450433015823364,0.09873601794242859,0.8210911750793457,0.000244140625,0.0,0.3137255311012268,0.9999423027038574,0.9999703168869019,2.8014183044433594e-05,clahe,none
D:\BTECH\PlantDiseaseProject\dataset\val\Tomato___Bacterial_spot\f3254462-bebf-48bc-84ce-93f88fddefe4___GCREC_Bact.Sp 6302.JPG,0.436639666557312,0.14219385385513306,0.8796982765197754,0.0,0.0,0.4392157196998596,0.9999997615814209,0.9999998807907104,1.1920928955078125e-07,clahe,none
D:\BTECH\PlantDiseaseProject\dataset\val\Tomato___Bacterial_spot\f3973c52-56d8-49e7-aded-746189374eb8___GCREC_Bact.Sp 3242.JPG,0.4912223219871521,0.10454052686691284,0.830606997013092,0.0,0.0,0.3294117748737335,0.9977778792381287,0.9998408555984497,0.002062976360321045,clahe,none
D:\BTECH\PlantDiseaseProject\dataset\val\Tomato___Bacterial_spot\f4f094d0-b879-4352-adf1-c9f9b8303881___GCREC_Bact.Sp 3539.JPG,0.39648300409317017,0.12026433646678925,0.8517975807189941,0.0002899169921875,0.0,0.37254905700683594,0.9999992847442627,0.9999997615814209,4.76837158203125e-07,gamma_bright,none
D:\BTECH\PlantDiseaseProject\dataset\val\Tomato___Bacterial_spot\f4f56f28-479b-4e71-afb2-210e668a411e___GCREC_Bact.Sp 3537.JPG,0.4311576187610626,0.10483548790216446,0.8414061665534973,7.62939453125e-05,0.0,0.35686275362968445,0.9997923970222473,0.9999955892562866,0.00020319223403930664,clahe,none
D:\BTECH\PlantDiseaseProject\dataset\val\Tomato___Bacterial_spot\f68ccc94-dbbb-43e3-a7fb-c298c0f5830c___GCREC_Bact.Sp 6057.JPG,0.42180633544921875,0.1115897074341774,0.8485921621322632,4.57763671875e-05,0.0,0.3490196466445923,0.9999997615814209,1.0,2.384185791015625e-07,clahe,none
D:\BTECH\PlantDiseaseProject\dataset\val\Tomato___Bacterial_spot\f880355a-9e96-41a3-9e66-79d498dc6d61___GCREC_Bact.Sp 3823.JPG,0.43358081579208374,0.1034616231918335,0.8320341110229492,6.103515625e-05,0.0,0.3333333432674408,0.9999997615814209,1.0,2.384185791015625e-07,clahe,none
D:\BTECH\PlantDiseaseProject\dataset\val\Tomato___Bacterial_spot\f92bb674-d3ff-480e-aa28-53d227491d95___GCREC_Bact.Sp 5949.JPG,0.4215949475765228,0.12924936413764954,0.8588424921035767,1.52587890625e-05,0.0,0.3921568989753723,0.9999964237213135,0.9999964237213135,0.0,none,none
D:\BTECH\PlantDiseaseProject\dataset\val\Tomato___Bacterial_spot\f9fc3cdb-7205-4898-ae4d-0125ffab1066___GCREC_Bact.Sp 5917.JPG,0.4091815948486328,0.1396135538816452,0.8866931200027466,0.000244140625,0.0,0.4392157196998596,0.9949485063552856,0.9963233470916748,0.0013748407363891602,gamma_bright,none
D:\BTECH\PlantDiseaseProject\dataset\val\Tomato___Bacterial_spot\fa0a336a-ddda-4571-9fad-d0331280640a___GCREC_Bact.Sp 3845.JPG,0.4186519980430603,0.09929569810628891,0.8307280540466309,0.0,0.0,0.34117648005485535,1.0,1.0,0.0,none,none
D:\BTECH\PlantDiseaseProject\dataset\val\Tomato___Bacterial_spot\fb636130-5e9f-4a7b-b6f6-590e0808bfe6___UF.GRC_BS_Lab Leaf 0890.JPG,0.49230870604515076,0.09726037085056305,0.8280051350593567,0.0002593994140625,1.52587890625e-05,0.3019607961177826,0.9999974966049194,0.9999974966049194,0.0,none,none
D:\BTECH\PlantDiseaseProject\dataset\val\Tomato___Bacterial_spot\fc48610a-675f-4fdf-998d-5d877c909550___GCREC_Bact.Sp 2959.JPG,0.4654964804649353,0.14449858665466309,0.8789554834365845,0.0001068115234375,0.0,0.45098042488098145,0.9999984502792358,0.9999998807907104,1.430511474609375e-06,clahe,none
D:\BTECH\PlantDiseaseProject\dataset\val\Tomato___Bacterial_spot\fd98f535-7c9d-497c-8d77-3f12d0dc85bb___GCREC_Bact.Sp 3243.JPG,0.4704189896583557,0.10530620068311691,0.8352357149124146,3.0517578125e-05,0.0,0.3450980484485626,0.99979168176651,0.9999904632568359,0.00019878149032592773,clahe,none
D:\BTECH\PlantDiseaseProject\dataset\val\Tomato___Bacterial_spot\fdcb5a83-89e0-4d50-9460-28f36237e91d___GCREC_Bact.Sp 5742.JPG,0.3954578638076782,0.13073889911174774,0.8733919262886047,0.0002288818359375,0.0,0.4117647409439087,0.99937504529953,0.999967098236084,0.0005920529365539551,clahe,none
D:\BTECH\PlantDiseaseProject\dataset\val\Tomato___Bacterial_spot\fe5de322-e644-44d7-9492-86cc6ed022b5___UF.GRC_BS_Lab Leaf 9072.JPG,0.5892293453216553,0.09114474803209305,0.8043186664581299,0.0,0.0,0.30588236451148987,0.9960103034973145,0.9986518025398254,0.0026414990425109863,clahe,none
D:\BTECH\PlantDiseaseProject\dataset\val\Tomato___Bacterial_spot\fe95468b-717b-4a28-ba8d-dfb156a93a0e___GCREC_Bact.Sp 6216.JPG,0.40976086258888245,0.1477501392364502,0.8947186470031738,0.0001373291015625,0.0,0.4745098352432251,0.9999282360076904,0.9999467134475708,1.8477439880371094e-05,gamma_bright,none
D:\BTECH\PlantDiseaseProject\dataset\val\Tomato___Bacterial_spot\ffbff5e5-6c0a-4005-9974-1cb6ac61b4c9___UF.GRC_BS_Lab Leaf 1108.JPG,0.49745795130729675,0.14152881503105164,0.8360239267349243,0.0012359619140625,0.0,0.5372549295425415,0.9983641505241394,0.9984046816825867,4.0531158447265625e-05,gamma_dark,none
D:\BTECH\PlantDiseaseProject\dataset\val\Tomato___Early_blight\00e7c4b2-3005-4558-9cfa-235e356cb7a8___RS_Erly.B 7844.JPG,0.5098456144332886,0.20402269065380096,0.9058787226676941,0.0204010009765625,0.0001678466796875,0.7019608020782471,0.998863697052002,0.9994039535522461,0.0005402565002441406,gamma_bright,none
D:\BTECH\PlantDiseaseProject\dataset\val\Tomato___Early_blight\05fab431-cc13-4d6d-b4e1-912e0059c7c1___RS_Erly.B 8349.JPG,0.4481063783168793,0.2352772355079651,0.9256650805473328,0.00421142578125,0.0001068115234375,0.7058823704719543,0.9999914169311523,0.9999926090240479,1.1920928955078125e-06,gamma_dark,none
D:\BTECH\PlantDiseaseProject\dataset\val\Tomato___Early_blight\070679a9-27e1-4e6e-8072-29f3750d525b___RS_Erly.B 6439.JPG,0.4477437138557434,0.12804414331912994,0.855463981628418,0.0001068115234375,0.0,0.4274510145187378,0.9999922513961792,0.9999954700469971,3.2186508178710938e-06,gamma_bright,none
D:\BTECH\PlantDiseaseProject\dataset\val\Tomato___Early_blight\07502bbb-1733-4d49-a3dc-557b1d4391da___RS_Erly.B 7516.JPG,0.4428657293319702,0.13657152652740479,0.8828082084655762,0.0,0.0,0.4235294461250305,0.9999287128448486,0.9999746084213257,4.589557647705078e-05,gamma_dark,none
D:\BTECH\PlantDiseaseProject\dataset\val\Tomato___Early_blight\079e0d43-e9d2-4217-b8e8-2f3b989cdab2___RS_Erly.B 7588.JPG,0.4506579339504242,0.17963829636573792,0.9171228408813477,0.000152587890625,0.0,0.5607843399047852,0.9999997615814209,1.0,2.384185791015625e-07,gamma_dark,none
D:\BTECH\PlantDiseaseProject\dataset\val\Tomato___Early_blight\0abc57ec-7f3b-482a-8579-21f3b2fb780b___RS_Erly.B 7609.JPG,0.4258646070957184,0.11123833805322647,0.8440648913383484,0.0001220703125,0.0,0.35294121503829956,0.9712759256362915,0.9923872947692871,0.021111369132995605,gamma_bright,gamma_bright
D:\BTECH\PlantDiseaseProject\dataset\val\Tomato___Early_blight\0cd2270f-87f8-45b5-a4af-19fa34b2acaa___RS_Erly.B 9567.JPG,0.4653671979904175,0.20051291584968567,0.9216799736022949,0.0001220703125,0.0,0.6352941393852234,0.9999938011169434,0.9999938011169434,0.0,none,none
D:\BTECH\PlantDiseaseProject\dataset\val\Tomato___Early_blight\0d5f65a3-b32f-4565-b63a-c6da73c1322b___RS_Erly.B 8310.JPG,0.5174826979637146,0.20097264647483826,0.9300190806388855,0.0008544921875,0.0001220703125,0.6274510025978088,0.9999297857284546,0.9999297857284546,0.0,none,none
D:\BTECH\PlantDiseaseProject\dataset\val\Tomato___Early_blight\10a46a0b-debe-49f9-8562-c7c81855160e___RS_Erly.B 6339.JPG,0.3548070192337036,0.12602192163467407,0.8624221682548523,9.1552734375e-05,0.0,0.3803921937942505,0.9999852180480957,0.9999947547912598,9.5367431640625e-06,gamma_dark,none
D:\BTECH\PlantDiseaseProject\dataset\val\Tomato___Early_blight\11922494-321b-4742-afbe-f6db6a8b4005___RS_Erly.B 9392.JPG,0.49972349405288696,0.23810039460659027,0.9520069360733032,0.0146942138671875,0.000946044921875,0.7333333492279053,0.9941906929016113,0.9941906929016113,0.0,none,none
D:\BTECH\PlantDiseaseProject\dataset\val\Tomato___Early_blight\164f6427-eeed-42da-bb51-ec07a57840dc___RS_Erly.B 9372.JPG,0.49047672748565674,0.2443765103816986,0.941069483757019,0.0237274169921875,6.103515625e-05,0.7607843279838562,0.9999526739120483,0.9999703168869019,1.7642974853515625e-05,gamma_dark,none
D:\BTECH\PlantDiseaseProject\dataset\val\Tomato___Early_blight\16d79bd2-5c70-4e6b-a52a-0c578b501d04___RS_Erly.B 6446.JPG,0.443271666765213,0.12039956450462341,0.8364546298980713,0.0001678466796875,0.0,0.36862748861312866,0.9997584223747253,0.9998660087585449,0.00010758638381958008,gamma_bright,none
D:\BTECH\PlantDiseaseProject\dataset\val\Tomato___Early_blight\16dcb9cd-05ab-46d3-b76e-d19c16077a6a___RS_Erly.B 8345.JPG,0.5177305936813354,0.23896892368793488,0.9593719840049744,0.013763427734375,0.000152587890625,0.772549033164978,0.9999978542327881,0.9999985694885254,7.152557373046875e-07,gamma_dark,none
D:\BTECH\PlantDiseaseProject\dataset\val\Tomato___Early_blight\18d8f15c-4948-4506-ae09-54169f95cf36___RS_Erly.B 7496.JPG,0.4447181820869446,0.10587206482887268,0.8477943539619446,1.52587890625e-05,0.0,0.34117648005485535,0.999552309513092,0.9995786547660828,2.6345252990722656e-05,gamma_bright,none
D:\BTECH\PlantDiseaseProject\dataset\val\Tomato___Early_blight\1ba88993-c3f8-462d-bd1b-e10819b9c96f___RS_Erly.B 8396.JPG,0.4867953658103943,0.18445874750614166,0.9106994867324829,0.001800537109375,0.0001068115234375,0.6627451181411743,0.999099850654602,0.999284565448761,0.00018471479415893555,gamma_bright,none
D:\BTECH\PlantDiseaseProject\dataset\val\Tomato___Early_blight\1c31e2e3-e314-47a8-86fe-e7b8b9199c09___RS_Erly.B 8272.JPG,0.4905730187892914,0.252799391746521,0.9415335655212402,0.007354736328125,4.57763671875e-05,0.7686274647712708,0.999972939491272,0.999972939491272,0.0,none,none
D:\BTECH\PlantDiseaseProject\dataset\val\Tomato___Early_blight\1c71757d-d351-4016-b5bb-06a63d0f2e24___RS_Erly.B 6388.JPG,0.33650803565979004,0.14597968757152557,0.8823109269142151,0.0004119873046875,0.0,0.4431372880935669,0.9999908208847046,0.9999927282333374,1.9073486328125e-06,gamma_dark,none
D:\BTECH\PlantDiseaseProject\dataset\val\Tomato___Early_blight\1d3d164e-43a9-4e0a-9e4f-9c9abab64d88___RS_Erly.B 7824.JPG,0.48457422852516174,0.2682799994945526,0.9120219945907593,0.042938232421875,0.0001068115234375,0.7647058963775635,0.9999791383743286,0.9999891519546509,1.0013580322265625e-05,clahe,none
D:\BTECH\PlantDiseaseProject\dataset\val\Tomato___Early_blight\1e02dbef-ecc2-4c1b-ae5a-b90057505574___RS_Erly.B 9475.JPG,0.38291120529174805,0.17871418595314026,0.9183654189109802,0.0022125244140625,0.0,0.5568627715110779,0.9965200424194336,0.9982000589370728,0.0016800165176391602,gamma_dark,none
D:\BTECH\PlantDiseaseProject\dataset\val\Tomato___Early_blight\22b653c4-9e15-4081-8ece-9b5950a94120___RS_Erly.B 7814.JPG,0.5040899515151978,0.1983841210603714,0.9055600166320801,0.01513671875,7.62939453125e-05,0.7019608020782471,0.4890685975551605,0.6808273196220398,0.19175872206687927,gamma_dark,gamma_dark
D:\BTECH\PlantDiseaseProject\dataset\val\Tomato___Early_blight\239213d8-587b-48a8-bfdf-03157ba8e95d___RS_Erly.B 6385.JPG,0.36724311113357544,0.14699025452136993,0.8795630931854248,0.000213623046875,0.0,0.44705885648727417,0.9999994039535522,0.9999994039535522,0.0,none,none
D:\BTECH\PlantDiseaseProject\dataset\val\Tomato___Early_blight\258e6e39-d791-482c-921d-65048753770a___RS_Erly.B 9422.JPG,0.6049359440803528,0.20009957253932953,0.895378828048706,0.0038909912109375,0.0001220703125,0.6509804129600525,0.9615828990936279,0.9615828990936279,0.0,none,none
D:\BTECH\PlantDiseaseProject\dataset\val\Tomato___Early_blight\26e2e7aa-800c-421b-92e8-3e20c5f5757e___RS_Erly.B 7656.JPG,0.4400140047073364,0.24074377119541168,0.9410421252250671,0.0034027099609375,0.0,0.6941176652908325,0.9999998807907104,0.9999998807907104,0.0,none,none
D:\BTECH\PlantDiseaseProject\dataset\val\Tomato___Early_blight\297feea8-4707-4d39-a6af-b1c0e3403935___RS_Erly.B 7816.JPG,0.5167303681373596,0.22080561518669128,0.8851524591445923,0.0178985595703125,0.000152587890625,0.7098039388656616,0.9998632669448853,0.9998632669448853,0.0,none,none
D:\BTECH\PlantDiseaseProject\dataset\val\Tomato___Early_blight\29e36e1e-0857-4985-8d33-505290dff591___RS_Erly.B 6343.JPG,0.38512957096099854,0.1200094223022461,0.8580108880996704,0.000244140625,0.0,0.3960784673690796,0.999993085861206,0.9999940395355225,9.5367431640625e-07,gamma_bright,none
D:\BTECH\PlantDiseaseProject\dataset\val\Tomato___Early_blight\2a5367b1-6732-4213-b095-5953251324ee___RS_Erly.B 7585.JPG,0.49280568957328796,0.1146472692489624,0.8339422941207886,0.0001068115234375,0.0,0.364705890417099,0.9999895095825195,0.9999926090240479,3.0994415283203125e-06,gamma_bright,none
D:\BTECH\PlantDiseaseProject\dataset\val\Tomato___Early_blight\2a64ed5f-6be9-463b-894f-e2953da0a974___RS_Erly.B 7520.JPG,0.39342015981674194,0.14513520896434784,0.8707257509231567,0.0020904541015625,0.0,0.46274513006210327,0.9990097284317017,0.9991661310195923,0.000156402587890625,gamma_bright,none
D:\BTECH\PlantDiseaseProject\dataset\val\Tomato___Early_blight\2f3c483a-b18d-4571-8c00-fb24f166d328___RS_Erly.B 7667.JPG,0.42464321851730347,0.1420530378818512,0.8785650730133057,0.0005340576171875,0.0,0.4549019932746887,0.999298095703125,0.9995038509368896,0.00020575523376464844,gamma_dark,none
D:\BTECH\PlantDiseaseProject\dataset\val\Tomato___Early_blight\2f6115d3-4997-4174-aa6a-9025c654e81f___RS_Erly.B 9374.JPG,0.5207027196884155,0.23782329261302948,0.9368792176246643,0.0254974365234375,9.1552734375e-05,0.7529411911964417,0.9993401169776917,0.9993793964385986,3.927946090698242e-05,gamma_dark,none
D:\BTECH\PlantDiseaseProject\dataset\val\Tomato___Early_blight\3064e2fc-3a71-4a66-8cd1-dc76ebc0c2e6___RS_Erly.B 7345.JPG,0.43625980615615845,0.14608775079250336,0.8837722539901733,0.001953125,0.0,0.501960813999176,0.9985219836235046,0.9985219836235046,0.0,none,none
D:\BTECH\PlantDiseaseProject\dataset\val\Tomato___Early_blight\347120f8-e92d-43f7-9ace-196890cec04d___RS_Erly.B 9421.JPG,0.5108983516693115,0.26578304171562195,0.9375581741333008,0.0538787841796875,0.00054931640625,0.7882353067398071,0.9999798536300659,0.9999798536300659,0.0,none,none
D:\BTECH\PlantDiseaseProject\dataset\val\Tomato___Early_blight\352ced01-4645-44e5-bc3e-1b7172deb883___RS_Erly.B 7758.JPG,0.7602234482765198,0.18945609033107758,0.9096446633338928,4.57763671875e-05,0.0643157958984375,0.5725489854812622,0.990136981010437,0.99159836769104,0.0014613866806030273,clahe,none
D:\BTECH\PlantDiseaseProject\dataset\val\Tomato___Early_blight\3537d467-9926-49dc-8d11-74a76b196354___RS_Erly.B 7665.JPG,0.43523359298706055,0.12038997560739517,0.8492960333824158,0.0,0.0,0.36862748861312866,0.9990007281303406,0.9993792772293091,0.00037854909896850586,gamma_bright,none
D:\BTECH\PlantDiseaseProject\dataset\val\Tomato___Early_blight\3592b22c-09cd-4005-97c4-cdd11318cce0___RS_Erly.B 9391.JPG,0.5302098989486694,0.2618985176086426,0.9431465268135071,0.0196075439453125,0.0004119873046875,0.7921568751335144,0.9998503923416138,0.9998964071273804,4.601478576660156e-05,hist_eq,none
D:\BTECH\PlantDiseaseProject\dataset\val\Tomato___Early_blight\3596fc7f-e79e-44f5-862a-f177db2960f6___RS_Erly.B 6386.JPG,0.3338916301727295,0.13415440917015076,0.8644257187843323,0.000213623046875,0.0,0.4117647409439087,1.0,1.0,0.0,none,none
D:\BTECH\PlantDiseaseProject\dataset\val\Tomato___Early_blight\3a2f31aa-b3e1-45a0-b0e6-2ffe3a2538b2___RS_Erly.B 9393.JPG,0.49582475423812866,0.26096081733703613,0.9571454524993896,0.0137481689453125,0.00103759765625,0.7882353067398071,0.9996069073677063,0.9996069073677063,0.0,none,none
D:\BTECH\PlantDiseaseProject\dataset\val\Tomato___Early_blight\3a634ad7-1119-4ea1-9268-bedc8308fdc8___RS_Erly.B 7841.JPG,0.5511663556098938,0.16743242740631104,0.8955502510070801,0.00787353515625,0.0004730224609375,0.6274510025978088,0.43584519624710083,0.45669859647750854,0.020853400230407715,gamma_bright,gamma_bright
D:\BTECH\PlantDiseaseProject\dataset\val\Tomato___Early_blight\3a8ed6b0-1566-4ab1-b0e2-6a670dfca65a___RS_Erly.B 7653.JPG,0.4325288236141205,0.1529800444841385,0.9067474603652954,0.001251220703125,0.0,0.4941176772117615,0.9999992847442627,0.9999994039535522,1.1920928955078125e-07,gamma_bright,none
D:\BTECH\PlantDiseaseProject\dataset\val\Tomato___Early_blight\3b1caf5d-9b90-4adc-bde6-8a16af479f0a___RS_Erly.B 8270.JPG,0.5397948026657104,0.22969001531600952,0.9497571587562561,0.0018310546875,0.0001373291015625,0.6941176652908325,0.9999767541885376,0.9999874830245972,1.0728836059570312e-05,clahe,none
D:\BTECH\PlantDiseaseProject\dataset\val\Tomato___Early_blight\3b86d42f-4b22-4bfe-bfa9-ec4567c886dc___RS_Erly.B 7823.JPG,0.4693116545677185,0.2616867125034332,0.8772948980331421,0.0928955078125,0.00054931640625,0.729411780834198,0.9994974136352539,0.9996939897537231,0.00019657611846923828,gamma_bright,none
D:\BTECH\PlantDiseaseProject\dataset\val\Tomato___Early_blight\3d7f5e7a-3149-4bce-8fc3-f0df073d5a73___RS_Erly.B 7518.JPG,0.43225908279418945,0.14912764728069305,0.8893210887908936,0.0001220703125,0.0,0.46666669845581055,0.9999910593032837,0.9999910593032837,0.0,none,none
D:\BTECH\PlantDiseaseProject\dataset\val\Tomato___Early_blight\3d8e1f90-be34-4da7-b124-a98eddb346d1___RS_Erly.B 7414.JPG,0.45968616008758545,0.11567636579275131,0.8531997799873352,6.103515625e-05,0.0,0.36862748861312866,7.389765414700378e-06,2.481332194292918e-05,1.74235565282288e-05,gamma_bright,none
D:\BTECH\PlantDiseaseProject\dataset\val\Tomato___Early_blight\3dab5935-91ca-489d-b4f4-127300fc527e___RS_Erly.B 6342.JPG,0.4352220892906189,0.14260460436344147,0.8842628002166748,0.0001983642578125,0.0,0.4549019932746887,0.9999995231628418,0.9999997615814209,2.384185791015625e-07,gamma_bright,none
D:\BTECH\PlantDiseaseProject\dataset\val\Tomato___Early_blight\3f35dad7-734b-46ee-8193-09fd3c8562ff___RS_Erly.B 7600.JPG,0.3999236822128296,0.1717614084482193,0.8715505599975586,0.0106353759765625,0.0,0.5254902243614197,0.5363802313804626,0.7246437668800354,0.18826353549957275,gamma_bright,gamma_bright
D:\BTECH\PlantDiseaseProject\dataset\val\Tomato___Early_blight\4065f166-5f48-4277-9f51-7aa61dbd4b48___RS_Erly.B 8399.JPG,0.4617438316345215,0.24447683990001678,0.9556536078453064,0.0236053466796875,7.62939453125e-05,0.7490196228027344,0.999809205532074,0.9998574256896973,4.8220157623291016e-05,gamma_bright,none
D:\BTECH\PlantDiseaseProject\dataset\val\Tomato___Early_blight\407d9731-c2d8-48c1-8712-9719c185791c___RS_Erly.B 9496.JPG,0.54799485206604,0.25015759468078613,0.9450677037239075,0.0171966552734375,0.000274658203125,0.8235294222831726,0.9999947547912598,0.9999972581863403,2.5033950805664062e-06,clahe,none
D:\BTECH\PlantDiseaseProject\dataset\val\Tomato___Early_blight\42a9a952-29d4-4a66-9dd9-65ebaac0db93___RS_Erly.B 7815.JPG,0.4828731417655945,0.2602265179157257,0.8779684901237488,0.02001953125,0.0003509521484375,0.729411780834198,0.9999862909317017,0.9999862909317017,0.0,none,none
D:\BTECH\PlantDiseaseProject\dataset\val\Tomato___Early_blight\45d27217-fbb3-4b74-93e7-d84f70b784f8___RS_Erly.B 7713.JPG,0.48386409878730774,0.28078415989875793,0.905144453048706,0.0423126220703125,0.00018310546875,0.7960784435272217,0.9136581420898438,0.9412207007408142,0.02756255865097046,clahe,clahe
D:\BTECH\PlantDiseaseProject\dataset\val\Tomato___Early_blight\47465f0e-80ef-4641-b24b-7147dd82596d___RS_Erly.B 9473.JPG,0.5234647393226624,0.2385830134153366,0.9660319089889526,0.0027313232421875,0.000457763671875,0.7607843279838562,0.9996966123580933,0.9996966123580933,0.0,none,none
D:\BTECH\PlantDiseaseProject\dataset\val\Tomato___Early_blight\4c927622-ea22-4718-8e36-319218ee53bf___RS_Erly.B 7712.JPG,0.5403748750686646,0.2614011764526367,0.9210935831069946,0.012237548828125,0.00079345703125,0.7843137383460999,0.8284550905227661,0.8516148328781128,0.02315974235534668,clahe,clahe
D:\BTECH\PlantDiseaseProject\dataset\val\Tomato___Early_blight\4d88d7a6-b49c-4927-81de-60b6b807c839___RS_Erly.B 7655.JPG,0.4866962134838104,0.20747260749340057,0.9347993731498718,9.1552734375e-05,0.0,0.6627451181411743,0.9999995231628418,0.9999996423721313,1.1920928955078125e-07,clahe,none
D:\BTECH\PlantDiseaseProject\dataset\val\Tomato___Early_blight\4e8e92ba-46f4-4e49-850b-71019f6c8640___RS_Erly.B 6346.JPG,0.5860644578933716,0.1257247030735016,0.8409900665283203,1.52587890625e-05,0.0,0.3921568691730499,0.9999904632568359,0.9999911785125732,7.152557373046875e-07,gamma_dark,none
D:\BTECH\PlantDiseaseProject\dataset\val\Tomato___Early_blight\52232f20-1d2d-4545-9a5c-76ed0f608bd2___RS_Erly.B 6445.JPG,0.47162240743637085,0.10075835138559341,0.8230571150779724,0.000244140625,0.0,0.32549020648002625,0.9999903440475464,0.9999916553497314,1.3113021850585938e-06,gamma_bright,none
D:\BTECH\PlantDiseaseProject\dataset\val\Tomato___Early_blight\54a33a0e-3bf6-44de-ba94-8b5096f1cb6e___RS_Erly.B 7668.JPG,0.380401074886322,0.17172963917255402,0.8789627552032471,0.0066986083984375,0.0,0.49803924560546875,0.9998090863227844,0.9998922348022461,8.314847946166992e-05,gamma_dark,none
D:\BTECH\PlantDiseaseProject\dataset\val\Tomato___Early_blight\54d55df4-c760-4191-b998-d1e1493a35f5___RS_Erly.B 7524.JPG,0.4298909604549408,0.20604853332042694,0.9114892482757568,0.0032958984375,0.0,0.6000000238418579,0.9999886751174927,0.9999934434890747,4.76837158203125e-06,gamma_dark,none
D:\BTECH\PlantDiseaseProject\dataset\val\Tomato___Early_blight\54e98d19-a7a0-44d8-a004-1eaee5f3610b___RS_Erly.B 7348.JPG,0.48329272866249084,0.17413774132728577,0.8984510898590088,0.00030517578125,0.0,0.5372549295425415,0.9020538926124573,0.9562152028083801,0.05416131019592285,gamma_bright,gamma_bright
D:\BTECH\PlantDiseaseProject\dataset\val\Tomato___Early_blight\55761153-0f6a-4dad-981e-16fde2ac683f___RS_Erly.B 6387.JPG,0.3616817891597748,0.16174884140491486,0.8816121816635132,0.000579833984375,0.0,0.46666669845581055,0.9999992847442627,0.9999992847442627,0.0,none,none
D:\BTECH\PlantDiseaseProject\dataset\val\Tomato___Early_blight\56f361f0-4a14-4fc1-acc4-798e6614f8fb___RS_Erly.B 8313.JPG,0.44383856654167175,0.2427542358636856,0.9311935901641846,0.0128936767578125,0.0,0.7098039388656616,0.9818660616874695,0.9818660616874695,0.0,none,none
D:\BTECH\PlantDiseaseProject\dataset\val\Tomato___Early_blight\579c6b36-c17e-4510-a1ba-31cabbb0951f___RS_Erly.B 7517.JPG,0.4252397418022156,0.15869984030723572,0.8957775831222534,0.00018310546875,0.0,0.4862745404243469,0.9999889135360718,0.9999939203262329,5.0067901611328125e-06,gamma_dark,none
D:\BTECH\PlantDiseaseProject\dataset\val\Tomato___Early_blight\583a02eb-f2f2-4a62-8455-f77e08fc19c4___RS_Erly.B 8266.JPG,0.5123528242111206,0.23681609332561493,0.953345537185669,0.00830078125,0.0003509521484375,0.7607843279838562,0.9999550580978394,0.9999550580978394,0.0,none,none
D:\BTECH\PlantDiseaseProject\dataset\val\Tomato___Early_blight\591ec786-c9bb-4054-be3a-055f0dbecbd2___RS_Erly.B 7416.JPG,0.43785354495048523,0.1121378168463707,0.8238766193389893,0.0001678466796875,0.0,0.36862748861312866,0.16488733887672424,0.4036833643913269,0.23879602551460266,gamma_dark,gamma_dark
D:\BTECH\PlantDiseaseProject\dataset\val\Tomato___Early_blight\5a62e38f-8042-4ca8-8df6-2bdeed7e9a7b___RS_Erly.B 9493.JPG,0.49568551778793335,0.2094557285308838,0.9347406625747681,0.02178955078125,0.0,0.7176470756530762,0.9999986886978149,0.9999988079071045,1.1920928955078125e-07,gamma_bright,none
D:\BTECH\PlantDiseaseProject\dataset\val\Tomato___Early_blight\5ba2c9ec-1d6f-4870-933d-6c9d05833d47___RS_Erly.B 6337.JPG,0.38676968216896057,0.14276425540447235,0.8773115277290344,4.57763671875e-05,0.0,0.43529415130615234,0.9999812841415405,0.9999855756759644,4.291534423828125e-06,gamma_dark,none
D:\BTECH\PlantDiseaseProject\dataset\val\Tomato___Early_blight\5c81bfc2-d377-4fc8-9f51-ff26a997c20b___RS_Erly.B 6345.JPG,0.3624841570854187,0.10497091710567474,0.8430571556091309,0.0001678466796875,0.0,0.34117650985717773,0.9999984502792358,0.999998927116394,4.76837158203125e-07,gamma_bright,none
D:\BTECH\PlantDiseaseProject\dataset\val\Tomato___Early_blight\5c8ced5b-fa5c-41d4-8ad9-a3c7c4891355___RS_Erly.B 6350.JPG,0.34995242953300476,0.13202284276485443,0.8768965601921082,0.0005645751953125,0.0,0.41960787773132324,0.9999561309814453,0.9999803304672241,2.4199485778808594e-05,gamma_dark,none
D:\BTECH\PlantDiseaseProject\dataset\val\Tomato___Early_blight\6021f415-8463-41eb-ad4c-4033f7d16798___RS_Erly.B 7710.JPG,0.5273768305778503,0.2283662110567093,0.9240882396697998,0.01202392578125,0.0002288818359375,0.7333333492279053,0.36464887857437134,0.6149558424949646,0.25030696392059326,gamma_dark,gamma_dark
D:\BTECH\PlantDiseaseProject\dataset\val\Tomato___Early_blight\6043e8e3-0ab2-4b30-b125-e2a26123b487___RS_Erly.B 8307.JPG,0.4385238289833069,0.2125910073518753,0.945888876914978,0.0225677490234375,4.57763671875e-05,0.729411780834198,0.9999791383743286,0.9999791383743286,0.0,none,none
D:\BTECH\PlantDiseaseProject\dataset\val\Tomato___Early_blight\64ef53fa-26cc-4734-8a94-6f83a108817f___RS_Erly.B 6348.JPG,0.347329318523407,0.16126124560832977,0.8453367948532104,7.62939453125e-05,0.0,0.4392157196998596,0.9999998807907104,0.9999998807907104,0.0,none,none
D:\BTECH\PlantDiseaseProject\dataset\val\Tomato___Early_blight\64fd8cac-b985-45c1-9a5d-5f2f49381047___RS_Erly.B 9494.JPG,0.4971863627433777,0.22213967144489288,0.9332252144813538,0.013427734375,9.1552734375e-05,0.7019608020782471,0.9999990463256836,0.9999992847442627,2.384185791015625e-07,clahe,none
D:\BTECH\PlantDiseaseProject\dataset\val\Tomato___Early_blight\68f9f67d-e84a-4551-871c-7b56aab9defc___RS_Erly.B 7693.JPG,0.5003498792648315,0.201152041554451,0.9126996994018555,0.0174102783203125,0.0001678466796875,0.7019608020782471,0.9757761359214783,0.9787091612815857,0.002933025360107422,gamma_bright,none
D:\BTECH\PlantDiseaseProject\dataset\val\Tomato___Early_blight\6cd7bfa5-f336-4227-b8cf-3461dedc3b43___RS_Erly.B 7346.JPG,0.43365731835365295,0.17161570489406586,0.8971979022026062,0.0026397705078125,0.0,0.5411764979362488,0.9986845850944519,0.9994112253189087,0.0007266402244567871,gamma_bright,none
D:\BTECH\PlantDiseaseProject\dataset\val\Tomato___Early_blight\6fbefe16-4635-4a03-b245-65594ded39cf___RS_Erly.B 7654.JPG,0.43071794509887695,0.21393898129463196,0.9234678149223328,0.002044677734375,1.52587890625e-05,0.6117647290229797,0.9999998807907104,0.9999998807907104,0.0,none,none
D:\BTECH\PlantDiseaseProject\dataset\val\Tomato___Early_blight\70de9ac6-f90f-441f-a51f-217f55213234___RS_Erly.B 9568.JPG,0.42622536420822144,0.16335873305797577,0.8935152292251587,1.52587890625e-05,0.0,0.5372549295425415,0.9999977350234985,0.9999977350234985,0.0,none,none
D:\BTECH\PlantDiseaseProject\dataset\val\Tomato___Early_blight\70ef2f0f-3070-443d-b94f-983b87b41791___RS_Erly.B 9385.JPG,0.5581949949264526,0.2852976620197296,0.956364631652832,0.00372314453125,0.0010833740234375,0.8117647171020508,0.9992388486862183,0.9998181462287903,0.0005792975425720215,hist_eq,none
D:\BTECH\PlantDiseaseProject\dataset\val\Tomato___Early_blight\752de1b6-d4be-4741-9812-3681c6bd4b40___RS_Erly.B 8308.JPG,0.4241635799407959,0.21366609632968903,0.9368174076080322,0.032012939453125,1.52587890625e-05,0.7137255072593689,0.9999263286590576,0.9999263286590576,0.0,none,none
D:\BTECH\PlantDiseaseProject\dataset\val\Tomato___Early_blight\76e4e737-6526-4007-923f-5b6c1e9951ed___RS_Erly.B 7759.JPG,0.481110543012619,0.276765912771225,0.9274779558181763,0.0177459716796875,4.57763671875e-05,0.7803921699523926,0.99994957447052,0.99994957447052,0.0,none,none
D:\BTECH\PlantDiseaseProject\dataset\val\Tomato___Early_blight\7a259d3d-cca4-4041-88ec-d3140cd96f25___RS_Erly.B 7415.JPG,0.442674845457077,0.12987154722213745,0.8512340784072876,0.0009765625,0.0,0.4549019932746887,0.0010303260060027242,0.002907814923673868,0.001877488917671144,gamma_dark,none
D:\BTECH\PlantDiseaseProject\dataset\val\Tomato___Early_blight\7b4b71f7-ba45-45b8-80c4-a80ae73b9d0f___RS_Erly.B 7611.JPG,0.430417537689209,0.1728113740682602,0.9133915901184082,0.000518798828125,0.0,0.5607843399047852,0.9994999170303345,0.9998113512992859,0.000311434268951416,clahe,none
D:\BTECH\PlantDiseaseProject\dataset\val\Tomato___Early_blight\7bab9b53-f608-4f3f-8325-d730d846b3d9___RS_Erly.B 7695.JPG,0.5566761493682861,0.20757070183753967,0.9099267721176147,0.0086822509765625,0.000152587890625,0.7176470756530762,0.99790358543396,0.99790358543396,0.0,none,none
D:\BTECH\PlantDiseaseProject\dataset\val\Tomato___Early_blight\7c691a49-8a56-49d2-856f-6c20c34e257b___RS_Erly.B 9586.JPG,0.4872834384441376,0.17165274918079376,0.8952653408050537,0.00128173828125,0.0,0.5215686559677124,0.9999814033508301,0.9999839067459106,2.5033950805664062e-06,gamma_bright,none
D:\BTECH\PlantDiseaseProject\dataset\val\Tomato___Early_blight\80c0ed57-74c8-4e02-9cd4-5c29ae099594___RS_Erly.B 6447.JPG,0.44130581617355347,0.12592928111553192,0.8617492914199829,0.0001068115234375,0.0,0.3921568989753723,0.9958493709564209,0.9958493709564209,0.0,none,none
D:\BTECH\PlantDiseaseProject\dataset\val\Tomato___Early_blight\80c3b18f-a436-47f7-9153-2a24197f6b69___RS_Erly.B 9593.JPG,0.517467737197876,0.21003085374832153,0.9357000589370728,0.00128173828125,0.0,0.6666666865348816,0.9999657869338989,0.999995231628418,2.944469451904297e-05,gamma_dark,none
D:\BTECH\PlantDiseaseProject\dataset\val\Tomato___Early_blight\84e8f373-1499-4e1e-afcc-ca5ec48d661c___RS_Erly.B 6440.JPG,0.4507707357406616,0.1293446570634842,0.8511800169944763,0.0003204345703125,0.0,0.43529415130615234,0.9999858140945435,0.9999927282333374,6.9141387939453125e-06,gamma_bright,none
D:\BTECH\PlantDiseaseProject\dataset\val\Tomato___Early_blight\862c7fa2-1ab0-4bce-9f9b-76cbb4a096e1___RS_Erly.B 7521.JPG,0.5124610662460327,0.2014417052268982,0.9292939305305481,0.0008087158203125,0.0,0.6196078658103943,0.9999994039535522,0.9999996423721313,2.384185791015625e-07,gamma_dark,none
D:\BTECH\PlantDiseaseProject\dataset\val\Tomato___Early_blight\893b7469-eb50-4567-9292-dc8f7610c311___RS_Erly.B 6442.JPG,0.42787981033325195,0.12912103533744812,0.868938684463501,0.000152587890625,0.0,0.41568630933761597,0.9999957084655762,0.9999957084655762,0.0,none,none
D:\BTECH\PlantDiseaseProject\dataset\val\Tomato___Early_blight\89e0c6b5-8812-4a16-92eb-e63401b50051___RS_Erly.B 9589.JPG,0.4726213812828064,0.190623939037323,0.9122339487075806,0.0084228515625,0.0,0.6000000238418579,0.999980092048645,0.999980092048645,0.0,none,none
D:\BTECH\PlantDiseaseProject\dataset\val\Tomato___Early_blight\8a13da5b-4bc2-485a-962d-df8c6634ea00___RS_Erly.B 7519.JPG,0.41757771372795105,0.176128551363945,0.8907220959663391,0.0001678466796875,0.0,0.5137255191802979,0.9999810457229614,0.9999821186065674,1.0728836059570312e-06,gamma_dark,none
D:\BTECH\PlantDiseaseProject\dataset\val\Tomato___Early_blight\8e1c8815-49e0-4be6-a3a5-a426ab6b2445___RS_Erly.B 7822.JPG,0.4715806245803833,0.23586058616638184,0.9370429515838623,0.065277099609375,0.00067138671875,0.7607843279838562,0.9999839067459106,0.9999895095825195,5.602836608886719e-06,gamma_dark,none
D:\BTECH\PlantDiseaseProject\dataset\val\Tomato___Early_blight\8eba4e89-f5bf-45d4-be9b-30dfde83f538___RS_Erly.B 7586.JPG,0.5073068141937256,0.17640800774097443,0.8948321342468262,0.0002899169921875,0.0,0.5333333611488342,0.9999980926513672,0.9999980926513672,0.0,none,none
D:\BTECH\PlantDiseaseProject\dataset\val\Tomato___Early_blight\90b9c783-480b-4f9b-a97a-d632f60a8f24___RS_Erly.B 9566.JPG,0.47921282052993774,0.17330153286457062,0.8927271366119385,0.00018310546875,0.0,0.5529412031173706,0.9966297745704651,0.9966297745704651,0.0,none,none
D:\BTECH\PlantDiseaseProject\dataset\val\Tomato___Early_blight\91866d08-cbe2-4a9a-87fd-f2b969e5340a___RS_Erly.B 9588.JPG,0.46260082721710205,0.1757940649986267,0.912135660648346,0.0067291259765625,0.0,0.6039215922355652,0.9999932050704956,0.9999932050704956,0.0,none,none
D:\BTECH\PlantDiseaseProject\dataset\val\Tomato___Early_blight\9249614a-4e74-49af-81ab-f8d0689fdc50___RS_Erly.B 7610.JPG,0.4316331148147583,0.18375852704048157,0.9074519872665405,0.000244140625,0.0,0.5568627715110779,0.9999985694885254,0.9999988079071045,2.384185791015625e-07,gamma_dark,none
D:\BTECH\PlantDiseaseProject\dataset\val\Tomato___Early_blight\9305f21d-4558-49ae-b831-a7a1a4d399c2___RS_Erly.B 7417.JPG,0.46622610092163086,0.1265246570110321,0.8667393326759338,0.00030517578125,0.0,0.41960787773132324,2.7924610179752563e-08,4.801416153554783e-08,2.0089551355795265e-08,gamma_bright,none
D:\BTECH\PlantDiseaseProject\dataset\val\Tomato___Early_blight\96aa2fd2-d8dc-4650-9b56-7b0f25f27edf___RS_Erly.B 7821.JPG,0.5062426924705505,0.18846933543682098,0.9120755791664124,0.020263671875,6.103515625e-05,0.6784313917160034,0.9850243330001831,0.9900126457214355,0.004988312721252441,gamma_bright,none
D:\BTECH\PlantDiseaseProject\dataset\val\Tomato___Early_blight\99ea67c9-4c24-40b3-8a62-88233a53dc4a___RS_Erly.B 7522.JPG,0.45193204283714294,0.1662483960390091,0.9055809378623962,0.0007781982421875,0.0,0.5176470875740051,0.9999551773071289,0.9999551773071289,0.0,none,none
D:\BTECH\PlantDiseaseProject\dataset\val\Tomato___Early_blight\9a2960cc-21cf-470c-990e-e315699c2029___RS_Erly.B 9467.JPG,0.4430919289588928,0.20088288187980652,0.9413267374038696,0.0029144287109375,7.62939453125e-05,0.6705882549285889,0.9949086308479309,0.9965092539787292,0.0016006231307983398,gamma_dark,none
D:\BTECH\PlantDiseaseProject\dataset\val\Tomato___Early_blight\9a86409c-60ef-4fb5-9783-665065eb5229___RS_Erly.B 7697.JPG,0.4793696403503418,0.21208253502845764,0.8995553851127625,0.0326690673828125,6.103515625e-05,0.6901960968971252,0.9982688426971436,0.9991148114204407,0.0008459687232971191,clahe,none
D:\BTECH\PlantDiseaseProject\dataset\val\Tomato___Early_blight\9e92ea05-2e0f-42cb-be52-f58745ee9acc___RS_Erly.B 9476.JPG,0.4449148178100586,0.21379703283309937,0.9356107711791992,0.0102081298828125,0.0,0.6901960968971252,0.9997472167015076,0.9999394416809082,0.00019222497940063477,gamma_dark,none
D:\BTECH\PlantDiseaseProject\dataset\val\Tomato___Early_blight\9f496d43-f56d-4afa-99d9-7ac5fc9d9966___RS_Erly.B 9419.JPG,0.5032321214675903,0.2760569155216217,0.9481693506240845,0.035400390625,9.1552734375e-05,0.8156862854957581,0.9998524188995361,0.9999154806137085,6.306171417236328e-05,gamma_dark,none
D:\BTECH\PlantDiseaseProject\dataset\val\Tomato___Early_blight\9fcb89e0-c94e-427f-930b-73b4d12b8690___RS_Erly.B 9495.JPG,0.5552448630332947,0.19082367420196533,0.9201335310935974,0.0037384033203125,0.000457763671875,0.6470588445663452,0.9999634027481079,0.9999865293502808,2.3126602172851562e-05,gamma_bright,none
D:\BTECH\PlantDiseaseProject\dataset\val\Tomato___Early_blight\a2da7455-c116-4d02-b506-89183f817d78___RS_Erly.B 9371.JPG,0.4352407455444336,0.24480319023132324,0.9500005841255188,0.03778076171875,3.0517578125e-05,0.7568627595901489,0.9999579191207886,0.9999579191207886,0.0,none,none
D:\BTECH\PlantDiseaseProject\dataset\val\Tomato___Early_blight\a4bf3663-8d32-49e7-8394-cd0d29531704___RS_Erly.B 9465.JPG,0.5142831802368164,0.20327575504779816,0.9391120076179504,0.0070037841796875,0.0002593994140625,0.6705882549285889,0.9983487129211426,0.9985958933830261,0.0002471804618835449,gamma_bright,none
D:\BTECH\PlantDiseaseProject\dataset\val\Tomato___Early_blight\a67b9ba1-99ff-4826-8f7b-1b89ca61980e___RS_Erly.B 7597.JPG,0.41791480779647827,0.23267441987991333,0.9055230021476746,0.0179290771484375,0.0,0.6470588445663452,0.647757887840271,0.9123749732971191,0.26461708545684814,hist_eq,hist_eq
D:\BTECH\PlantDiseaseProject\dataset\val\Tomato___Early_blight\a98a655f-a2f5-44eb-a73b-edf25ca85921___RS_Erly.B 6351.JPG,0.35460710525512695,0.14644597470760345,0.8653272390365601,0.0001373291015625,0.0,0.43137258291244507,0.9999994039535522,0.9999995231628418,1.1920928955078125e-07,gamma_dark,none
D:\BTECH\PlantDiseaseProject\dataset\val\Tomato___Early_blight\ab26012b-d88e-4b69-b985-1cba46315762___RS_Erly.B 9468.JPG,0.44843941926956177,0.20382991433143616,0.9368468523025513,0.0049591064453125,4.57763671875e-05,0.686274528503418,0.9999165534973145,0.9999548196792603,3.826618194580078e-05,clahe,none
D:\BTECH\PlantDiseaseProject\dataset\val\Tomato___Early_blight\ac04851f-ae27-4dc8-9ccf-d23e5a56d6f3___RS_Erly.B 9587.JPG,0.42653271555900574,0.1905762255191803,0.922004759311676,0.0083770751953125,0.0,0.6235294342041016,0.9999992847442627,0.9999994039535522,1.1920928955078125e-07,clahe,none
D:\BTECH\PlantDiseaseProject\dataset\val\Tomato___Early_blight\ac6a9426-691d-46f4-941a-6637659bbbf7___RS_Erly.B 9394.JPG,0.55315101146698,0.22758808732032776,0.920324444770813,0.006988525390625,0.0001373291015625,0.729411780834198,0.9999454021453857,0.9999454021453857,0.0,none,none
D:\BTECH\PlantDiseaseProject\dataset\val\Tomato___Early_blight\ac804481-f1b0-498c-a6af-a66da467f84e___RS_Erly.B 7760.JPG,0.4869095981121063,0.2472543716430664,0.8968592286109924,0.075592041015625,0.0001373291015625,0.7568627595901489,0.9536981582641602,0.9536981582641602,0.0,none,none
D:\BTECH\PlantDiseaseProject\dataset\val\Tomato___Early_blight\ad898210-9539-4fe4-abf0-a568b57ff205___RS_Erly.B 6336.JPG,0.3873424530029297,0.15527118742465973,0.8768666386604309,7.62939453125e-05,0.0,0.4480392336845398,0.9999973773956299,0.999997615814209,2.384185791015625e-07,gamma_dark,none
D:\BTECH\PlantDiseaseProject\dataset\val\Tomato___Early_blight\b5c94157-7110-420f-99fc-040594d6ff12___RS_Erly.B 9474.JPG,0.4942188858985901,0.22746239602565765,0.9617868661880493,0.0032958984375,0.000457763671875,0.800000011920929,0.9999914169311523,0.9999914169311523,0.0,none,none
D:\BTECH\PlantDiseaseProject\dataset\val\Tomato___Early_blight\b69edd18-e303-41b5-92a7-769154106917___RS_Erly.B 7587.JPG,0.44605356454849243,0.1587640643119812,0.8997138142585754,0.0001068115234375,0.0,0.5137255191802979,0.9999977350234985,0.9999980926513672,3.5762786865234375e-07,gamma_dark,none
D:\BTECH\PlantDiseaseProject\dataset\val\Tomato___Early_blight\ba19f779-d0cf-4bc7-88df-96e6080fdc96___RS_Erly.B 7599.JPG,0.4675002098083496,0.15892013907432556,0.8829954266548157,0.003997802734375,0.0,0.5215686559677124,0.06265301257371902,0.0677533745765686,0.005100362002849579,gamma_bright,none
D:\BTECH\PlantDiseaseProject\dataset\val\Tomato___Early_blight\bb2586ff-9676-4100-89f7-200d9ce5ecd6___RS_Erly.B 9386.JPG,0.5519819855690002,0.22919146716594696,0.9198995232582092,0.0164947509765625,4.57763671875e-05,0.7333333492279053,0.9995693564414978,0.999833345413208,0.0002639889717102051,gamma_dark,none
D:\BTECH\PlantDiseaseProject\dataset\val\Tomato___Early_blight\c2369b01-d04f-443c-b6ab-9e62e1480420___RS_Erly.B 8397.JPG,0.49101144075393677,0.15976329147815704,0.8945344090461731,0.0014495849609375,4.57763671875e-05,0.5813725590705872,0.9140220284461975,0.9558572769165039,0.041835248470306396,gamma_bright,gamma_bright
D:\BTECH\PlantDiseaseProject\dataset\val\Tomato___Early_blight\c78c9d19-e83d-4c3b-a690-e6e3b95c979d___RS_Erly.B 9569.JPG,0.46410542726516724,0.18343597650527954,0.9218701720237732,0.0002288818359375,0.0,0.5882353186607361,0.9997969269752502,0.9997969269752502,0.0,none,none
D:\BTECH\PlantDiseaseProject\dataset\val\Tomato___Early_blight\c8dd6713-727e-4811-b951-e70e44d0c483___RS_Erly.B 7817.JPG,0.5043573975563049,0.22366811335086823,0.8981232643127441,0.01226806640625,0.0,0.7058823704719543,0.9999948740005493,0.9999948740005493,0.0,none,none
D:\BTECH\PlantDiseaseProject\dataset\val\Tomato___Early_blight\c9fa82b3-776c-4a44-8309-a6faf88898e3___RS_Erly.B 7498.JPG,0.4147900938987732,0.1475266069173813,0.8927363157272339,0.00067138671875,0.0,0.4901961088180542,0.9999984502792358,0.9999988079071045,3.5762786865234375e-07,gamma_bright,none
D:\BTECH\PlantDiseaseProject\dataset\val\Tomato___Early_blight\ca7035fa-f55d-49c7-9d89-3d513c8e35b1___RS_Erly.B 7556.JPG,0.45349547266960144,0.2126670628786087,0.9187337160110474,0.002197265625,0.0,0.6235294342041016,0.999998927116394,0.9999994039535522,4.76837158203125e-07,gamma_bright,none
D:\BTECH\PlantDiseaseProject\dataset\val\Tomato___Early_blight\cc822ace-0411-4ff9-b040-3670031c6467___RS_Erly.B 7553.JPG,0.4407339096069336,0.1297815442085266,0.8770769834518433,0.0004119873046875,0.0,0.41960787773132324,0.9999685287475586,0.9999788999557495,1.0371208190917969e-05,gamma_bright,none
D:\BTECH\PlantDiseaseProject\dataset\val\Tomato___Early_blight\d3fd3d9c-60ba-432c-a4a7-049f014ecace___RS_Erly.B 7696.JPG,0.5380030274391174,0.24608370661735535,0.9297378659248352,0.0186767578125,0.0014801025390625,0.772549033164978,0.9997918009757996,0.9997918009757996,0.0,none,none
D:\BTECH\PlantDiseaseProject\dataset\val\Tomato___Early_blight\d53bdcff-1ea7-46c7-9d46-701d104bf130___RS_Erly.B 8353.JPG,0.5573279857635498,0.2238539755344391,0.9179418087005615,0.0085296630859375,3.0517578125e-05,0.7372549176216125,0.99946528673172,0.9995090961456299,4.380941390991211e-05,gamma_dark,none
D:\BTECH\PlantDiseaseProject\dataset\val\Tomato___Early_blight\d5690b72-b319-457e-a837-0e38915aab55___RS_Erly.B 7347.JPG,0.4167274236679077,0.15086746215820312,0.8951758742332458,0.0028076171875,0.0,0.48235297203063965,0.9999247789382935,0.9999347925186157,1.0013580322265625e-05,gamma_bright,none
D:\BTECH\PlantDiseaseProject\dataset\val\Tomato___Early_blight\d59a0542-4c2a-441b-8566-e1f741e917d4___RS_Erly.B 6437.JPG,0.43204832077026367,0.13205869495868683,0.8585984706878662,0.0005340576171875,0.0,0.4392157196998596,0.999975323677063,0.999975323677063,0.0,none,none
D:\BTECH\PlantDiseaseProject\dataset\val\Tomato___Early_blight\d71f9e9f-e7e3-44e3-8376-0820971fe2c1___RS_Erly.B 9384.JPG,0.4833797812461853,0.24006123840808868,0.9518775939941406,0.0037384033203125,7.62939453125e-05,0.7254902124404907,0.9995445609092712,0.9996856451034546,0.0001410841941833496,hist_eq,none
D:\BTECH\PlantDiseaseProject\dataset\val\Tomato___Early_blight\d8754b7f-53a4-4e69-8f54-1ec9f7581799___RS_Erly.B 6436.JPG,0.4193786084651947,0.13104189932346344,0.8617584109306335,0.000335693359375,0.0,0.43529415130615234,0.9999593496322632,0.9999661445617676,6.794929504394531e-06,gamma_bright,none
D:\BTECH\PlantDiseaseProject\dataset\val\Tomato___Early_blight\d8bfc53d-7b22-48a7-a884-c808927dc149___RS_Erly.B 6349.JPG,0.3726104497909546,0.13198328018188477,0.873397707939148,0.000518798828125,0.0,0.40392160415649414,0.9999263286590576,0.9999263286590576,0.0,none,none
D:\BTECH\PlantDiseaseProject\dataset\val\Tomato___Early_blight\d94db5d9-2492-4680-bd2d-8ad66287243d___RS_Erly.B 7612.JPG,0.44826990365982056,0.20045548677444458,0.8993221521377563,0.0010986328125,0.0,0.5843137502670288,0.9999717473983765,0.9999884366989136,1.6689300537109375e-05,gamma_dark,none
D:\BTECH\PlantDiseaseProject\dataset\val\Tomato___Early_blight\d98cdabc-9183-4829-aa46-d40538d25462___RS_Erly.B 7554.JPG,0.4658309817314148,0.1970113068819046,0.9157426357269287,0.0002288818359375,0.0,0.6078431606292725,0.9999997615814209,0.9999998807907104,1.1920928955078125e-07,gamma_bright,none
D:\BTECH\PlantDiseaseProject\dataset\val\Tomato___Early_blight\da84925b-554a-465d-bdb2-91851f77d5ce___RS_Erly.B 9420.JPG,0.4982016682624817,0.2247786521911621,0.9331879615783691,0.0232391357421875,1.52587890625e-05,0.7019608020782471,0.9999909400939941,0.9999951124191284,4.172325134277344e-06,gamma_dark,none
D:\BTECH\PlantDiseaseProject\dataset\val\Tomato___Early_blight\df721edd-686e-4bb8-a05b-e8c67743c8ca___RS_Erly.B 8265.JPG,0.4693143367767334,0.25368914008140564,0.9607876539230347,0.0294189453125,4.57763671875e-05,0.7843137383460999,0.9999929666519165,0.9999929666519165,0.0,none,none
D:\BTECH\PlantDiseaseProject\dataset\val\Tomato___Early_blight\df86b9f1-3871-4139-be7d-928bd3e6d642___RS_Erly.B 7497.JPG,0.4287168085575104,0.1764877885580063,0.8978089690208435,0.001922607421875,0.0,0.5490196347236633,0.999909520149231,0.9999606609344482,5.1140785217285156e-05,gamma_dark,none
D:\BTECH\PlantDiseaseProject\dataset\val\Tomato___Early_blight\e20f17f5-507c-45a8-8f6e-fcd76b29e564___RS_Erly.B 7694.JPG,0.49311524629592896,0.2421167492866516,0.9284921884536743,0.02008056640625,0.0001678466796875,0.7411764860153198,0.9999772310256958,0.9999847412109375,7.510185241699219e-06,gamma_bright,none
D:\BTECH\PlantDiseaseProject\dataset\val\Tomato___Early_blight\e29ee209-e895-434f-9078-db727c5a98dd___RS_Erly.B 9383.JPG,0.5184316635131836,0.2902960479259491,0.9572744369506836,0.003021240234375,0.000274658203125,0.8196078538894653,0.9999947547912598,0.9999984502792358,3.6954879760742188e-06,gamma_dark,none
D:\BTECH\PlantDiseaseProject\dataset\val\Tomato___Early_blight\e2ce6add-93e2-4c1f-9ee3-2354d1542e8b___RS_Erly.B 7698.JPG,0.4752882122993469,0.2656289041042328,0.9280751347541809,0.026519775390625,0.0005645751953125,0.7607843279838562,0.9999914169311523,0.9999964237213135,5.0067901611328125e-06,clahe,none
D:\BTECH\PlantDiseaseProject\dataset\val\Tomato___Early_blight\e2edea17-f5cf-4496-8cce-7e421375c452___RS_Erly.B 7666.JPG,0.40657392144203186,0.1595739871263504,0.8712714314460754,0.0192718505859375,0.0,0.545098066329956,0.999951958656311,0.999976396560669,2.4437904357910156e-05,gamma_bright,none
D:\BTECH\PlantDiseaseProject\dataset\val\Tomato___Early_blight\e592659e-566b-454b-95ba-851f3a53197c___RS_Erly.B 7843.JPG,0.5240961313247681,0.18056507408618927,0.8791903853416443,0.00518798828125,0.0001068115234375,0.6470588445663452,0.9968723654747009,0.997126042842865,0.0002536773681640625,gamma_bright,none
D:\BTECH\PlantDiseaseProject\dataset\val\Tomato___Early_blight\eaf0d111-089a-4808-a34c-dd40e3bb4db4___RS_Erly.B 8393.JPG,0.5115559697151184,0.2116629034280777,0.9351353645324707,0.0100555419921875,0.0002899169921875,0.6823529601097107,0.9911812543869019,0.9914740324020386,0.00029277801513671875,gamma_dark,none
D:\BTECH\PlantDiseaseProject\dataset\val\Tomato___Early_blight\ec5d1d0a-2909-4c2d-81d5-4bbed298167b___RS_Erly.B 6340.JPG,0.3943784832954407,0.15380944311618805,0.8742565512657166,6.103515625e-05,0.0,0.4392157196998596,0.9999592304229736,0.999968409538269,9.179115295410156e-06,gamma_dark,none
D:\BTECH\PlantDiseaseProject\dataset\val\Tomato___Early_blight\ee7a6de8-1aca-4a55-8c12-69be6277c1c1___RS_Erly.B 9591.JPG,0.48380568623542786,0.187728151679039,0.9258854985237122,0.0012359619140625,0.0,0.6470588445663452,0.9999997615814209,0.9999998807907104,1.1920928955078125e-07,gamma_dark,none
D:\BTECH\PlantDiseaseProject\dataset\val\Tomato___Early_blight\efe14014-c5b8-433b-a469-e10ca8d7c551___RS_Erly.B 7499.JPG,0.3916788697242737,0.15306465327739716,0.8875996470451355,0.0012359619140625,0.0,0.4901961088180542,0.9998592138290405,0.9999393224716187,8.0108642578125e-05,gamma_bright,none
D:\BTECH\PlantDiseaseProject\dataset\val\Tomato___Early_blight\f035e3c9-069a-4392-9f0c-80262511f616___RS_Erly.B 9373.JPG,0.5275990962982178,0.2874414026737213,0.951469898223877,0.026580810546875,0.000335693359375,0.843137264251709,0.9997046589851379,0.9999263286590576,0.00022166967391967773,clahe,none
D:\BTECH\PlantDiseaseProject\dataset\val\Tomato___Early_blight\f0dfdada-f425-46d7-8cf3-2957850b5a2e___RS_Erly.B 9466.JPG,0.4480457305908203,0.20701172947883606,0.9395935535430908,0.0056915283203125,4.57763671875e-05,0.6666666865348816,0.9995661377906799,0.9995661377906799,0.0,none,none
D:\BTECH\PlantDiseaseProject\dataset\val\Tomato___Early_blight\f432e10d-7fd7-4517-b635-cc7677f53d8e___RS_Erly.B 9590.JPG,0.4749797284603119,0.17074646055698395,0.8912121057510376,0.0015106201171875,0.0,0.5176470875740051,0.9999927282333374,0.9999972581863403,4.5299530029296875e-06,gamma_dark,none
D:\BTECH\PlantDiseaseProject\dataset\val\Tomato___Early_blight\f51330a5-e187-434f-add0-bd89f488eeee___RS_Erly.B 7699.JPG,0.5567752122879028,0.28544697165489197,0.9138146638870239,0.000701904296875,0.0,0.8117647171020508,0.9998724460601807,0.999925971031189,5.352497100830078e-05,hist_eq,none
D:\BTECH\PlantDiseaseProject\dataset\val\Tomato___Early_blight\f525cb66-09b6-4f96-93dd-d6bc936f5645___RS_Erly.B 7700.JPG,0.510406494140625,0.2777024507522583,0.9402558207511902,0.0203399658203125,0.0012359619140625,0.8039215803146362,0.9977914094924927,0.9977914094924927,0.0,none,none
D:\BTECH\PlantDiseaseProject\dataset\val\Tomato___Early_blight\f62e84ae-2bd4-4b15-918a-639c0470c25d___RS_Erly.B 7761.JPG,0.4058384895324707,0.23493945598602295,0.8886939883232117,0.0443878173828125,4.57763671875e-05,0.6745098233222961,0.9986075758934021,0.9986075758934021,0.0,none,none
D:\BTECH\PlantDiseaseProject\dataset\val\Tomato___Early_blight\f7beb64a-f8be-46d8-b4ea-637fb71e7509___RS_Erly.B 7711.JPG,0.5135623812675476,0.2442575842142105,0.9629573822021484,0.0057373046875,0.0012359619140625,0.7960784435272217,0.8246217966079712,0.8246217966079712,0.0,none,none
D:\BTECH\PlantDiseaseProject\dataset\val\Tomato___Early_blight\f870ea24-aac9-41cd-92a3-72f87d395c33___RS_Erly.B 7598.JPG,0.436388224363327,0.2515825629234314,0.922096848487854,0.0175628662109375,0.0,0.7176470756530762,0.7840735912322998,0.9493626356124878,0.165289044380188,gamma_dark,gamma_dark
D:\BTECH\PlantDiseaseProject\dataset\val\Tomato___Early_blight\fb956247-8c0b-486a-b491-4d49e77e598e___RS_Erly.B 7842.JPG,0.5274598598480225,0.21051615476608276,0.8981190919876099,0.0062713623046875,0.0009918212890625,0.7333333492279053,0.9992126226425171,0.9993914365768433,0.00017881393432617188,gamma_dark,none
D:\BTECH\PlantDiseaseProject\dataset\val\Tomato___Early_blight\fbb02290-8863-482f-b898-0ea83a2b2fee___RS_Erly.B 9592.JPG,0.443547785282135,0.16982702910900116,0.9166000485420227,0.0017242431640625,0.0,0.5764706134796143,0.9999979734420776,0.9999990463256836,1.0728836059570312e-06,gamma_dark,none
D:\BTECH\PlantDiseaseProject\dataset\val\Tomato___Early_blight\fcf97241-bd84-4829-b326-72590a3f4f59___RS_Erly.B 7555.JPG,0.4390425682067871,0.17087207734584808,0.9142836928367615,0.0003814697265625,0.0,0.5333333611488342,0.9999592304229736,0.9999715089797974,1.2278556823730469e-05,gamma_dark,none
D:\BTECH\PlantDiseaseProject\dataset\val\Tomato___Early_blight\fe46f781-a40c-4c73-9e2c-50872f1ab370___RS_Erly.B 8348.JPG,0.49288976192474365,0.22043265402317047,0.9347038865089417,0.0036773681640625,3.0517578125e-05,0.7058823704719543,0.9999977350234985,0.999998927116394,1.1920928955078125e-06,clahe,none
D:\BTECH\PlantDiseaseProject\dataset\val\Tomato___Late_blight\00355ec2-f12c-4015-b8f9-94354f69ce22___RS_Late.B 5311.JPG,0.4429883360862732,0.20125266909599304,0.9242879748344421,0.01715087890625,0.0,0.6470588445663452,0.999998927116394,0.9999995231628418,5.960464477539062e-07,hist_eq,none
D:\BTECH\PlantDiseaseProject\dataset\val\Tomato___Late_blight\008ebb44-eb77-4843-b621-4b88b5df7d43___RS_Late.B 5188.JPG,0.3673602342605591,0.16364717483520508,0.9060376882553101,0.0016021728515625,0.0,0.529411792755127,0.9998300075531006,0.9999525547027588,0.00012254714965820312,hist_eq,none
D:\BTECH\PlantDiseaseProject\dataset\val\Tomato___Late_blight\014d4972-1301-46d3-afc4-56470b774137___GHLB2 Leaf 8831.JPG,0.5166383385658264,0.10977990180253983,0.8152334690093994,0.000701904296875,0.0,0.30980393290519714,0.9999768733978271,0.9999876022338867,1.0728836059570312e-05,clahe,none
D:\BTECH\PlantDiseaseProject\dataset\val\Tomato___Late_blight\014eee0c-8000-4762-b4b8-63ecc2fadc13___GHLB2ES Leaf 69.1.JPG,0.43465787172317505,0.11103745549917221,0.8503358960151672,0.0,0.0,0.35294121503829956,0.9999449253082275,0.9999758005142212,3.0875205993652344e-05,clahe,none
D:\BTECH\PlantDiseaseProject\dataset\val\Tomato___Late_blight\01c391d2-1b3a-4b58-b205-a75674bba6e9___GHLB2 Leaf 8824.JPG,0.5028567314147949,0.08016932010650635,0.7788604497909546,0.0,0.0,0.24705883860588074,0.9994623064994812,0.9999045133590698,0.00044220685958862305,hist_eq,none
D:\BTECH\PlantDiseaseProject\dataset\val\Tomato___Late_blight\01cd2d73-c741-45a5-9610-a2cea2266b80___GHLB2 Leaf 121.JPG,0.4759194254875183,0.11146169155836105,0.8473145961761475,1.52587890625e-05,1.52587890625e-05,0.38823530077934265,0.9999245405197144,0.9999760389328003,5.14984130859375e-05,clahe,none
D:\BTECH\PlantDiseaseProject\dataset\val\Tomato___Late_blight\021ca736-df21-458a-9010-fab4803f08fe___RS_Late.B 7010.JPG,0.6444044709205627,0.18912887573242188,0.9337904453277588,9.1552734375e-05,0.0042266845703125,0.6000000238418579,0.9999974966049194,0.9999974966049194,0.0,none,none
D:\BTECH\PlantDiseaseProject\dataset\val\Tomato___Late_blight\037c55c7-6e33-4b8d-af05-4d555f4e658e___GHLB_PS Leaf 42.1 Day 18.jpg,0.12479093670845032,0.24409779906272888,0.3195823132991791,0.7843475341796875,0.0,0.6549019813537598,0.9993643164634705,0.9999892711639404,0.0006249547004699707,hist_eq,none
D:\BTECH\PlantDiseaseProject\dataset\val\Tomato___Late_blight\03ccfc6a-8142-4f46-8eb5-f7fc77978081___RS_Late.B 4916.JPG,0.45342251658439636,0.2580888867378235,0.9240465760231018,0.0210113525390625,0.0,0.7254902124404907,0.9999998807907104,0.9999998807907104,0.0,none,none
D:\BTECH\PlantDiseaseProject\dataset\val\Tomato___Late_blight\048eddf2-6142-4031-b23a-654cc3803d01___RS_Late.B 6097.JPG,0.4344930052757263,0.2552328109741211,0.9452646374702454,0.0236663818359375,0.000213623046875,0.7333333492279053,0.9999982118606567,0.9999982118606567,0.0,none,none
D:\BTECH\PlantDiseaseProject\dataset\val\Tomato___Late_blight\05a34df9-4fc9-460a-b675-3c4a37cfdf4c___GHLB2 Leaf 8917.JPG,0.4760099947452545,0.0987938866019249,0.8184959292411804,0.000244140625,0.0,0.3176470696926117,0.9993345141410828,0.9999057054519653,0.0005711913108825684,clahe,none
D:\BTECH\PlantDiseaseProject\dataset\val\Tomato___Late_blight\06c6a302-ae34-4d38-9e4b-3a6acdd42d91___GHLB2 Leaf 9047.JPG,0.5209441184997559,0.05185352638363838,0.7031326293945312,0.0,0.0,0.16078433394432068,0.9990070462226868,0.9993922710418701,0.0003852248191833496,clahe,none
D:\BTECH\PlantDiseaseProject\dataset\val\Tomato___Late_blight\06f654df-cf43-4fd6-b30f-78425136bc35___GHLB2 Leaf 86.2.JPG,0.4856908619403839,0.10875856131315231,0.8199900388717651,0.0,1.52587890625e-05,0.32156863808631897,0.9999814033508301,0.9999909400939941,9.5367431640625e-06,clahe,none
D:\BTECH\PlantDiseaseProject\dataset\val\Tomato___Late_blight\07c7f8bf-5f9c-4b94-bea8-c549866e206e___GHLB2 Leaf 101.2.JPG,0.43420588970184326,0.13161693513393402,0.8717169761657715,0.000152587890625,0.0,0.4745098352432251,0.9999978542327881,0.9999985694885254,7.152557373046875e-07,gamma_bright,none
D:\BTECH\PlantDiseaseProject\dataset\val\Tomato___Late_blight\0893ac69-4004-4577-b4aa-496983116208___GHLB2 Leaf 8738.JPG,0.4927559196949005,0.08991923183202744,0.8111118674278259,4.57763671875e-05,0.0,0.2666666805744171,0.9995360374450684,0.9997007846832275,0.0001647472381591797,hist_eq,none
D:\BTECH\PlantDiseaseProject\dataset\val\Tomato___Late_blight\0931f7e6-8481-4d03-8fe6-d4ae7637142d___RS_Late.B 4917.JPG,0.45914214849472046,0.21601714193820953,0.9347248077392578,0.008453369140625,1.52587890625e-05,0.7019608020782471,0.999998927116394,0.999998927116394,0.0,none,none
D:\BTECH\PlantDiseaseProject\dataset\val\Tomato___Late_blight\098502fa-e07f-4d89-8279-adf307800887___GHLB2 Leaf 8980.JPG,0.4983801245689392,0.12234142422676086,0.8645707964897156,4.57763671875e-05,1.52587890625e-05,0.3764705955982208,0.9999898672103882,0.9999915361404419,1.6689300537109375e-06,gamma_bright,none
D:\BTECH\PlantDiseaseProject\dataset\val\Tomato___Late_blight\0a4b3cde-c83a-4c83-b037-010369738152___RS_Late.B 6985.JPG,0.559485912322998,0.21275535225868225,0.9513348340988159,0.0043182373046875,0.0001983642578125,0.686274528503418,0.9999582767486572,0.9999582767486572,0.0,none,none
D:\BTECH\PlantDiseaseProject\dataset\val\Tomato___Late_blight\0ab172fa-ac7b-4a3e-90c8-0708703eb3bb___RS_Late.B 5572.JPG,0.5170546174049377,0.15455004572868347,0.8686108589172363,0.0014801025390625,0.0,0.4784314036369324,0.9999998807907104,1.0,1.1920928955078125e-07,hist_eq,none
D:\BTECH\PlantDiseaseProject\dataset\val\Tomato___Late_blight\0ab1cab4-a0c9-4323-9a64-cdafa4342a9b___GHLB2 Leaf 8918.JPG,0.47725754976272583,0.08361618220806122,0.799170732498169,3.0517578125e-05,0.0,0.2549019753932953,0.9999903440475464,0.999996542930603,6.198883056640625e-06,clahe,none
D:\BTECH\PlantDiseaseProject\dataset\val\Tomato___Late_blight\0b3c7107-cef9-455e-8fa0-30039b9fc206___RS_Late.B 5038.JPG,0.5437496900558472,0.2343311309814453,0.9239110350608826,0.0186309814453125,3.0517578125e-05,0.7411764860153198,1.0,1.0,0.0,none,none
D:\BTECH\PlantDiseaseProject\dataset\val\Tomato___Late_blight\0ba7d3d8-5c4c-4365-ba0c-69f61e96a36e___RS_Late.B 5312.JPG,0.47619274258613586,0.17724554240703583,0.9008603096008301,0.0076904296875,0.0,0.5843137502670288,1.0,1.0,0.0,none,none
D:\BTECH\PlantDiseaseProject\dataset\val\Tomato___Late_blight\0c3153b2-0e64-41b6-902a-66eafbf7cae6___GHLB Leaf 4.1 Day 1.JPG,0.4361082911491394,0.11586327105760574,0.8115376234054565,0.0,0.0,0.3647059202194214,0.999697208404541,0.9999263286590576,0.00022912025451660156,gamma_bright,none
D:\BTECH\PlantDiseaseProject\dataset\val\Tomato___Late_blight\0cc44f97-c421-4824-92a9-c9a18b005d1d___GHLB2 Leaf 8540.JPG,0.4827320873737335,0.13676953315734863,0.8699032068252563,0.0,0.0,0.42352941632270813,0.9999598264694214,0.9999855756759644,2.574920654296875e-05,hist_eq,none
D:\BTECH\PlantDiseaseProject\dataset\val\Tomato___Late_blight\0da53824-7b3b-43a9-9b34-146a7f71ef7e___RS_Late.B 6958.JPG,0.6291357278823853,0.2368016541004181,0.9384865760803223,0.0014495849609375,1.52587890625e-05,0.7843137383460999,0.9976853132247925,0.9988253712654114,0.0011400580406188965,clahe,none
D:\BTECH\PlantDiseaseProject\dataset\val\Tomato___Late_blight\0ead4ae7-b14a-4f00-862b-f8ca126136ec___GHLB2 Leaf 89.2.JPG,0.525917649269104,0.14669902622699738,0.8835579752922058,0.0,0.00048828125,0.5176470279693604,0.9999985694885254,0.9999996423721313,1.0728836059570312e-06,clahe,none
D:\BTECH\PlantDiseaseProject\dataset\val\Tomato___Late_blight\0f575c94-5c7d-4058-9e65-9046572f9370___GHLB2 Leaf 8956.JPG,0.5099657773971558,0.08053620904684067,0.7771120667457581,6.103515625e-05,0.0,0.22745099663734436,0.9996349811553955,0.9998940229415894,0.00025904178619384766,hist_eq,none
D:\BTECH\PlantDiseaseProject\dataset\val\Tomato___Late_blight\118be78d-e498-427f-8399-add5e8ab1b15___GHLB2 Leaf 149.3.JPG,0.39729806780815125,0.10492543131113052,0.8452789783477783,0.0007476806640625,0.0,0.3333333730697632,0.9977496266365051,0.9995061159133911,0.0017564892768859863,hist_eq,none
D:\BTECH\PlantDiseaseProject\dataset\val\Tomato___Late_blight\127f2df5-4da2-40ef-ba65-91a732f2498e___GHLB_PS Leaf 40.1 Day 18.jpg,0.1263696402311325,0.2458810806274414,0.31264811754226685,0.7971343994140625,0.0,0.6941176652908325,0.9999626874923706,0.9999924898147583,2.9802322387695312e-05,hist_eq,none
D:\BTECH\PlantDiseaseProject\dataset\val\Tomato___Late_blight\12d62ed2-a145-4400-824d-3e4d5f64418a___RS_Late.B 6586.JPG,0.4380817115306854,0.16020342707633972,0.9060406684875488,0.0047454833984375,0.0,0.5529412031173706,0.9999997615814209,0.9999998807907104,1.1920928955078125e-07,gamma_dark,none
D:\BTECH\PlantDiseaseProject\dataset\val\Tomato___Late_blight\13668efa-2c92-4e5a-94e1-e0bc53aab6c6___RS_Late.B 6962.JPG,0.5435024499893188,0.21791061758995056,0.9427444934844971,0.000946044921875,6.103515625e-05,0.7254902124404907,0.9999997615814209,0.9999997615814209,0.0,none,none
D:\BTECH\PlantDiseaseProject\dataset\val\Tomato___Late_blight\14592b7a-517d-4c17-94d1-9c493e8c4ab5___RS_Late.B 6878.JPG,0.5509913563728333,0.27713635563850403,0.931471586227417,0.0034942626953125,1.52587890625e-05,0.8235294222831726,0.9999980926513672,0.9999988079071045,7.152557373046875e-07,gamma_bright,none
D:\BTECH\PlantDiseaseProject\dataset\val\Tomato___Late_blight\1507883d-7f10-4b69-88d4-db80850b1664___GHLB2 Leaf 154.JPG,0.4884505271911621,0.1264171153306961,0.8699659705162048,0.0005035400390625,3.0517578125e-05,0.37254902720451355,0.9996249675750732,0.9997904896736145,0.00016552209854125977,clahe,none
D:\BTECH\PlantDiseaseProject\dataset\val\Tomato___Late_blight\151c010a-021f-459d-a456-63ebaf19b2d5___GHLB2 Leaf 9104.JPG,0.46978992223739624,0.09911442548036575,0.8166869282722473,0.0,0.0,0.2862745225429535,0.9996211528778076,0.999974250793457,0.00035309791564941406,hist_eq,none
D:\BTECH\PlantDiseaseProject\dataset\val\Tomato___Late_blight\15313d25-7420-46aa-a28d-92e4b631233e___GHLB2 Leaf 8698.JPG,0.5186343789100647,0.05872610956430435,0.7323263883590698,0.0,0.0,0.18431374430656433,0.9999253749847412,0.9999816417694092,5.626678466796875e-05,gamma_bright,none
D:\BTECH\PlantDiseaseProject\dataset\val\Tomato___Late_blight\15581dd8-f562-4301-856c-30be9302c470___GHLB2 Leaf 70.1.JPG,0.5753767490386963,0.09187296777963638,0.8052752614021301,0.0,6.103515625e-05,0.3176470696926117,0.9970995187759399,0.9985615611076355,0.0014620423316955566,clahe,none
D:\BTECH\PlantDiseaseProject\dataset\val\Tomato___Late_blight\15dc06c9-506a-470b-a015-14dcb585389f___GHLB_PS Leaf 15 Day 8.jpg,0.14822238683700562,0.17754456400871277,0.4886401891708374,0.5901031494140625,0.0,0.4470588266849518,0.9999843835830688,0.9999852180480957,8.344650268554688e-07,clahe,none
D:\BTECH\PlantDiseaseProject\dataset\val\Tomato___Late_blight\16257155-3d28-49cd-bb96-c188e946c4ec___RS_Late.B 4935.JPG,0.49717551469802856,0.20761144161224365,0.9295406937599182,0.00640869140625,6.103515625e-05,0.658823549747467,1.0,1.0,0.0,none,none
D:\BTECH\PlantDiseaseProject\dataset\val\Tomato___Late_blight\1905cdb8-1725-4386-9d49-59f47c3e4a1b___GHLB2ES Leaf 65.JPG,0.485881507396698,0.09387920051813126,0.8152642846107483,0.0,0.0,0.29019609093666077,0.9999567270278931,0.9999567270278931,0.0,none,none
D:\BTECH\PlantDiseaseProject\dataset\val\Tomato___Late_blight\1a69b38b-c4eb-42c4-9584-bcb14fb8db0c___GHLB2 Leaf 9011.JPG,0.4669254720211029,0.07732792943716049,0.7865915894508362,0.0,0.0,0.250980406999588,0.9999494552612305,0.9999891519546509,3.9696693420410156e-05,hist_eq,none
D:\BTECH\PlantDiseaseProject\dataset\val\Tomato___Late_blight\1b7d11ff-e94c-45cb-9ef2-6430f989e90e___GHLB2 Leaf 120.1.JPG,0.6398951411247253,0.09668304771184921,0.8237422108650208,0.0,0.000213623046875,0.3176470398902893,0.9999769926071167,0.9999769926071167,0.0,none,none
D:\BTECH\PlantDiseaseProject\dataset\val\Tomato___Late_blight\1ba00fc3-a45b-4d23-94da-5e090ba7f3d3___RS_Late.B 6403.JPG,0.530127763748169,0.18530865013599396,0.9287773966789246,0.0062255859375,0.0005950927734375,0.6235294342041016,0.999987006187439,0.9999903440475464,3.337860107421875e-06,gamma_bright,none
D:\BTECH\PlantDiseaseProject\dataset\val\Tomato___Late_blight\1c5deb80-6bde-4aa4-843e-c69f80b7713a___RS_Late.B 6874.JPG,0.5569418668746948,0.25013065338134766,0.9516926407814026,0.00927734375,0.0,0.7803921699523926,0.999996542930603,0.9999992847442627,2.7418136596679688e-06,hist_eq,none
D:\BTECH\PlantDiseaseProject\dataset\val\Tomato___Late_blight\1db51a76-0e89-45c6-8f00-9262c1c7732e___GHLB2ES Leaf 139.JPG,0.5726627111434937,0.07367583364248276,0.7773741483688354,0.0,0.0,0.2549019753932953,0.999914288520813,0.9999780654907227,6.377696990966797e-05,hist_eq,none
D:\BTECH\PlantDiseaseProject\dataset\val\Tomato___Late_blight\1e55a2c0-6618-4c42-93a6-cfc8a9d5ca77___GHLB2 Leaf 9039.JPG,0.5292165279388428,0.10085556656122208,0.822191596031189,0.0,0.0,0.30980393290519714,0.9991738200187683,0.9998019337654114,0.0006281137466430664,hist_eq,none
D:\BTECH\PlantDiseaseProject\dataset\val\Tomato___Late_blight\1e5ba644-efeb-4bd3-b878-a0606cf8a992___RS_Late.B 6272.JPG,0.4880794882774353,0.22563302516937256,0.9421921968460083,0.0087432861328125,0.000213623046875,0.7137255072593689,0.9999818801879883,0.9999879598617554,6.079673767089844e-06,hist_eq,none
D:\BTECH\PlantDiseaseProject\dataset\val\Tomato___Late_blight\207dee29-3d2e-4f08-9642-ef4c932fb280___GHLB2 Leaf 8608.JPG,0.4672695994377136,0.0702441930770874,0.7506918907165527,0.0,0.0,0.2352941334247589,0.999994158744812,0.9999974966049194,3.337860107421875e-06,clahe,none
D:\BTECH\PlantDiseaseProject\dataset\val\Tomato___Late_blight\20ab7535-34d8-4bac-b3a7-4fa929a1bed3___GHLB2 Leaf 59.1.JPG,0.5153780579566956,0.08188482373952866,0.7907548546791077,0.0,0.0,0.2705882489681244,0.9992915391921997,0.9998832941055298,0.0005917549133300781,hist_eq,none
D:\BTECH\PlantDiseaseProject\dataset\val\Tomato___Late_blight\21a4f74f-08cb-44b8-9e40-3ff5a9c8a9da___GHLB Leaf 8.2 Day 7.JPG,0.592624843120575,0.24227161705493927,0.8966355323791504,0.0,0.0937347412109375,0.6745097637176514,0.9996041655540466,0.9998031258583069,0.0001989603042602539,gamma_bright,none
D:\BTECH\PlantDiseaseProject\dataset\val\Tomato___Late_blight\225d8d96-41c1-4a03-b02d-0c1ca8c2017a___RS_Late.B 6795.JPG,0.6103349328041077,0.17697197198867798,0.9073892831802368,1.52587890625e-05,6.103515625e-05,0.5647058486938477,0.9999924898147583,0.9999954700469971,2.9802322387695312e-06,gamma_bright,none
D:\BTECH\PlantDiseaseProject\dataset\val\Tomato___Late_blight\239c7429-bf86-4ee3-9271-74314374ba35___RS_Late.B 6616.JPG,0.5036885142326355,0.20462456345558167,0.9201667308807373,0.0079498291015625,0.0001373291015625,0.6705882549285889,0.9999370574951172,0.9999908208847046,5.3763389587402344e-05,hist_eq,none
D:\BTECH\PlantDiseaseProject\dataset\val\Tomato___Late_blight\240b17f3-2b2b-4ff4-add7-4ba2975f4837___RS_Late.B 5130.JPG,0.4340498447418213,0.22701852023601532,0.9325311183929443,0.0342864990234375,3.0517578125e-05,0.6823529601097107,0.9999953508377075,0.9999959468841553,5.960464477539062e-07,clahe,none
D:\BTECH\PlantDiseaseProject\dataset\val\Tomato___Late_blight\25b8f158-e12f-4f16-b968-f9e891264d28___RS_Late.B 6041.JPG,0.5465806722640991,0.18424268066883087,0.9243402481079102,0.0070037841796875,0.0002288818359375,0.6235294342041016,0.9999996423721313,0.9999997615814209,1.1920928955078125e-07,clahe,none
D:\BTECH\PlantDiseaseProject\dataset\val\Tomato___Late_blight\26480c44-e0f2-4ab7-a6a9-919d532ecfd5___RS_Late.B 5037.JPG,0.5043742656707764,0.24724753201007843,0.9276999831199646,0.03265380859375,0.0001220703125,0.7529411911964417,0.9999988079071045,0.9999998807907104,1.0728836059570312e-06,hist_eq,none
D:\BTECH\PlantDiseaseProject\dataset\val\Tomato___Late_blight\2939e3f2-d0c5-462c-b652-8cf4ef87d844___RS_Late.B 6600.JPG,0.45465487241744995,0.14025969803333282,0.8807803988456726,0.0008697509765625,0.0,0.46666669845581055,0.999982476234436,0.999982476234436,0.0,none,none
D:\BTECH\PlantDiseaseProject\dataset\val\Tomato___Late_blight\29f85d31-a9c2-404a-b7bc-9a5b9cd7aa88___RS_Late.B 5541.JPG,0.5309632420539856,0.14402881264686584,0.8583524227142334,1.52587890625e-05,0.0,0.46274513006210327,0.9999998807907104,1.0,1.1920928955078125e-07,gamma_bright,none
D:\BTECH\PlantDiseaseProject\dataset\val\Tomato___Late_blight\2a295211-a73b-4460-95c5-81842743518f___RS_Late.B 5116.JPG,0.43499699234962463,0.2311430275440216,0.9232999086380005,0.0171661376953125,0.0,0.6745098233222961,0.9996707439422607,0.9997460246086121,7.528066635131836e-05,gamma_dark,none
D:\BTECH\PlantDiseaseProject\dataset\val\Tomato___Late_blight\2bf70a8f-ba33-4405-89d2-8135dbea2b9d___GHLB2 Leaf 9064.JPG,0.5032193660736084,0.09515265375375748,0.8178484439849854,0.0,1.52587890625e-05,0.30588236451148987,0.9996951818466187,0.9998151659965515,0.00011998414993286133,clahe,none
D:\BTECH\PlantDiseaseProject\dataset\val\Tomato___Late_blight\2c47b891-3c97-48f1-a2cc-5aa53d3a1148___GHLB2 Leaf 9011.JPG,0.4669254720211029,0.07732792943716049,0.7865915894508362,0.0,0.0,0.250980406999588,0.9999494552612305,0.9999891519546509,3.9696693420410156e-05,hist_eq,none
D:\BTECH\PlantDiseaseProject\dataset\val\Tomato___Late_blight\2dd36c99-7454-499f-8ff5-d25a01568d33___GHLB2 Leaf 99.JPG,0.4670461416244507,0.10293354839086533,0.833490788936615,0.0,0.0,0.32549020648002625,0.9993415474891663,0.9998045563697815,0.0004630088806152344,hist_eq,none
D:\BTECH\PlantDiseaseProject\dataset\val\Tomato___Late_blight\2e493726-b22f-4e98-a2e2-418a4425cafb___GHLB2 Leaf 8911.JPG,0.47045284509658813,0.10433978587388992,0.8375178575515747,0.0002899169921875,0.0,0.3490196168422699,0.9998641014099121,0.9999743700027466,0.00011026859283447266,clahe,none
D:\BTECH\PlantDiseaseProject\dataset\val\Tomato___Late_blight\2e6c4476-c99f-4f05-a1bd-70701326a15d___GHLB2 Leaf 8925.JPG,0.5161652565002441,0.09520230442285538,0.8205980062484741,0.0,0.0,0.2823529541492462,0.9999909400939941,0.9999923706054688,1.430511474609375e-06,gamma_dark,none
D:\BTECH\PlantDiseaseProject\dataset\val\Tomato___Late_blight\2e86ab04-c41e-4a4b-a674-552176d72ab1___GHLB2 Leaf 100.JPG,0.47847217321395874,0.15108321607112885,0.9059070348739624,1.52587890625e-05,7.62939453125e-05,0.5176470875740051,0.9999938011169434,0.9999992847442627,5.4836273193359375e-06,clahe,none
D:\BTECH\PlantDiseaseProject\dataset\val\Tomato___Late_blight\2f26c159-70bd-4405-b61e-150aaf779c41___RS_Late.B 4919.JPG,0.49294182658195496,0.20292004942893982,0.9332866072654724,0.0061187744140625,4.57763671875e-05,0.6823529601097107,0.9999994039535522,0.9999994039535522,0.0,none,none
D:\BTECH\PlantDiseaseProject\dataset\val\Tomato___Late_blight\335da0b8-a52f-4a2a-8bce-cf98b53b2596___RS_Late.B 6220.JPG,0.5102159976959229,0.23755411803722382,0.9388918876647949,0.0290374755859375,0.000244140625,0.7764706015586853,0.9999955892562866,0.9999955892562866,0.0,none,none
D:\BTECH\PlantDiseaseProject\dataset\val\Tomato___Late_blight\33b5c25b-ab14-4b22-a7f0-764b2070b2d7___GHLB2 Leaf 8670.JPG,0.5268964171409607,0.05282219499349594,0.7200009822845459,0.0,0.0,0.1725490391254425,0.9998317956924438,0.9999089241027832,7.712841033935547e-05,hist_eq,none
D:\BTECH\PlantDiseaseProject\dataset\val\Tomato___Late_blight\345e34f9-1a77-4d5f-bd62-aa41f648e41d___GHLB2 Leaf 8930.JPG,0.49991655349731445,0.10894651710987091,0.8412853479385376,0.0002288818359375,0.0,0.3450980484485626,0.9997453093528748,0.9999167919158936,0.00017148256301879883,hist_eq,none
D:\BTECH\PlantDiseaseProject\dataset\val\Tomato___Late_blight\351fea81-8dc9-4d24-9a09-5b92f174d883___GHLB2 Leaf 8604.JPG,0.4688341021537781,0.08587845414876938,0.7974404096603394,0.0,0.0,0.2666666805744171,0.9999812841415405,0.9999936819076538,1.239776611328125e-05,clahe,none
D:\BTECH\PlantDiseaseProject\dataset\val\Tomato___Late_blight\359ad718-024d-4c9e-b871-4144ca25da76___GHLB_PS Leaf 23.1 Day 13.jpg,0.08711488544940948,0.15013450384140015,0.34342753887176514,0.762847900390625,0.0,0.4117647111415863,0.9999938011169434,0.9999988079071045,5.0067901611328125e-06,hist_eq,none
D:\BTECH\PlantDiseaseProject\dataset\val\Tomato___Late_blight\35baedd2-975e-4a48-b468-5b7203bab631___GHLB2 Leaf 8936.JPG,0.47486674785614014,0.10170704126358032,0.8262979984283447,0.0,0.0,0.3333333432674408,0.9999467134475708,0.99997878074646,3.2067298889160156e-05,clahe,none
D:\BTECH\PlantDiseaseProject\dataset\val\Tomato___Late_blight\366e33bd-7e1a-45b5-a473-374636bbcf02___GHLB2 Leaf 160.JPG,0.5247485041618347,0.10600578784942627,0.8386157155036926,6.103515625e-05,0.0,0.3450980484485626,0.9999469518661499,0.9999876022338867,4.0650367736816406e-05,clahe,none
D:\BTECH\PlantDiseaseProject\dataset\val\Tomato___Late_blight\36df35a3-3099-48c0-a9c4-e16c1bcb0573___RS_Late.B 6401.JPG,0.5268092155456543,0.18164455890655518,0.9110305309295654,0.0186614990234375,0.00042724609375,0.6627451181411743,0.9999967813491821,0.9999985694885254,1.7881393432617188e-06,clahe,none
D:\BTECH\PlantDiseaseProject\dataset\val\Tomato___Late_blight\389ecffc-2ab0-4c7e-9f03-d6d4695d4f6a___RS_Late.B 5117.JPG,0.4732073247432709,0.2262692153453827,0.9115622043609619,0.0355987548828125,0.0,0.6941176652908325,0.9994557499885559,0.9998509883880615,0.00039523839950561523,gamma_bright,none
D:\BTECH\PlantDiseaseProject\dataset\val\Tomato___Late_blight\3a0cd50f-708e-478a-9231-39db5f2fc7c3___GHLB_PS Leaf 32.1 Day 13.jpg,0.1032206267118454,0.18233053386211395,0.3517754375934601,0.7540740966796875,0.0,0.48627451062202454,0.9999958276748657,0.9999958276748657,0.0,none,none
D:\BTECH\PlantDiseaseProject\dataset\val\Tomato___Late_blight\3a7b4305-431f-431b-809f-79ae28306b41___GHLB2 Leaf 8965.JPG,0.5180222988128662,0.08347995579242706,0.7824349403381348,0.0,0.0,0.2392157018184662,0.9999133348464966,0.9999804496765137,6.711483001708984e-05,hist_eq,none
D:\BTECH\PlantDiseaseProject\dataset\val\Tomato___Late_blight\3afd2f69-8335-4cb1-842c-1f95bb98f07e___RS_Late.B 6502.JPG,0.5391605496406555,0.1684671938419342,0.8586349487304688,0.008544921875,3.0517578125e-05,0.6039215922355652,0.999998927116394,0.9999997615814209,8.344650268554688e-07,clahe,none
D:\BTECH\PlantDiseaseProject\dataset\val\Tomato___Late_blight\3b34322e-e2ad-4023-bf76-f290fb2455a1___GHLB_PS Leaf 52 Day 18.jpg,0.144887775182724,0.23313955962657928,0.4047263264656067,0.7061614990234375,0.0,0.6039215922355652,0.9999749660491943,0.9999749660491943,0.0,none,none
D:\BTECH\PlantDiseaseProject\dataset\val\Tomato___Late_blight\3d43c9c6-7b87-4c79-819c-e202de44236c___GHLB2 Leaf 89.3.JPG,0.5227607488632202,0.10843738168478012,0.8242021799087524,0.0,3.0517578125e-05,0.3803921639919281,0.999995231628418,0.9999996423721313,4.410743713378906e-06,clahe,none
D:\BTECH\PlantDiseaseProject\dataset\val\Tomato___Late_blight\3db1a347-001b-4170-8f64-4fa097f83bc7___GHLB_PS Leaf 1.2 Day 8.jpg,0.13145047426223755,0.17541885375976562,0.46487584710121155,0.639068603515625,0.0,0.4470588266849518,0.9997031092643738,0.9997273087501526,2.4199485778808594e-05,gamma_dark,none
D:\BTECH\PlantDiseaseProject\dataset\val\Tomato___Late_blight\3db1dcda-3180-432a-9b8e-7ba8a0d6be55___GHLB_PS Leaf 28.3 Day 13.JPG,0.49534663558006287,0.14968325197696686,0.9016067981719971,1.52587890625e-05,0.0,0.49803921580314636,0.9999698400497437,0.9999879598617554,1.811981201171875e-05,hist_eq,none
D:\BTECH\PlantDiseaseProject\dataset\val\Tomato___Late_blight\3dcee9ed-43bb-45a9-8cff-641b3dd62179___RS_Late.B 5324.JPG,0.4336639642715454,0.1827850639820099,0.9266904592514038,0.0047149658203125,1.52587890625e-05,0.6078431606292725,1.0,1.0,0.0,none,none
D:\BTECH\PlantDiseaseProject\dataset\val\Tomato___Late_blight\3fbc7d2b-b44e-4562-901f-61eed2e4e38c___RS_Late.B 6045.JPG,0.5685128569602966,0.22023741900920868,0.9395744204521179,0.0008087158203125,0.000457763671875,0.7372549176216125,0.9999997615814209,1.0,2.384185791015625e-07,clahe,none
D:\BTECH\PlantDiseaseProject\dataset\val\Tomato___Late_blight\40de149e-4734-4d63-a34a-7ab34ace1ae5___RS_Late.B 6126.JPG,0.48271697759628296,0.1947929859161377,0.9212133884429932,0.0294952392578125,0.000244140625,0.6745098233222961,1.0,1.0,0.0,none,none
D:\BTECH\PlantDiseaseProject\dataset\val\Tomato___Late_blight\418ae33c-5f61-4531-82df-8608d82a7a90___RS_Late.B 5574.JPG,0.5519152283668518,0.15624341368675232,0.8690709471702576,0.0008392333984375,0.0,0.5058823823928833,1.0,1.0,0.0,none,none
D:\BTECH\PlantDiseaseProject\dataset\val\Tomato___Late_blight\41e1ea20-a4d0-4ef0-9362-b3756c8c06ec___GHLB2 Leaf 8755.JPG,0.5205868482589722,0.08796887844800949,0.7935435175895691,9.1552734375e-05,0.0,0.26274511218070984,0.9999293088912964,0.9999814033508301,5.2094459533691406e-05,clahe,none
D:\BTECH\PlantDiseaseProject\dataset\val\Tomato___Late_blight\4206d227-db97-4b7e-8433-042f12d6681b___GHLB2 Leaf 8654.JPG,0.4829702079296112,0.06385548412799835,0.7305336594581604,3.0517578125e-05,0.0,0.2039215862751007,0.9999746084213257,0.9999831914901733,8.58306884765625e-06,gamma_bright,none
D:\BTECH\PlantDiseaseProject\dataset\val\Tomato___Late_blight\4378c0ca-ff9f-48f4-8311-e716e89b1a99___RS_Late.B 5087.JPG,0.46627986431121826,0.2063741534948349,0.9382591247558594,0.0113983154296875,4.57763671875e-05,0.6470588445663452,0.9999991655349731,0.9999991655349731,0.0,none,none
D:\BTECH\PlantDiseaseProject\dataset\val\Tomato___Late_blight\4392c0b5-bd98-4419-a99a-68d0f41f00b9___GHLB2 Leaf 8680.JPG,0.48592710494995117,0.06538467109203339,0.7555207014083862,0.0,0.0,0.2039215862751007,0.9998512268066406,0.9999773502349854,0.00012612342834472656,hist_eq,none
D:\BTECH\PlantDiseaseProject\dataset\val\Tomato___Late_blight\47614fe0-26d7-4259-a78b-5b8db71f7eed___RS_Late.B 4976.JPG,0.4688078761100769,0.22591981291770935,0.9127383232116699,0.032257080078125,3.0517578125e-05,0.6980392336845398,0.9999995231628418,0.9999997615814209,2.384185791015625e-07,hist_eq,none
D:\BTECH\PlantDiseaseProject\dataset\val\Tomato___Late_blight\47a6f6d3-e523-4103-bf89-ddc436f2a7a7___GHLB2 Leaf 154.5.JPG,0.44821596145629883,0.11378080397844315,0.8315131068229675,0.0002288818359375,3.0517578125e-05,0.4078431725502014,0.9998425245285034,0.9999228715896606,8.034706115722656e-05,clahe,none
D:\BTECH\PlantDiseaseProject\dataset\val\Tomato___Late_blight\4be05670-885c-4a87-a22a-dfb89f0b15d0___RS_Late.B 6588.JPG,0.47507038712501526,0.14196904003620148,0.886597752571106,0.004730224609375,0.0,0.4784314036369324,0.9999955892562866,0.9999982118606567,2.6226043701171875e-06,gamma_dark,none
D:\BTECH\PlantDiseaseProject\dataset\val\Tomato___Late_blight\4bf424a2-b275-4ac0-968c-fe229136f10d___GHLB_PS Leaf 2.5 Day 16.jpg,0.150658518075943,0.22014710307121277,0.48340946435928345,0.642120361328125,0.0,0.5843137502670288,0.9999985694885254,0.9999985694885254,0.0,none,none
D:\BTECH\PlantDiseaseProject\dataset\val\Tomato___Late_blight\4ca113ee-0468-483d-be29-68a27bf60a71___GHLB2 Leaf 8890.JPG,0.5139694213867188,0.1320960372686386,0.8497812151908875,0.0003662109375,0.0,0.4078431725502014,0.9999797344207764,0.9999908208847046,1.1086463928222656e-05,gamma_bright,none
D:\BTECH\PlantDiseaseProject\dataset\val\Tomato___Late_blight\4e9c1dac-62c2-4699-bcda-5bdc3740f267___GHLB2 Leaf 8740.JPG,0.4641513526439667,0.05606064200401306,0.7159551382064819,1.52587890625e-05,0.0,0.16862747073173523,0.9998656511306763,0.9998986721038818,3.3020973205566406e-05,hist_eq,none
D:\BTECH\PlantDiseaseProject\dataset\val\Tomato___Late_blight\4f12205c-0035-48ed-b6b0-56f347fe2ab0___RS_Late.B 5085.JPG,0.42491665482521057,0.18047919869422913,0.9291960000991821,0.0017242431640625,0.0,0.5843137502670288,0.9999459981918335,0.9999502897262573,4.291534423828125e-06,gamma_dark,none
D:\BTECH\PlantDiseaseProject\dataset\val\Tomato___Late_blight\5025cbd9-e9e6-4c16-a9c8-b915a5e30f13___RS_Late.B 7009.JPG,0.6879063844680786,0.18677978217601776,0.9299036264419556,0.0001068115234375,0.007415771484375,0.5725489854812622,0.9999951124191284,0.9999991655349731,4.0531158447265625e-06,clahe,none
D:\BTECH\PlantDiseaseProject\dataset\val\Tomato___Late_blight\50ee2f48-e5f7-4eda-8bc9-9d501fedbe8f___RS_Late.B 4933.JPG,0.47622352838516235,0.20340676605701447,0.9301203489303589,0.00439453125,4.57763671875e-05,0.6784313917160034,0.9999998807907104,0.9999998807907104,0.0,none,none
D:\BTECH\PlantDiseaseProject\dataset\val\Tomato___Late_blight\523e5382-14a5-4849-bbec-1bfab9aeecfb___GHLB2 Leaf 8776.JPG,0.4424803555011749,0.07744254171848297,0.7746627330780029,1.52587890625e-05,0.0,0.21176472306251526,0.999936580657959,0.999936580657959,0.0,none,none
D:\BTECH\PlantDiseaseProject\dataset\val\Tomato___Late_blight\52c38d27-ff5d-4eb0-83a4-4dea0a7bc51b___GHLB2 Leaf 73.JPG,0.475109726190567,0.09385782480239868,0.8185827136039734,0.0,3.0517578125e-05,0.2980392277240753,0.999980092048645,0.9999825954437256,2.5033950805664062e-06,gamma_dark,none
D:\BTECH\PlantDiseaseProject\dataset\val\Tomato___Late_blight\5330d941-df3e-4d0b-bb9a-defe32ff9ce2___RS_Late.B 4920.JPG,0.476686030626297,0.22833089530467987,0.9439235925674438,0.0035400390625,0.0001373291015625,0.7019608020782471,0.9999935626983643,0.9999953508377075,1.7881393432617188e-06,clahe,none
D:\BTECH\PlantDiseaseProject\dataset\val\Tomato___Late_blight\534dba84-d298-46bc-ac4a-c23e7c982ee4___RS_Late.B 4993.JPG,0.5212134122848511,0.2081344574689865,0.9347708225250244,0.0014190673828125,1.52587890625e-05,0.6784313917160034,1.0,1.0,0.0,none,none
D:\BTECH\PlantDiseaseProject\dataset\val\Tomato___Late_blight\54eb17df-c42a-472f-91ec-92784e034115___GHLB2 Leaf 8910.JPG,0.469940185546875,0.09389793872833252,0.8104448318481445,0.0001068115234375,0.0,0.30980393290519714,0.9998362064361572,0.9999617338180542,0.00012552738189697266,clahe,none
D:\BTECH\PlantDiseaseProject\dataset\val\Tomato___Late_blight\56226d25-dadc-4c38-8a06-cba810b38c42___GHLB2 Leaf 154.1.JPG,0.448147177696228,0.10823937505483627,0.8452966213226318,0.000701904296875,0.0,0.32156863808631897,0.9998661279678345,0.9998661279678345,0.0,none,none
D:\BTECH\PlantDiseaseProject\dataset\val\Tomato___Late_blight\566f6d0f-e441-49a3-a7a1-a3210682b6e7___GHLB2 Leaf 8591.JPG,0.5033164024353027,0.0772889256477356,0.7714385390281677,7.62939453125e-05,0.0,0.2392157018184662,0.9998952150344849,0.9999599456787109,6.473064422607422e-05,clahe,none
D:\BTECH\PlantDiseaseProject\dataset\val\Tomato___Late_blight\573be558-1fa3-4889-88d6-4c733f4c79d6___GHLB2 Leaf 8598.JPG,0.4910736083984375,0.08041629940271378,0.7872645854949951,0.000274658203125,0.0,0.2352941334247589,0.9999529123306274,0.9999819993972778,2.9087066650390625e-05,hist_eq,none
D:\BTECH\PlantDiseaseProject\dataset\val\Tomato___Late_blight\58465768-148b-40c6-8534-e695e9c517d5___GHLB2 Leaf 95.1.JPG,0.5235191583633423,0.10465439409017563,0.8409398198127747,0.0,0.0,0.3333333432674408,0.9999897480010986,0.999996542930603,6.794929504394531e-06,clahe,none
D:\BTECH\PlantDiseaseProject\dataset\val\Tomato___Late_blight\59f2bb8e-e7a1-42b6-8613-f3d4bc11253a___RS_Late.B 6605.JPG,0.4745882749557495,0.13697123527526855,0.8757307529449463,0.0018463134765625,0.0,0.44705885648727417,0.9998371601104736,0.9999117851257324,7.462501525878906e-05,gamma_dark,none
D:\BTECH\PlantDiseaseProject\dataset\val\Tomato___Late_blight\5aac391c-87ed-44cd-84f0-a7bf235003fd___RS_Late.B 4842.JPG,0.4961026906967163,0.22696277499198914,0.9401702284812927,0.004486083984375,3.0517578125e-05,0.7058823704719543,0.9999995231628418,0.9999996423721313,1.1920928955078125e-07,clahe,none
D:\BTECH\PlantDiseaseProject\dataset\val\Tomato___Late_blight\5b80231f-8012-42bb-97d0-12c48a4a2450___GHLB2 Leaf 8546.JPG,0.5831776261329651,0.07530540972948074,0.7657333612442017,0.0,0.0,0.24313727021217346,0.9981828331947327,0.9999021291732788,0.0017192959785461426,clahe,none
D:\BTECH\PlantDiseaseProject\dataset\val\Tomato___Late_blight\5be6f633-9ae7-40b9-b1aa-f92a1ab919fb___RS_Late.B 5011.JPG,0.48828643560409546,0.24949747323989868,0.9374939799308777,0.017059326171875,0.0001373291015625,0.7450980544090271,0.9999978542327881,0.9999979734420776,1.1920928955078125e-07,clahe,none
D:\BTECH\PlantDiseaseProject\dataset\val\Tomato___Late_blight\5c25c249-5433-47b9-be00-6cd2d31f48c1___GHLB2 Leaf 8753.JPG,0.5073351860046387,0.08641115576028824,0.8043310046195984,7.62939453125e-05,0.0,0.250980406999588,0.9998775720596313,0.9999690055847168,9.143352508544922e-05,clahe,none
D:\BTECH\PlantDiseaseProject\dataset\val\Tomato___Late_blight\5c5a2e9e-e460-403e-9d8a-f961b1f10935___RS_Late.B 5133.JPG,0.483022004365921,0.23667408525943756,0.9235008955001831,0.024169921875,0.0001220703125,0.6941176652908325,1.0,1.0,0.0,none,none
D:\BTECH\PlantDiseaseProject\dataset\val\Tomato___Late_blight\5c715755-192c-4d69-8740-e778e4a66618___RS_Late.B 6215.JPG,0.5161707401275635,0.20256434381008148,0.9279286861419678,0.012237548828125,0.000152587890625,0.6901960968971252,0.9999853372573853,0.9999947547912598,9.417533874511719e-06,clahe,none
D:\BTECH\PlantDiseaseProject\dataset\val\Tomato___Late_blight\5cfd46ee-eb76-4bdb-83c7-04707116eaed___GHLB2 Leaf 91.1.JPG,0.5509356260299683,0.10111045092344284,0.8246631622314453,0.0,0.0,0.3333333432674408,0.998245358467102,0.9997135996818542,0.0014682412147521973,hist_eq,none
D:\BTECH\PlantDiseaseProject\dataset\val\Tomato___Late_blight\5e046b07-5da5-4cfd-a6f1-bb942eeef5f9___RS_Late.B 6216.JPG,0.4617663025856018,0.23329630494117737,0.9369135499000549,0.0389556884765625,0.000152587890625,0.7254902124404907,0.9999991655349731,0.9999994039535522,2.384185791015625e-07,gamma_bright,none
D:\BTECH\PlantDiseaseProject\dataset\val\Tomato___Late_blight\61009f0a-e08d-46fb-b03d-270d2323ceff___GHLB Leaf 23.1 Day 12.JPG,0.5557652115821838,0.13695937395095825,0.8769298791885376,0.0,0.0,0.45098039507865906,0.9999006986618042,0.9999204874038696,1.9788742065429688e-05,gamma_bright,none
D:\BTECH\PlantDiseaseProject\dataset\val\Tomato___Late_blight\63385691-5de8-4652-abe5-15727fdcab4b___RS_Late.B 5342.JPG,0.44135165214538574,0.2070515751838684,0.9278138279914856,0.0030670166015625,0.0,0.6470588445663452,0.9999998807907104,1.0,1.1920928955078125e-07,clahe,none
D:\BTECH\PlantDiseaseProject\dataset\val\Tomato___Late_blight\6395653e-67bb-45ae-97cb-9adf19a9ae62___GHLB_PS Leaf 16 Day 8.jpg,0.14526019990444183,0.21169254183769226,0.40263453125953674,0.6719207763671875,0.0,0.5098039507865906,0.9999866485595703,0.9999902248382568,3.5762786865234375e-06,hist_eq,none
D:\BTECH\PlantDiseaseProject\dataset\val\Tomato___Late_blight\64e8fe57-b397-413c-a365-1158b9adb6cb___RS_Late.B 5328.JPG,0.3783917725086212,0.17991796135902405,0.9225643277168274,0.02032470703125,0.0,0.6078431606292725,0.9999979734420776,0.9999992847442627,1.3113021850585938e-06,gamma_bright,none
D:\BTECH\PlantDiseaseProject\dataset\val\Tomato___Late_blight\670337a4-55b1-4312-8644-3545b1fcc06f___GHLB2 Leaf 8902.JPG,0.5069942474365234,0.08799402415752411,0.8110576868057251,0.0,0.0,0.27450981736183167,0.9999030828475952,0.9999645948410034,6.151199340820312e-05,clahe,none
D:\BTECH\PlantDiseaseProject\dataset\val\Tomato___Late_blight\67bb7136-ae93-4839-853b-26e6cbf868f6___GHLB2 Leaf 105.JPG,0.5948472023010254,0.1253211498260498,0.872112512588501,0.0,0.0,0.41960784792900085,0.9999997615814209,1.0,2.384185791015625e-07,gamma_dark,none
D:\BTECH\PlantDiseaseProject\dataset\val\Tomato___Late_blight\695709e4-d869-4003-97eb-b2de21d5d1a5___GHLB2ES Leaf 62.1.JPG,0.5333767533302307,0.11151111871004105,0.8493200540542603,0.0,0.0,0.35686275362968445,0.9962385892868042,0.9998432397842407,0.0036046504974365234,clahe,none
D:\BTECH\PlantDiseaseProject\dataset\val\Tomato___Late_blight\69a7bc98-0c0d-4391-ad2f-2fa91a5d51ac___RS_Late.B 6986.JPG,0.6015890836715698,0.21223069727420807,0.9432673454284668,0.0008087158203125,0.0004425048828125,0.7058823704719543,0.9999984502792358,0.9999984502792358,0.0,none,none
D:\BTECH\PlantDiseaseProject\dataset\val\Tomato___Late_blight\6b68a1c0-31aa-49f9-b69c-55e96bebcc8b___GHLB Leaf 8.2 Day 13.JPG,0.42025333642959595,0.18360412120819092,0.8825026750564575,0.0,0.0,0.5372549295425415,0.9998290538787842,0.999950647354126,0.00012159347534179688,gamma_bright,none
D:\BTECH\PlantDiseaseProject\dataset\val\Tomato___Late_blight\6bd357a5-df74-4a18-a0d5-a078aeca7377___RS_Late.B 5134.JPG,0.469763845205307,0.2510995864868164,0.9405087232589722,0.0206146240234375,0.0001220703125,0.7686274647712708,0.999996542930603,0.9999972581863403,7.152557373046875e-07,clahe,none
D:\BTECH\PlantDiseaseProject\dataset\val\Tomato___Late_blight\6c9a2927-d29d-4cca-80d9-63ddb240ef70___RS_Late.B 5340.JPG,0.4189811646938324,0.19320686161518097,0.9290964603424072,0.0010986328125,0.0,0.6274510025978088,0.9999998807907104,0.9999998807907104,0.0,none,none
D:\BTECH\PlantDiseaseProject\dataset\val\Tomato___Late_blight\6cc5252d-0b5d-4f06-969d-8317150c355d___RS_Late.B 5012.JPG,0.5337762832641602,0.23546403646469116,0.9388545155525208,0.01446533203125,0.0001373291015625,0.7372549176216125,0.9999998807907104,0.9999998807907104,0.0,none,none
D:\BTECH\PlantDiseaseProject\dataset\val\Tomato___Late_blight\6cd183e0-9e97-4e80-a956-7c81bd06ab8b___RS_Late.B 6621.JPG,0.4761548638343811,0.17781521379947662,0.9030988812446594,0.0077667236328125,3.0517578125e-05,0.6235294342041016,0.9999992847442627,0.9999997615814209,4.76837158203125e-07,hist_eq,none
D:\BTECH\PlantDiseaseProject\dataset\val\Tomato___Late_blight\6dbfc1ca-37e7-4768-8009-4394e97c6c03___GHLB2 Leaf 8838.JPG,0.5071151256561279,0.09460876137018204,0.8215168118476868,0.0,0.0,0.32156863808631897,0.9483850598335266,0.9835032224655151,0.035118162631988525,clahe,clahe
D:\BTECH\PlantDiseaseProject\dataset\val\Tomato___Late_blight\6dcf84e4-bfbc-467d-83d8-546c22779f6d___GHLB2 Leaf 76.1.JPG,0.5268135070800781,0.11845936626195908,0.8589944243431091,0.0,0.0,0.4000000059604645,0.9999436140060425,0.9999889135360718,4.5299530029296875e-05,clahe,none
D:\BTECH\PlantDiseaseProject\dataset\val\Tomato___Late_blight\6dd1bc0c-72c3-420c-aa48-c3bb4ca8dc7c___GHLB2 Leaf 83.1.JPG,0.5006309747695923,0.13158226013183594,0.8847152590751648,0.0,1.52587890625e-05,0.43529412150382996,0.9999992847442627,0.9999998807907104,5.960464477539062e-07,hist_eq,none
D:\BTECH\PlantDiseaseProject\dataset\val\Tomato___Late_blight\6e42a5dd-9354-454e-bca2-ea0cb4663de4___GHLB2 Leaf 8675.JPG,0.5141280889511108,0.07084687799215317,0.7572228908538818,0.0,0.0,0.21568629145622253,0.9999158382415771,0.9999819993972778,6.61611557006836e-05,clahe,none
D:\BTECH\PlantDiseaseProject\dataset\val\Tomato___Late_blight\6f78a5ad-d4cf-4289-8369-29a69aa493b0___RS_Late.B 6129.JPG,0.5073583126068115,0.19884178042411804,0.9188130497932434,0.0252532958984375,0.0003662109375,0.6784313917160034,0.9999998807907104,0.9999998807907104,0.0,none,none
D:\BTECH\PlantDiseaseProject\dataset\val\Tomato___Late_blight\6f7a49a1-db0e-486f-b836-51827df940df___GHLB2 Leaf 8735.JPG,0.47383415699005127,0.047737956047058105,0.6984220743179321,0.0,0.0,0.15294119715690613,0.9996845722198486,0.9998632669448853,0.0001786947250366211,hist_eq,none
D:\BTECH\PlantDiseaseProject\dataset\val\Tomato___Late_blight\700fdedf-00ca-4fbc-9871-ad67425777db___GHLB2 Leaf 8777.JPG,0.41228505969047546,0.059692613780498505,0.6990301609039307,1.52587890625e-05,0.0,0.1882353127002716,0.999993085861206,0.9999938011169434,7.152557373046875e-07,clahe,none
D:\BTECH\PlantDiseaseProject\dataset\val\Tomato___Late_blight\726a5ae7-e33b-4854-a872-71318ec3a493___RS_Late.B 5538.JPG,0.5264459848403931,0.1491851508617401,0.879303514957428,0.0004425048828125,0.0,0.4784314036369324,1.0,1.0,0.0,none,none
D:\BTECH\PlantDiseaseProject\dataset\val\Tomato___Late_blight\736c244e-cbeb-406a-bd0e-9a86675b99fc___RS_Late.B 4972.JPG,0.4666925370693207,0.25580546259880066,0.9339296817779541,0.0169219970703125,3.0517578125e-05,0.7411764860153198,0.9999918937683105,0.9999918937683105,0.0,none,none
D:\BTECH\PlantDiseaseProject\dataset\val\Tomato___Late_blight\739d6880-fbff-462a-a06b-5a95b340f706___RS_Late.B 6101.JPG,0.516456127166748,0.2695324718952179,0.9434049725532532,0.0316314697265625,4.57763671875e-05,0.800000011920929,1.0,1.0,0.0,none,none
D:\BTECH\PlantDiseaseProject\dataset\val\Tomato___Late_blight\73c69b7e-604a-4014-a42d-ce4205b35c74___RS_Late.B 5131.JPG,0.44620510935783386,0.24093064665794373,0.930545449256897,0.0181884765625,3.0517578125e-05,0.6901960968971252,0.9999995231628418,0.9999996423721313,1.1920928955078125e-07,clahe,none
D:\BTECH\PlantDiseaseProject\dataset\val\Tomato___Late_blight\75d24a6f-1c28-4e42-a7e7-8f8c496c22ce___GHLB2 Leaf 8594.JPG,0.4403702914714813,0.1156979650259018,0.8455349802970886,1.52587890625e-05,0.0,0.3450980484485626,0.9999649524688721,0.9999825954437256,1.7642974853515625e-05,clahe,none
D:\BTECH\PlantDiseaseProject\dataset\val\Tomato___Late_blight\760a8072-2979-49aa-a6bf-e075151758d8___RS_Late.B 5089.JPG,0.4772765636444092,0.19322113692760468,0.927606463432312,0.01837158203125,0.0,0.6784313917160034,0.9999995231628418,0.9999997615814209,2.384185791015625e-07,gamma_dark,none
D:\BTECH\PlantDiseaseProject\dataset\val\Tomato___Late_blight\777d1460-e356-4b0a-9fb2-cd0931146c5b___RS_Late.B 5190.JPG,0.4197254478931427,0.208085298538208,0.919141411781311,0.009674072265625,0.0,0.6166666746139526,0.9930883049964905,0.9983953833580017,0.0053070783615112305,hist_eq,none
D:\BTECH\PlantDiseaseProject\dataset\val\Tomato___Late_blight\7879051c-bbca-4c32-946d-34cf2a02434d___GHLB2 Leaf 8851.JPG,0.4689272344112396,0.05972576141357422,0.7323132753372192,0.0,0.0,0.18039217591285706,0.9999591112136841,0.9999591112136841,0.0,none,none
D:\BTECH\PlantDiseaseProject\dataset\val\Tomato___Late_blight\79bc9614-3dc9-49df-b4dd-8fc9a269a7c5___RS_Late.B 5314.JPG,0.4661394953727722,0.19308984279632568,0.9167726039886475,0.008758544921875,1.52587890625e-05,0.6078431606292725,0.9999991655349731,0.9999997615814209,5.960464477539062e-07,clahe,none
D:\BTECH\PlantDiseaseProject\dataset\val\Tomato___Late_blight\7a48f790-80f5-4d75-bd49-3c42e8c92fb6___RS_Late.B 4844.JPG,0.4553879201412201,0.23858925700187683,0.9339717626571655,0.01470947265625,0.0001373291015625,0.7215686440467834,0.9965711832046509,0.9995099306106567,0.0029387474060058594,clahe,none
D:\BTECH\PlantDiseaseProject\dataset\val\Tomato___Late_blight\7aa199e5-4228-409c-84c2-8cd070af2b87___GHLB Leaf 2.1 Day 12.JPG,0.45259952545166016,0.1762373149394989,0.9094109535217285,1.52587890625e-05,0.0,0.5411764979362488,0.9999998807907104,0.9999998807907104,0.0,none,none
D:\BTECH\PlantDiseaseProject\dataset\val\Tomato___Late_blight\7d6954fd-a818-44e6-976e-8c817d729a86___RS_Late.B 4973.JPG,0.4546332359313965,0.2576152980327606,0.913427472114563,0.0302276611328125,0.0,0.7098039388656616,0.9999618530273438,0.999987006187439,2.5153160095214844e-05,hist_eq,none
D:\BTECH\PlantDiseaseProject\dataset\val\Tomato___Late_blight\7dbd4aab-b307-435c-90bb-7a358eba9814___RS_Late.B 6617.JPG,0.5341211557388306,0.18486733734607697,0.9002010822296143,0.037261962890625,0.00030517578125,0.686274528503418,0.9884297847747803,0.9985370635986328,0.010107278823852539,gamma_dark,none
D:\BTECH\PlantDiseaseProject\dataset\val\Tomato___Late_blight\7f790574-ac82-4a3e-9a4d-02cd7762dce2___GHLB2 Leaf 8948.JPG,0.5173375606536865,0.07479291409254074,0.7606170177459717,0.0,0.0,0.22745099663734436,0.9999523162841797,0.9999762773513794,2.396106719970703e-05,hist_eq,none
D:\BTECH\PlantDiseaseProject\dataset\val\Tomato___Late_blight\7f8eaaf9-901f-4628-b706-7257b3e67303___RS_Late.B 6025.JPG,0.28517425060272217,0.14528998732566833,0.8750842809677124,0.0617218017578125,0.0,0.4745098352432251,0.9999998807907104,0.9999998807907104,0.0,none,none
D:\BTECH\PlantDiseaseProject\dataset\val\Tomato___Late_blight\7fe35989-ae3c-4652-931f-820e2cdb7c96___RS_Late.B 6876.JPG,0.6411309242248535,0.21571236848831177,0.9234512448310852,0.00299072265625,4.57763671875e-05,0.6901960968971252,0.99998939037323,0.999996542930603,7.152557373046875e-06,gamma_bright,none
D:\BTECH\PlantDiseaseProject\dataset\val\Tomato___Late_blight\8275c408-1ce2-4b4b-a6de-b7a0b373ad05___GHLB2 Leaf 8741.JPG,0.5210292935371399,0.10079192370176315,0.7949870228767395,9.1552734375e-05,0.0,0.29019609093666077,0.9999312162399292,0.9999508857727051,1.9669532775878906e-05,gamma_bright,none
D:\BTECH\PlantDiseaseProject\dataset\val\Tomato___Late_blight\8342c931-3c80-48ce-9757-f497c36cf44e___RS_Late.B 6125.JPG,0.513348400592804,0.17034387588500977,0.8887133598327637,0.02252197265625,6.103515625e-05,0.6313725709915161,0.9999980926513672,0.9999991655349731,1.0728836059570312e-06,gamma_bright,none
D:\BTECH\PlantDiseaseProject\dataset\val\Tomato___Late_blight\835b856f-9f36-474c-b5e9-2961a7fb97c5___RS_Late.B 5187.JPG,0.3965989351272583,0.18753845989704132,0.9160339832305908,0.0060882568359375,0.0,0.5960784554481506,0.9988699555397034,0.9997041821479797,0.0008342266082763672,gamma_bright,none
D:\BTECH\PlantDiseaseProject\dataset\val\Tomato___Late_blight\84b7d3ab-56ae-4eef-a852-7b32f3ef0160___GHLB2 Leaf 150.JPG,0.5417368412017822,0.1234559416770935,0.8605996370315552,0.0,0.0005950927734375,0.37254902720451355,0.9999499320983887,0.999987006187439,3.707408905029297e-05,gamma_dark,none
D:\BTECH\PlantDiseaseProject\dataset\val\Tomato___Late_blight\85550b3b-28a6-4489-ae91-63ea771622ae___RS_Late.B 5539.JPG,0.5165531635284424,0.16940803825855255,0.8951560854911804,0.0004119873046875,0.0,0.529411792755127,0.9999997615814209,1.0,2.384185791015625e-07,hist_eq,none
D:\BTECH\PlantDiseaseProject\dataset\val\Tomato___Late_blight\85d80245-6c80-4bb7-9497-c8612903b535___RS_Late.B 5576.JPG,0.5360853672027588,0.1696600466966629,0.8789384365081787,0.0021209716796875,0.0,0.5490196347236633,0.9999905824661255,0.9999994039535522,8.821487426757812e-06,clahe,none
D:\BTECH\PlantDiseaseProject\dataset\val\Tomato___Late_blight\898fbe14-3442-44ae-9638-471ce8efcc2f___GHLB2 Leaf 117.1.JPG,0.5365606546401978,0.11272568255662918,0.8544762134552002,0.0001373291015625,0.0,0.37254902720451355,0.9999223947525024,0.9999334812164307,1.1086463928222656e-05,clahe,none
D:\BTECH\PlantDiseaseProject\dataset\val\Tomato___Late_blight\8ad4d607-b0e5-4151-9455-66e8ece55ff7___GHLB2 Leaf 8774.JPG,0.5093735456466675,0.09858190268278122,0.816059947013855,1.52587890625e-05,0.0,0.2823529541492462,0.9999934434890747,0.9999945163726807,1.0728836059570312e-06,gamma_bright,none
D:\BTECH\PlantDiseaseProject\dataset\val\Tomato___Late_blight\8b2bb3d4-b5db-4772-8151-2689b7d52846___GHLB_PS Leaf 19.1 Day 8.jpg,0.12693123519420624,0.20964951813220978,0.3462231159210205,0.7440185546875,0.0,0.5529412031173706,0.9999874830245972,0.9999974966049194,1.0013580322265625e-05,hist_eq,none
D:\BTECH\PlantDiseaseProject\dataset\val\Tomato___Late_blight\8b3de207-e6ff-4ac5-8480-f6230bd6b385___RS_Late.B 6506.JPG,0.5326841473579407,0.1702391505241394,0.8729539513587952,0.025604248046875,0.0001373291015625,0.6000000238418579,0.9999970197677612,0.9999972581863403,2.384185791015625e-07,gamma_bright,none
D:\BTECH\PlantDiseaseProject\dataset\val\Tomato___Late_blight\8bae80d9-576c-4930-8c75-f6df2be339de___RS_Late.B 4912.JPG,0.4161418080329895,0.2358776330947876,0.9352670311927795,0.0306854248046875,0.0,0.686274528503418,0.9999724626541138,0.9999724626541138,0.0,none,none
D:\BTECH\PlantDiseaseProject\dataset\val\Tomato___Late_blight\8d025d16-0058-42b5-82b5-4cd88dd6f110___GHLB2 Leaf 8785.JPG,0.5276230573654175,0.08366334438323975,0.7929216623306274,0.0,0.0,0.250980406999588,0.9999438524246216,0.999985933303833,4.208087921142578e-05,hist_eq,none
D:\BTECH\PlantDiseaseProject\dataset\val\Tomato___Late_blight\8da9d06c-bc6c-45d1-abd5-e864a8293aae___RS_Late.B 4934.JPG,0.5053294897079468,0.2004459947347641,0.9256534576416016,0.0081024169921875,3.0517578125e-05,0.6627451181411743,0.9999986886978149,0.999998927116394,2.384185791015625e-07,hist_eq,none
D:\BTECH\PlantDiseaseProject\dataset\val\Tomato___Late_blight\8e89b070-c8f0-47f5-a7c4-e28a92e0454b___GHLB2 Leaf 9097.JPG,0.49298733472824097,0.08340419083833694,0.7801470756530762,1.52587890625e-05,0.0,0.2392157018184662,0.9999847412109375,0.9999926090240479,7.867813110351562e-06,clahe,none
D:\BTECH\PlantDiseaseProject\dataset\val\Tomato___Late_blight\8ebbd6ea-f580-492d-a01d-7f00a3e788fb___RS_Late.B 6603.JPG,0.4868014454841614,0.17781497538089752,0.9261004328727722,0.001129150390625,4.57763671875e-05,0.5803921818733215,0.9999895095825195,0.9999963045120239,6.794929504394531e-06,gamma_dark,none
D:\BTECH\PlantDiseaseProject\dataset\val\Tomato___Late_blight\910c7947-dc38-4cb3-8df5-69bee6796afa___RS_Late.B 6968.JPG,0.619933009147644,0.20959267020225525,0.9397788047790527,9.1552734375e-05,0.0007476806640625,0.7411764860153198,0.9999998807907104,0.9999998807907104,0.0,none,none
D:\BTECH\PlantDiseaseProject\dataset\val\Tomato___Late_blight\9125266c-1269-43ff-b813-2052f3d16a9d___GHLB2 Leaf 8536.JPG,0.5015667676925659,0.06517880409955978,0.7339845895767212,1.52587890625e-05,0.0,0.20784315466880798,0.9999948740005493,0.9999957084655762,8.344650268554688e-07,hist_eq,none
D:\BTECH\PlantDiseaseProject\dataset\val\Tomato___Late_blight\913a9ecb-2dad-4a37-8e5e-e97a1aa2b8a1___RS_Late.B 5327.JPG,0.4452770948410034,0.1968652606010437,0.9285241365432739,0.00555419921875,0.0,0.6039215922355652,0.9999998807907104,1.0,1.1920928955078125e-07,gamma_bright,none
D:\BTECH\PlantDiseaseProject\dataset\val\Tomato___Late_blight\9191536b-0dd5-4c85-935a-37fdab6e4fab___RS_Late.B 6042.JPG,0.49298375844955444,0.17451079189777374,0.926999032497406,0.0033721923828125,4.57763671875e-05,0.6000000238418579,1.0,1.0,0.0,none,none
D:\BTECH\PlantDiseaseProject\dataset\val\Tomato___Late_blight\92abc2a8-b18b-45f9-bf9a-c774cc040ac7___GHLB2 Leaf 149.2.JPG,0.48343485593795776,0.1356678456068039,0.8896523714065552,0.0006561279296875,4.57763671875e-05,0.4274509847164154,0.9995648264884949,0.9999456405639648,0.0003808140754699707,clahe,none
D:\BTECH\PlantDiseaseProject\dataset\val\Tomato___Late_blight\943a9a43-f61d-44f5-88c0-455d5d6c4746___GHLB Leaf 14 Day 7.JPG,0.5820252895355225,0.1706029176712036,0.8562341332435608,0.0,0.0,0.4627451002597809,0.9999988079071045,0.9999988079071045,0.0,none,none
D:\BTECH\PlantDiseaseProject\dataset\val\Tomato___Late_blight\97f6b5cb-a2aa-4846-a306-decda7f1ad73___RS_Late.B 6127.JPG,0.5167300701141357,0.1706956923007965,0.890592634677887,0.01873779296875,0.0001068115234375,0.6509804129600525,1.0,1.0,0.0,none,none
D:\BTECH\PlantDiseaseProject\dataset\val\Tomato___Late_blight\98288f42-3067-4117-9e1d-d4a6b88f16eb___RS_Late.B 5545.JPG,0.510791540145874,0.16994565725326538,0.8854774832725525,0.0003509521484375,0.0,0.5372549295425415,0.9999972581863403,0.9999972581863403,0.0,none,none
D:\BTECH\PlantDiseaseProject\dataset\val\Tomato___Late_blight\98a95140-e62b-4234-b435-914d67d0afb1___RS_Late.B 6027.JPG,0.5559103488922119,0.24855810403823853,0.9606892466545105,0.005523681640625,0.0002899169921875,0.7882353067398071,1.0,1.0,0.0,none,none
D:\BTECH\PlantDiseaseProject\dataset\val\Tomato___Late_blight\993825d6-dbbd-41b8-9993-c68c3504eff8___GHLB_PS Leaf 36 Day 13.jpg,0.07508640736341476,0.16947174072265625,0.2846493124961853,0.819580078125,0.0,0.49803921580314636,0.9999947547912598,0.9999994039535522,4.649162292480469e-06,hist_eq,none
D:\BTECH\PlantDiseaseProject\dataset\val\Tomato___Late_blight\993ba935-925c-411c-887f-b06670d884c6___GHLB2 Leaf 100.1.JPG,0.4767692983150482,0.147376149892807,0.8971240520477295,0.0,0.0,0.5058823823928833,0.9999985694885254,0.9999995231628418,9.5367431640625e-07,clahe,none
D:\BTECH\PlantDiseaseProject\dataset\val\Tomato___Late_blight\9a298d6c-723d-483c-bec6-c64f99065677___RS_Late.B 6956.JPG,0.6312733888626099,0.20729930698871613,0.9094509482383728,0.00067138671875,0.0,0.6274510025978088,0.9999701976776123,0.9999916553497314,2.1457672119140625e-05,hist_eq,none
D:\BTECH\PlantDiseaseProject\dataset\val\Tomato___Late_blight\9adeaa24-183e-4403-b899-6fdce79ed524___RS_Late.B 6023.JPG,0.40496981143951416,0.15292830765247345,0.8858726024627686,0.0102081298828125,0.0,0.5254902243614197,0.9999972581863403,0.9999972581863403,0.0,none,none
D:\BTECH\PlantDiseaseProject\dataset\val\Tomato___Late_blight\9bd2db81-5615-49e0-8697-e38d34b5a2ca___GHLB_PS Leaf 24.2 Day 13.jpg,0.18474635481834412,0.21484512090682983,0.541038453578949,0.5509490966796875,0.0,0.5215686559677124,0.999998927116394,1.0,1.0728836059570312e-06,hist_eq,none
D:\BTECH\PlantDiseaseProject\dataset\val\Tomato___Late_blight\9c274db5-2f89-4f3c-b9e2-4d5ebc54ddad___GHLB2 Leaf 9096.JPG,0.4708423316478729,0.07660079002380371,0.7795966863632202,0.0001373291015625,0.0,0.2392157018184662,0.9998216032981873,0.9999256134033203,0.00010401010513305664,hist_eq,none
D:\BTECH\PlantDiseaseProject\dataset\val\Tomato___Late_blight\9c8ae903-054b-4c55-bce9-5a1752771123___GHLB2 Leaf 8855.JPG,0.5074804425239563,0.08446931093931198,0.787643313407898,0.0,0.0,0.26274511218070984,0.9996364116668701,0.9998273253440857,0.00019091367721557617,hist_eq,none
D:\BTECH\PlantDiseaseProject\dataset\val\Tomato___Late_blight\9ce46f18-eccc-4dc4-aa01-f41ad7e6e7fb___GHLB2 Leaf 8544.JPG,0.5056124329566956,0.08831673115491867,0.8145966529846191,0.0,0.0,0.2823529541492462,0.9999161958694458,0.9999550580978394,3.886222839355469e-05,clahe,none
D:\BTECH\PlantDiseaseProject\dataset\val\Tomato___Late_blight\9cea37cf-f81c-464d-9379-13026d428cc9___RS_Late.B 5344.JPG,0.44427329301834106,0.2134823352098465,0.9281280040740967,0.0143280029296875,0.0,0.6509804129600525,0.9999966621398926,0.9999979734420776,1.3113021850585938e-06,gamma_bright,none
D:\BTECH\PlantDiseaseProject\dataset\val\Tomato___Late_blight\9cfd45ac-fe8d-4962-90e8-b78a85908892___RS_Late.B 6221.JPG,0.5143907070159912,0.2377573698759079,0.9416373372077942,0.0316925048828125,0.000244140625,0.7764706015586853,0.9999991655349731,0.9999995231628418,3.5762786865234375e-07,gamma_bright,none
D:\BTECH\PlantDiseaseProject\dataset\val\Tomato___Late_blight\9d849fe1-407c-44dc-9f48-92fd23d0887d___GHLB2 Leaf 8624.JPG,0.5254473686218262,0.08640137314796448,0.79294753074646,0.0,0.0,0.25882354378700256,0.999584972858429,0.9998435974121094,0.0002586245536804199,hist_eq,none
D:\BTECH\PlantDiseaseProject\dataset\val\Tomato___Late_blight\9ed7a670-72d9-4bb7-adcb-6aeb2eecb5db___GHLB Leaf 23.5 Day 12.JPG,0.5445736050605774,0.14949911832809448,0.8543872237205505,0.000213623046875,0.0,0.4705882668495178,0.9999974966049194,0.9999977350234985,2.384185791015625e-07,gamma_bright,none
D:\BTECH\PlantDiseaseProject\dataset\val\Tomato___Late_blight\9f946f43-424a-41be-9f91-b14fa3f2b37a___GHLB2 Leaf 8892.JPG,0.49154597520828247,0.10457715392112732,0.8286312818527222,0.0001983642578125,0.0,0.3019607961177826,0.9999700784683228,0.9999947547912598,2.467632293701172e-05,hist_eq,none
D:\BTECH\PlantDiseaseProject\dataset\val\Tomato___Late_blight\a01034d4-69a1-4a6f-b05a-9561acba2ff2___GHLB2 Leaf 9057.JPG,0.5364099740982056,0.08985737711191177,0.8042404055595398,1.52587890625e-05,0.0,0.2823529541492462,0.9999045133590698,0.9999171495437622,1.2636184692382812e-05,gamma_dark,none
D:\BTECH\PlantDiseaseProject\dataset\val\Tomato___Late_blight\a02557d9-976b-4b21-8318-aecef263f90c___GHLB2 Leaf 8649.JPG,0.5603026151657104,0.07768155634403229,0.7794864177703857,0.0,0.0,0.2352941334247589,0.9999072551727295,0.9999821186065674,7.486343383789062e-05,hist_eq,none
D:\BTECH\PlantDiseaseProject\dataset\val\Tomato___Late_blight\a07f7609-5248-4cbc-a277-5d962e1d0dd1___GHLB2 Leaf 148.4.JPG,0.4310078024864197,0.15607450902462006,0.8844796419143677,0.0,0.0,0.5254902243614197,0.9999269247055054,0.9999672174453735,4.029273986816406e-05,clahe,none
D:\BTECH\PlantDiseaseProject\dataset\val\Tomato___Late_blight\a0cdaa93-f328-466d-9722-57a29c53e18b___RS_Late.B 7006.JPG,0.6137312650680542,0.20568865537643433,0.9479775428771973,0.00042724609375,0.001251220703125,0.6941176652908325,1.0,1.0,0.0,none,none
D:\BTECH\PlantDiseaseProject\dataset\val\Tomato___Late_blight\a0f74b23-b001-4cb9-8a79-f80bda4cc8e8___GHLB2 Leaf 9018.JPG,0.459816575050354,0.08377746492624283,0.7967630624771118,7.62939453125e-05,0.0,0.26274511218070984,0.9997134804725647,0.9999121427536011,0.00019866228103637695,clahe,none
D:\BTECH\PlantDiseaseProject\dataset\val\Tomato___Late_blight\a38d671f-4582-4ee9-b994-63f2343821e8___GHLB2 Leaf 8592.JPG,0.46048298478126526,0.08657535910606384,0.7894247770309448,0.0,0.0,0.27843138575553894,0.9999884366989136,0.9999920129776001,3.5762786865234375e-06,gamma_dark,none
D:\BTECH\PlantDiseaseProject\dataset\val\Tomato___Late_blight\a58b9916-46bd-49c2-b26e-de46080fdeee___GHLB2 Leaf 8879.JPG,0.5028373003005981,0.07896655052900314,0.7715705037117004,1.52587890625e-05,0.0,0.21568629145622253,0.9996672868728638,0.9998923540115356,0.000225067138671875,clahe,none
D:\BTECH\PlantDiseaseProject\dataset\val\Tomato___Late_blight\a58d9924-0f70-44f3-ac76-1c2d7fc238e1___RS_Late.B 5086.JPG,0.49604254961013794,0.20882077515125275,0.9440664649009705,0.0022430419921875,0.0001068115234375,0.6666666865348816,0.999998927116394,0.9999990463256836,1.1920928955078125e-07,gamma_dark,none
D:\BTECH\PlantDiseaseProject\dataset\val\Tomato___Late_blight\a5d04e98-7eb0-487a-a000-34455226557f___RS_Late.B 6800.JPG,0.6402193307876587,0.25018906593322754,0.9418454766273499,9.1552734375e-05,0.000762939453125,0.7764706015586853,0.9999994039535522,0.9999997615814209,3.5762786865234375e-07,clahe,none
D:\BTECH\PlantDiseaseProject\dataset\val\Tomato___Late_blight\a757db7b-6d0e-4be8-ab0c-5a851b6879ea___RS_Late.B 6498.JPG,0.5058605670928955,0.16228781640529633,0.8814013600349426,0.0090179443359375,9.1552734375e-05,0.5568627715110779,0.9999988079071045,0.9999990463256836,2.384185791015625e-07,clahe,none
D:\BTECH\PlantDiseaseProject\dataset\val\Tomato___Late_blight\a78725bd-f2c9-405e-8591-c8b009f43ea7___RS_Late.B 4918.JPG,0.465661883354187,0.19611597061157227,0.9219808578491211,0.00469970703125,6.103515625e-05,0.6784313917160034,1.0,1.0,0.0,none,none
D:\BTECH\PlantDiseaseProject\dataset\val\Tomato___Late_blight\a87b8e0c-2279-4cf7-85a4-0fba63130902___RS_Late.B 5323.JPG,0.4415264129638672,0.2043100893497467,0.9397956132888794,0.0096435546875,3.0517578125e-05,0.6980392336845398,0.9999973773956299,0.9999973773956299,0.0,none,none
D:\BTECH\PlantDiseaseProject\dataset\val\Tomato___Late_blight\a9d292cb-2aaf-44cd-a1ef-bec9b05308b9___RS_Late.B 7005.JPG,0.621039628982544,0.1737031638622284,0.9263929128646851,1.52587890625e-05,0.001373291015625,0.545098066329956,0.9999979734420776,0.9999995231628418,1.5497207641601562e-06,clahe,none
D:\BTECH\PlantDiseaseProject\dataset\val\Tomato___Late_blight\a9e5eb70-1dc4-44ec-927a-4ac745c1ff31___RS_Late.B 5035.JPG,0.48555150628089905,0.2432338297367096,0.925004243850708,0.02105712890625,0.0001068115234375,0.7450980544090271,0.9999998807907104,0.9999998807907104,0.0,none,none
D:\BTECH\PlantDiseaseProject\dataset\val\Tomato___Late_blight\aa25e72b-b191-4fa8-99d6-6a8cbefbcaf4___RS_Late.B 6277.JPG,0.4860576093196869,0.25534284114837646,0.9371939897537231,0.017852783203125,0.0001373291015625,0.7450980544090271,0.9998902082443237,0.9998902082443237,0.0,none,none
D:\BTECH\PlantDiseaseProject\dataset\val\Tomato___Late_blight\aa358a07-3140-4f44-861b-dcd99f943b09___RS_Late.B 5542.JPG,0.5128698348999023,0.1568935215473175,0.8553961515426636,0.0002899169921875,0.0,0.4784314036369324,1.0,1.0,0.0,none,none
D:\BTECH\PlantDiseaseProject\dataset\val\Tomato___Late_blight\aae679f7-4b9b-400a-8d5d-02f1c5f7a050___GHLB2 Leaf 8669.JPG,0.48171159625053406,0.0896255150437355,0.8072010278701782,0.0,0.0,0.2862745225429535,0.999422550201416,0.9996203184127808,0.0001977682113647461,clahe,none
D:\BTECH\PlantDiseaseProject\dataset\val\Tomato___Late_blight\ab4a4903-8395-481b-8f97-ee6837f5c094___GHLB_PS Leaf 30 Day 12.jpg,0.14790746569633484,0.1827322095632553,0.5062565207481384,0.5883941650390625,1.52587890625e-05,0.46666666865348816,0.9993915557861328,0.9996254444122314,0.0002338886260986328,clahe,none
D:\BTECH\PlantDiseaseProject\dataset\val\Tomato___Late_blight\af0ded43-0d73-4d40-bd97-2597806aa707___GHLB_PS Leaf 37 Day 13.jpg,0.07515085488557816,0.13870210945606232,0.3262574374675751,0.76123046875,0.0,0.37254902720451355,0.9998751878738403,0.9998852014541626,1.0013580322265625e-05,hist_eq,none
D:\BTECH\PlantDiseaseProject\dataset\val\Tomato___Late_blight\aff90d5c-a3f2-445a-b125-717a00b21fb8___RS_Late.B 6624.JPG,0.4175646901130676,0.20174667239189148,0.9196375608444214,0.0556182861328125,1.52587890625e-05,0.658823549747467,0.9999582767486572,0.9999961853027344,3.790855407714844e-05,hist_eq,none
D:\BTECH\PlantDiseaseProject\dataset\val\Tomato___Late_blight\b07f5c6e-2e85-4b45-a166-522cc484619c___RS_Late.B 6276.JPG,0.4900685250759125,0.24058009684085846,0.9527266621589661,0.0185394287109375,1.52587890625e-05,0.7372549176216125,0.9999483823776245,0.9999672174453735,1.8835067749023438e-05,gamma_bright,none
D:\BTECH\PlantDiseaseProject\dataset\val\Tomato___Late_blight\b15c92e9-6973-415c-80fe-82703ff722f7___RS_Late.B 4994.JPG,0.49652063846588135,0.20545326173305511,0.9397754669189453,0.0053558349609375,0.0,0.6941176652908325,1.0,1.0,0.0,none,none
D:\BTECH\PlantDiseaseProject\dataset\val\Tomato___Late_blight\b17fad17-1d16-4a55-9b4e-d1a35ddbb611___GHLB2 Leaf 8933.JPG,0.49594244360923767,0.10084015130996704,0.8325011134147644,4.57763671875e-05,1.52587890625e-05,0.3333333432674408,0.9996311664581299,0.9996854066848755,5.424022674560547e-05,gamma_bright,none
D:\BTECH\PlantDiseaseProject\dataset\val\Tomato___Late_blight\b883a992-1177-473a-8c0e-c08ebf9ac743___RS_Late.B 5537.JPG,0.549130380153656,0.15806011855602264,0.875961184501648,0.0002899169921875,0.0,0.5098039507865906,0.9999998807907104,1.0,1.1920928955078125e-07,clahe,none
D:\BTECH\PlantDiseaseProject\dataset\val\Tomato___Late_blight\b96efa85-1d48-4a5e-9c80-4b1848182c93___RS_Late.B 6961.JPG,0.6131459474563599,0.22947628796100616,0.9443995356559753,0.002777099609375,6.103515625e-05,0.7490196228027344,0.9999992847442627,0.9999992847442627,0.0,none,none
D:\BTECH\PlantDiseaseProject\dataset\val\Tomato___Late_blight\ba98d073-d05a-4dfd-ae35-3f1fda2c3110___RS_Late.B 4843.JPG,0.4035499095916748,0.23640306293964386,0.9350728988647461,0.022125244140625,7.62939453125e-05,0.7215686440467834,0.9999998807907104,0.9999998807907104,0.0,none,none
D:\BTECH\PlantDiseaseProject\dataset\val\Tomato___Late_blight\badd718d-0a43-411b-889c-d46a01834dba___RS_Late.B 5547.JPG,0.49770861864089966,0.15890657901763916,0.8723702430725098,0.0009765625,0.0,0.4941176772117615,0.9999995231628418,0.9999996423721313,1.1920928955078125e-07,gamma_dark,none
D:\BTECH\PlantDiseaseProject\dataset\val\Tomato___Late_blight\bb1cfbc3-b8eb-4a56-9313-86cffbea4524___GHLB_PS Leaf 30.1 Day 13.jpg,0.0738028734922409,0.1273505538702011,0.3905903995037079,0.7130889892578125,0.0,0.3176470696926117,0.9996838569641113,0.9999144077301025,0.00023055076599121094,clahe,none
D:\BTECH\PlantDiseaseProject\dataset\val\Tomato___Late_blight\bb41f69c-b5b4-4acb-b965-950eac2b49c8___GHLB2 Leaf 130.JPG,0.5533572435379028,0.10946425795555115,0.846664547920227,0.0,3.0517578125e-05,0.3490196168422699,0.9994853734970093,0.9995532631874084,6.788969039916992e-05,gamma_dark,none
D:\BTECH\PlantDiseaseProject\dataset\val\Tomato___Late_blight\bba9c7cc-21d8-43b7-acb2-9c079f810f89___RS_Late.B 6798.JPG,0.5668042898178101,0.2431040108203888,0.9534934759140015,0.00048828125,0.0003509521484375,0.7254902124404907,0.9999997615814209,0.9999998807907104,1.1920928955078125e-07,gamma_bright,none
D:\BTECH\PlantDiseaseProject\dataset\val\Tomato___Late_blight\bbedca9b-8f66-4437-adb6-87f11edd8398___GHLB_PS Leaf 47.2 Day 18.jpg,0.25036531686782837,0.3096327483654022,0.5399259924888611,0.593109130859375,0.0,0.772549033164978,0.9999319314956665,0.9999645948410034,3.266334533691406e-05,gamma_dark,none
D:\BTECH\PlantDiseaseProject\dataset\val\Tomato___Late_blight\bc5fd090-21b4-42d8-82b7-354a7697dc22___RS_Late.B 5546.JPG,0.5076810121536255,0.18722622096538544,0.9027700424194336,0.000457763671875,0.0,0.572549045085907,1.0,1.0,0.0,none,none
D:\BTECH\PlantDiseaseProject\dataset\val\Tomato___Late_blight\bcd17890-dd3b-41c2-ab28-39ff0bb60610___RS_Late.B 5115.JPG,0.42828553915023804,0.2187763750553131,0.939134418964386,0.0207977294921875,6.103515625e-05,0.6627451181411743,0.9999983310699463,0.9999983310699463,0.0,none,none
D:\BTECH\PlantDiseaseProject\dataset\val\Tomato___Late_blight\bcdc5e5b-406b-4325-a0bd-d6b917ab7c41___RS_Late.B 6875.JPG,0.5637614130973816,0.27053073048591614,0.9595608115196228,0.01556396484375,4.57763671875e-05,0.8235294222831726,0.999990701675415,0.999994158744812,3.4570693969726562e-06,clahe,none
D:\BTECH\PlantDiseaseProject\dataset\val\Tomato___Late_blight\bd38d701-9972-4472-852c-b4e27f6d72e2___RS_Late.B 6581.JPG,0.43469130992889404,0.13429869711399078,0.8747259378433228,0.0040283203125,0.0,0.46274513006210327,0.9999998807907104,1.0,1.1920928955078125e-07,gamma_dark,none
D:\BTECH\PlantDiseaseProject\dataset\val\Tomato___Late_blight\bf1dbfe2-cbad-428f-9d91-4a63de9121bd___RS_Late.B 5036.JPG,0.5268903374671936,0.212381511926651,0.9191082119941711,0.020050048828125,6.103515625e-05,0.7176470756530762,0.9999994039535522,0.9999997615814209,3.5762786865234375e-07,gamma_dark,none
D:\BTECH\PlantDiseaseProject\dataset\val\Tomato___Late_blight\c0267369-b9ec-471e-b8a2-9aa3fc77b3c1___GHLB2 Leaf 9028.JPG,0.5234056711196899,0.08784627914428711,0.7974879145622253,0.00030517578125,0.0,0.2705882489681244,0.9999706745147705,0.9999910593032837,2.0384788513183594e-05,clahe,none
D:\BTECH\PlantDiseaseProject\dataset\val\Tomato___Late_blight\c1114ce7-8c10-4854-8c07-66b3500ae853___GHLB_PS Leaf 8 Day 7.jpg,0.19308114051818848,0.25357314944267273,0.47160983085632324,0.62060546875,0.0,0.6078431606292725,0.9999923706054688,0.9999939203262329,1.5497207641601562e-06,hist_eq,none
D:\BTECH\PlantDiseaseProject\dataset\val\Tomato___Late_blight\c179ebbe-601b-474c-b9be-8704c6677f4d___RS_Late.B 6957.JPG,0.6376218795776367,0.22379480302333832,0.9378625154495239,0.0021514892578125,0.0,0.729411780834198,0.9999980926513672,0.9999995231628418,1.430511474609375e-06,gamma_bright,none
D:\BTECH\PlantDiseaseProject\dataset\val\Tomato___Late_blight\c3a5ec63-9d0d-48a2-898a-9bc31b4443a9___GHLB_PS Leaf 1.2 Day 16.jpg,0.23111602663993835,0.2515225112438202,0.6320146322250366,0.4919586181640625,0.0,0.6549019813537598,0.9999988079071045,0.9999998807907104,1.0728836059570312e-06,hist_eq,none
D:\BTECH\PlantDiseaseProject\dataset\val\Tomato___Late_blight\c421eebc-d8ec-42d7-bcc9-a615343216a0___GHLB2 Leaf 8912.JPG,0.46857067942619324,0.10167086869478226,0.8163185119628906,0.0003204345703125,0.0,0.3607843220233917,0.9995429515838623,0.9999651908874512,0.0004222393035888672,clahe,none
D:\BTECH\PlantDiseaseProject\dataset\val\Tomato___Late_blight\c49f101c-9495-4a82-aabe-5f3adb220ef0___RS_Late.B 6597.JPG,0.4516444206237793,0.139210507273674,0.8808601498603821,0.0014801025390625,0.0,0.4431372880935669,0.9999992847442627,0.9999996423721313,3.5762786865234375e-07,gamma_dark,none
D:\BTECH\PlantDiseaseProject\dataset\val\Tomato___Late_blight\c61bce34-b48f-4042-9ca6-f0287ecc3509___RS_Late.B 6970.JPG,0.5879588723182678,0.16859211027622223,0.9162088632583618,0.000335693359375,0.0001068115234375,0.5921568870544434,1.0,1.0,0.0,none,none
D:\BTECH\PlantDiseaseProject\dataset\val\Tomato___Late_blight\c6f2f79f-4554-4869-84e0-32df4ed15eb4___RS_Late.B 6399.JPG,0.5396509766578674,0.15282085537910461,0.8956908583641052,0.00244140625,0.00018310546875,0.5058823823928833,0.9999754428863525,0.9999904632568359,1.5020370483398438e-05,gamma_bright,none
D:\BTECH\PlantDiseaseProject\dataset\val\Tomato___Late_blight\c8e70ac1-1fbc-496d-a6eb-954ef48d4f56___RS_Late.B 4932.JPG,0.4520341455936432,0.2002183198928833,0.9437420964241028,0.0083160400390625,3.0517578125e-05,0.6745098233222961,0.9999998807907104,0.9999998807907104,0.0,none,none
D:\BTECH\PlantDiseaseProject\dataset\val\Tomato___Late_blight\ca5daff3-da8c-404a-b51a-02612ca741e4___GHLB2 Leaf 8722.JPG,0.5267436504364014,0.09169110655784607,0.8027991056442261,0.0,0.0,0.27843138575553894,0.9890514016151428,0.9970310926437378,0.00797969102859497,gamma_bright,none
D:\BTECH\PlantDiseaseProject\dataset\val\Tomato___Late_blight\ca6362b2-b680-4348-a795-3bc37275e70f___GHLB2 Leaf 79.JPG,0.5133227109909058,0.09755853563547134,0.8235732316970825,0.0,1.52587890625e-05,0.32156863808631897,0.9998829364776611,0.9999567270278931,7.37905502319336e-05,clahe,none
D:\BTECH\PlantDiseaseProject\dataset\val\Tomato___Late_blight\cdda8dae-ea06-49fd-bdc3-12852b4105b2___GHLB2 Leaf 8843.JPG,0.5052603483200073,0.09210533648729324,0.7940305471420288,9.1552734375e-05,0.0,0.27843138575553894,0.999728262424469,0.9999916553497314,0.00026339292526245117,hist_eq,none
D:\BTECH\PlantDiseaseProject\dataset\val\Tomato___Late_blight\ce3f895d-e031-4ed9-ac40-7f6550894bff___GHLB_PS Leaf 52.1 Day 18.jpg,0.20085211098194122,0.20638686418533325,0.6225553154945374,0.465423583984375,0.0,0.5372549295425415,0.9980397820472717,0.9996694326400757,0.001629650592803955,clahe,none
D:\BTECH\PlantDiseaseProject\dataset\val\Tomato___Late_blight\ce70ced2-e8db-4eaf-9d4c-ae482126085f___RS_Late.B 6043.JPG,0.5500533580780029,0.1893807053565979,0.9329341650009155,0.001983642578125,0.0003204345703125,0.6509804129600525,0.9999996423721313,0.9999998807907104,2.384185791015625e-07,clahe,none
D:\BTECH\PlantDiseaseProject\dataset\val\Tomato___Late_blight\cebd5337-bb61-4454-93da-bba4169f0802___GHLB2 Leaf 145.JPG,0.42741504311561584,0.1505803018808365,0.8914799094200134,0.0,1.52587890625e-05,0.4549019932746887,0.9999915361404419,0.9999943971633911,2.86102294921875e-06,clahe,none
D:\BTECH\PlantDiseaseProject\dataset\val\Tomato___Late_blight\d0dceae1-6bf8-475a-99fa-f27accadece0___GHLB2 Leaf 8778.JPG,0.5009263157844543,0.1006607711315155,0.812809944152832,4.57763671875e-05,0.0,0.2823529541492462,0.9999655485153198,0.9999842643737793,1.8715858459472656e-05,gamma_bright,none
D:\BTECH\PlantDiseaseProject\dataset\val\Tomato___Late_blight\d11994f7-7c51-41b1-8225-c628e0e15885___GHLB2 Leaf 8683.JPG,0.4997910261154175,0.08220726996660233,0.7970514297485352,0.0,0.0,0.24313727021217346,0.9997140765190125,0.9998770952224731,0.00016301870346069336,hist_eq,none
D:\BTECH\PlantDiseaseProject\dataset\val\Tomato___Late_blight\d2564630-8c1a-484b-a4e1-8c98905750d0___RS_Late.B 5014.JPG,0.4902556538581848,0.22271955013275146,0.940805196762085,0.0101165771484375,0.0001373291015625,0.7333333492279053,0.9999996423721313,0.9999996423721313,0.0,none,none
D:\BTECH\PlantDiseaseProject\dataset\val\Tomato___Late_blight\d2619e9f-172d-4c42-8513-0ab522c02824___GHLB Leaf 2.2 Day 16.JPG,0.4457043409347534,0.2316671758890152,0.8986345529556274,0.0044403076171875,0.0,0.6392157077789307,0.9999873638153076,0.9999967813491821,9.417533874511719e-06,clahe,none
D:\BTECH\PlantDiseaseProject\dataset\val\Tomato___Late_blight\d26fdac6-4355-4875-8c27-ebb1eaa50a8d___RS_Late.B 5119.JPG,0.47000977396965027,0.24185439944267273,0.9015491008758545,0.038421630859375,1.52587890625e-05,0.6901960968971252,0.9999988079071045,0.9999988079071045,0.0,none,none
D:\BTECH\PlantDiseaseProject\dataset\val\Tomato___Late_blight\d2b2f190-12e4-467b-b64b-50b50d452a95___RS_Late.B 4913.JPG,0.4216764271259308,0.21652492880821228,0.9262926578521729,0.0084381103515625,1.52587890625e-05,0.6470588445663452,1.0,1.0,0.0,none,none
D:\BTECH\PlantDiseaseProject\dataset\val\Tomato___Late_blight\d4f4500b-9ebe-41fe-84ed-00278dc646b7___GHLB2 Leaf 9017.JPG,0.4747171998023987,0.08148056268692017,0.7882552146911621,4.57763671875e-05,0.0,0.24313727021217346,0.9995848536491394,0.9996825456619263,9.769201278686523e-05,clahe,none
D:\BTECH\PlantDiseaseProject\dataset\val\Tomato___Late_blight\d87455f4-a924-426a-8c62-b9870b8a6d34___RS_Late.B 6024.JPG,0.5437600612640381,0.23483622074127197,0.9343432188034058,0.0023651123046875,0.0005340576171875,0.7411764860153198,0.9999997615814209,1.0,2.384185791015625e-07,gamma_dark,none
D:\BTECH\PlantDiseaseProject\dataset\val\Tomato___Late_blight\d8b0ded7-7d30-4b52-acea-d1a3ca70a392___RS_Late.B 6096.JPG,0.5113881826400757,0.2148962765932083,0.942186176776886,0.0094451904296875,0.0001678466796875,0.7254902124404907,0.9999997615814209,0.9999997615814209,0.0,none,none
D:\BTECH\PlantDiseaseProject\dataset\val\Tomato___Late_blight\d8eb0541-a9f1-423b-8e71-24a031f19530___GHLB2 Leaf 134.1.JPG,0.49752378463745117,0.10068681091070175,0.8374079465866089,0.0,0.0,0.3294117748737335,0.9924845099449158,0.998386025428772,0.005901515483856201,hist_eq,none
D:\BTECH\PlantDiseaseProject\dataset\val\Tomato___Late_blight\d984c49c-ff38-46b9-a176-b966c8c8f9ef___RS_Late.B 4991.JPG,0.47311145067214966,0.1868211328983307,0.9302256107330322,0.0028228759765625,0.0,0.6235294342041016,1.0,1.0,0.0,none,none
D:\BTECH\PlantDiseaseProject\dataset\val\Tomato___Late_blight\dbedc9c1-d7f8-4eef-b4bf-d36689c57c60___GHLB Leaf 27 Day 12.JPG,0.5402693152427673,0.20112624764442444,0.910732626914978,0.0,0.0,0.5921568870544434,0.9999933242797852,0.9999974966049194,4.172325134277344e-06,hist_eq,none
D:\BTECH\PlantDiseaseProject\dataset\val\Tomato___Late_blight\dce856b2-1c63-4305-97ab-5ab443f462bf___RS_Late.B 6099.JPG,0.45531851053237915,0.23545752465724945,0.9365960359573364,0.012786865234375,9.1552734375e-05,0.7137255072593689,1.0,1.0,0.0,none,none
D:\BTECH\PlantDiseaseProject\dataset\val\Tomato___Late_blight\ddbd7e1c-c100-4298-a7f5-ebae1e9cff38___GHLB Leaf 1 Day 12.JPG,0.5098493099212646,0.17626553773880005,0.8944162130355835,0.0,0.0,0.529411792755127,0.9999996423721313,0.9999997615814209,1.1920928955078125e-07,gamma_dark,none
D:\BTECH\PlantDiseaseProject\dataset\val\Tomato___Late_blight\de2e16e8-b372-4d2e-ab3b-30b21c30faa7___GHLB_PS Leaf 1.5 Day 18.jpg,0.144241601228714,0.17468735575675964,0.5097505450248718,0.5863189697265625,0.0,0.4431372582912445,0.9999963045120239,0.9999979734420776,1.6689300537109375e-06,hist_eq,none
D:\BTECH\PlantDiseaseProject\dataset\val\Tomato___Late_blight\de8d81c6-d032-4d55-92c3-690da726fa0c___GHLB2ES Leaf 119.1.JPG,0.5194545984268188,0.08643665164709091,0.7985218167304993,0.0,0.0,0.2823529541492462,0.9999645948410034,0.9999914169311523,2.682209014892578e-05,clahe,none
D:\BTECH\PlantDiseaseProject\dataset\val\Tomato___Late_blight\df13d0be-1ef9-4371-bf7f-bedb930fc190___RS_Late.B 4846.JPG,0.4440772235393524,0.23945197463035583,0.9443376660346985,0.0199127197265625,0.0,0.7254902124404907,0.9998965263366699,0.9999792575836182,8.273124694824219e-05,clahe,none
D:\BTECH\PlantDiseaseProject\dataset\val\Tomato___Late_blight\e09b337d-7ad9-42c8-9ca4-8c782ff942b1___RS_Late.B 5575.JPG,0.5100038051605225,0.1722719818353653,0.882096529006958,0.00067138671875,0.0,0.545098066329956,0.9999995231628418,1.0,4.76837158203125e-07,hist_eq,none
D:\BTECH\PlantDiseaseProject\dataset\val\Tomato___Late_blight\e3c902d2-2086-4025-9a8a-de26b1682cb2___RS_Late.B 5186.JPG,0.3902599513530731,0.19090868532657623,0.909974992275238,0.00726318359375,0.0,0.6039215922355652,0.9590581059455872,0.9704763293266296,0.01141822338104248,gamma_dark,none
D:\BTECH\PlantDiseaseProject\dataset\val\Tomato___Late_blight\e56bc72a-6c24-4746-bd53-741c470e1be2___RS_Late.B 4990.JPG,0.48175498843193054,0.21677379310131073,0.9143242835998535,0.0016021728515625,0.0,0.6823529601097107,0.9999662637710571,0.9999887943267822,2.2530555725097656e-05,clahe,none
D:\BTECH\PlantDiseaseProject\dataset\val\Tomato___Late_blight\e59e9af1-5baf-4eac-9afc-8ae3171fd062___GHLB2 Leaf 77.2.JPG,0.34942978620529175,0.10894030332565308,0.8445249199867249,1.52587890625e-05,0.0,0.35686278343200684,0.9996296167373657,0.9996923208236694,6.270408630371094e-05,clahe,none
D:\BTECH\PlantDiseaseProject\dataset\val\Tomato___Late_blight\e5b328bf-1f13-4831-bd63-b1bdb30f02d9___GHLB2 Leaf 8674.JPG,0.5118486881256104,0.07554939389228821,0.7775224447250366,0.0,0.0,0.2196078598499298,0.9998185038566589,0.9999805688858032,0.0001620650291442871,clahe,none
D:\BTECH\PlantDiseaseProject\dataset\val\Tomato___Late_blight\e5b50c59-e517-4dcc-8887-8bd2ca748329___GHLB2ES Leaf 142.jpg,0.1537509709596634,0.2399444878101349,0.4129894971847534,0.6942596435546875,0.0,0.6039215922355652,0.9999397993087769,0.9999397993087769,0.0,none,none
D:\BTECH\PlantDiseaseProject\dataset\val\Tomato___Late_blight\e5c62da4-e09d-4dc5-a5b1-63a5f85826de___RS_Late.B 6981.JPG,0.6008189916610718,0.19377382099628448,0.9110715389251709,0.0008087158203125,0.0001373291015625,0.6352941393852234,0.9999024868011475,0.9999037981033325,1.3113021850585938e-06,gamma_bright,none
D:\BTECH\PlantDiseaseProject\dataset\val\Tomato___Late_blight\e60c6680-9c50-4063-9eb9-6e77980afcfa___RS_Late.B 5343.JPG,0.46611252427101135,0.19211445748806,0.9205473065376282,0.0015716552734375,0.0,0.5843137502670288,1.0,1.0,0.0,none,none
D:\BTECH\PlantDiseaseProject\dataset\val\Tomato___Late_blight\e980207c-6e67-4caf-8973-7128ca2a1c12___GHLB2 Leaf 8876.JPG,0.5023780465126038,0.09839218854904175,0.8173662424087524,4.57763671875e-05,0.0,0.27450981736183167,0.99957674741745,0.999904990196228,0.00032824277877807617,clahe,none
D:\BTECH\PlantDiseaseProject\dataset\val\Tomato___Late_blight\ebe561c5-4d97-4008-a998-a7c02ed6d3d3___GHLB2 Leaf 87.JPG,0.54522305727005,0.136222705245018,0.8689615726470947,0.0,0.0015411376953125,0.4313725531101227,0.9997747540473938,0.9999343156814575,0.0001595616340637207,clahe,none
D:\BTECH\PlantDiseaseProject\dataset\val\Tomato___Late_blight\ec658169-804d-46eb-b014-30a3ce6abdb6___GHLB2 Leaf 8899.JPG,0.5362273454666138,0.11575789004564285,0.8161911368370056,0.0003814697265625,0.0,0.37254902720451355,0.9999890327453613,0.9999920129776001,2.9802322387695312e-06,clahe,none
D:\BTECH\PlantDiseaseProject\dataset\val\Tomato___Late_blight\ecacf5db-abcf-408c-b41a-93e339fbfc0c___RS_Late.B 6405.JPG,0.42231976985931396,0.12600068747997284,0.8759710788726807,0.00189208984375,0.0001373291015625,0.4274510145187378,0.9999997615814209,1.0,2.384185791015625e-07,hist_eq,none
D:\BTECH\PlantDiseaseProject\dataset\val\Tomato___Late_blight\ed469069-15cf-4996-9f2a-ede8139d1543___RS_Late.B 4914.JPG,0.4459250867366791,0.2357262670993805,0.9214596152305603,0.028411865234375,1.52587890625e-05,0.7098039388656616,0.9999933242797852,0.9999982118606567,4.887580871582031e-06,hist_eq,none
D:\BTECH\PlantDiseaseProject\dataset\val\Tomato___Late_blight\edec546b-3d6b-40e1-a11e-fb03a34cad5a___GHLB2 Leaf 8613.JPG,0.5124317407608032,0.12120886147022247,0.8461430668830872,0.0001678466796875,0.0,0.3529411852359772,0.9999295473098755,0.9999529123306274,2.3365020751953125e-05,gamma_dark,none
D:\BTECH\PlantDiseaseProject\dataset\val\Tomato___Late_blight\efe3a784-f4d6-4635-bef8-c81fffeee36b___GHLB2 Leaf 8651.JPG,0.4895493686199188,0.07815490663051605,0.7867807745933533,3.0517578125e-05,0.0,0.24313727021217346,0.9997466206550598,0.9999264478683472,0.00017982721328735352,hist_eq,none
D:\BTECH\PlantDiseaseProject\dataset\val\Tomato___Late_blight\f21ce358-48ea-4676-9395-22145c4c9707___GHLB_PS Leaf 25.1 Day 9.jpg,0.14014306664466858,0.21281003952026367,0.4822155237197876,0.6551055908203125,3.0517578125e-05,0.5764706134796143,1.0,1.0,0.0,none,none
D:\BTECH\PlantDiseaseProject\dataset\val\Tomato___Late_blight\f27d1b5c-46e2-442f-846d-dd5c6018bb2a___RS_Late.B 6984.JPG,0.6534390449523926,0.24007190763950348,0.9377771615982056,0.0039520263671875,0.0005340576171875,0.7686274647712708,0.9999955892562866,0.9999964237213135,8.344650268554688e-07,gamma_bright,none
D:\BTECH\PlantDiseaseProject\dataset\val\Tomato___Late_blight\f43df4fe-4544-4831-b9f9-a3c7b470b0e0___RS_Late.B 6801.JPG,0.6488099694252014,0.23474375903606415,0.9234219789505005,0.000152587890625,0.0003662109375,0.729411780834198,0.9999995231628418,0.9999998807907104,3.5762786865234375e-07,gamma_bright,none
D:\BTECH\PlantDiseaseProject\dataset\val\Tomato___Late_blight\f52d0ec5-4bc7-4a32-b9a1-6930b6c3477d___RS_Late.B 6501.JPG,0.4928087592124939,0.20382189750671387,0.8865752220153809,0.0179290771484375,3.0517578125e-05,0.658823549747467,0.999998927116394,0.999998927116394,0.0,none,none
D:\BTECH\PlantDiseaseProject\dataset\val\Tomato___Late_blight\f59830b4-079b-4ca4-9c92-7416f0818a2b___RS_Late.B 5010.JPG,0.48026251792907715,0.23404696583747864,0.9443845748901367,0.010833740234375,0.0001373291015625,0.729411780834198,0.9999980926513672,0.9999988079071045,7.152557373046875e-07,gamma_bright,none
D:\BTECH\PlantDiseaseProject\dataset\val\Tomato___Late_blight\f5aebbf7-df07-4682-8d3b-3dd46e2e36c4___GHLB2 Leaf 9092.JPG,0.524999737739563,0.12042044848203659,0.8521513938903809,0.0001678466796875,0.0,0.3764705955982208,0.9996761083602905,0.999869704246521,0.00019359588623046875,gamma_bright,none
D:\BTECH\PlantDiseaseProject\dataset\val\Tomato___Late_blight\f73231ab-afd2-4d01-acd2-7ba229349de6___RS_Late.B 6969.JPG,0.6001836061477661,0.20708997547626495,0.9351065158843994,0.0010223388671875,0.0003204345703125,0.7137255072593689,1.0,1.0,0.0,none,none
D:\BTECH\PlantDiseaseProject\dataset\val\Tomato___Late_blight\f86cfe1b-5f7f-4f93-b54b-1f39d1c1e323___GHLB2 Leaf 8625.JPG,0.5022376775741577,0.11008128523826599,0.8246117830276489,0.0,0.0,0.32549020648002625,0.9999412298202515,0.9999696016311646,2.8371810913085938e-05,clahe,none
D:\BTECH\PlantDiseaseProject\dataset\val\Tomato___Late_blight\f8afeeda-7bed-422b-8535-67e221372eb7___RS_Late.B 5315.JPG,0.4900112748146057,0.19027099013328552,0.896557629108429,0.0089569091796875,1.52587890625e-05,0.6196078658103943,0.9999997615814209,0.9999998807907104,1.1920928955078125e-07,clahe,none
D:\BTECH\PlantDiseaseProject\dataset\val\Tomato___Late_blight\fa4ec25a-250d-4eb3-ba0d-9d1c51eb3995___GHLB2 Leaf 8990.JPG,0.49926114082336426,0.09553729742765427,0.8094913363456726,0.0,0.0,0.2862745225429535,0.9999035596847534,0.9999560117721558,5.245208740234375e-05,clahe,none
D:\BTECH\PlantDiseaseProject\dataset\val\Tomato___Late_blight\fabba25a-e191-47c5-a468-6acf744312e1___GHLB2 Leaf 8835.JPG,0.4673093557357788,0.08117696642875671,0.781069278717041,0.0,0.0,0.250980406999588,0.9996035695075989,0.9998624324798584,0.0002588629722595215,clahe,none
D:\BTECH\PlantDiseaseProject\dataset\val\Tomato___Late_blight\fb5dc387-cb1d-49bb-b81e-58d60705a2fd___GHLB_PS Leaf 1.3 Day 16.jpg,0.13812777400016785,0.21382682025432587,0.47750699520111084,0.657318115234375,0.0,0.5843137502670288,0.9999990463256836,1.0,9.5367431640625e-07,hist_eq,none
D:\BTECH\PlantDiseaseProject\dataset\val\Tomato___Late_blight\fbbe43eb-7d70-4053-97ac-908fb9af1a6f___RS_Late.B 6587.JPG,0.47606292366981506,0.13762858510017395,0.8847296237945557,0.004638671875,0.0,0.4549019932746887,1.0,1.0,0.0,none,none
D:\BTECH\PlantDiseaseProject\dataset\val\Tomato___Late_blight\fcaf83f1-ddaa-4faf-a4aa-f657f5342474___RS_Late.B 6278.JPG,0.49539053440093994,0.1891828328371048,0.9044981002807617,0.0099639892578125,1.52587890625e-05,0.6627451181411743,0.9999754428863525,0.9999781847000122,2.7418136596679688e-06,gamma_dark,none
D:\BTECH\PlantDiseaseProject\dataset\val\Tomato___Late_blight\fd99b211-340e-4ac0-9c33-b59e9c594ba2___GHLB2 Leaf 93.JPG,0.5721659660339355,0.12196695059537888,0.8461743593215942,7.62939453125e-05,1.52587890625e-05,0.39313727617263794,0.9999539852142334,0.9999569654464722,2.9802322387695312e-06,gamma_bright,none
D:\BTECH\PlantDiseaseProject\dataset\val\Tomato___Late_blight\fe416307-5c50-4c9f-96b5-f6e15ef79045___RS_Late.B 4975.JPG,0.5033402442932129,0.2265022248029709,0.9240440130233765,0.0035247802734375,0.0,0.7176470756530762,0.9999997615814209,0.9999998807907104,1.1920928955078125e-07,gamma_bright,none
D:\BTECH\PlantDiseaseProject\dataset\val\Tomato___Leaf_Mold\022a4dfb-84cc-45cb-81c5-a620817e31cb___Crnl_L.Mold 6926.JPG,0.46058908104896545,0.09918247908353806,0.8184936046600342,0.0,0.0,0.30980393290519714,0.9942033886909485,0.999234676361084,0.005031287670135498,clahe,none
D:\BTECH\PlantDiseaseProject\dataset\val\Tomato___Leaf_Mold\02415b3d-2ba8-4654-8398-a480ad901bbf___Crnl_L.Mold 8645.JPG,0.52806556224823,0.1705050766468048,0.8995149731636047,0.0219879150390625,0.0007476806640625,0.6313725709915161,0.9999914169311523,0.9999972581863403,5.841255187988281e-06,gamma_bright,none
D:\BTECH\PlantDiseaseProject\dataset\val\Tomato___Leaf_Mold\039183dc-a260-49fa-b28a-0c8f11614896___Crnl_L.Mold 6720.JPG,0.507771909236908,0.18578290939331055,0.895073652267456,0.002227783203125,7.62939453125e-05,0.6666666865348816,0.9999382495880127,0.9999382495880127,0.0,none,none
D:\BTECH\PlantDiseaseProject\dataset\val\Tomato___Leaf_Mold\0443d006-9d75-4d46-9312-941f21e3791d___Crnl_L.Mold 9139.JPG,0.4819129705429077,0.12217269092798233,0.8222213387489319,0.0002899169921875,0.0,0.3647059202194214,0.9993937015533447,0.9996896982192993,0.00029599666595458984,gamma_bright,none
D:\BTECH\PlantDiseaseProject\dataset\val\Tomato___Leaf_Mold\0462054e-f0aa-41a7-a9cc-95d0784b9767___Crnl_L.Mold 6547.JPG,0.49204763770103455,0.14188043773174286,0.8654507398605347,0.0009613037109375,1.52587890625e-05,0.49803924560546875,0.9999955892562866,0.999997615814209,2.0265579223632812e-06,clahe,none
D:\BTECH\PlantDiseaseProject\dataset\val\Tomato___Leaf_Mold\05bbff69-adad-4e16-8fad-c265be82e25a___Crnl_L.Mold 6929.JPG,0.46961623430252075,0.11274894326925278,0.8340815305709839,0.0,0.0,0.3607843518257141,0.9999526739120483,0.9999656677246094,1.2993812561035156e-05,clahe,none
D:\BTECH\PlantDiseaseProject\dataset\val\Tomato___Leaf_Mold\062842d6-a49e-4aec-94fb-d6868db0e53d___Crnl_L.Mold 8805.JPG,0.5687198638916016,0.16384020447731018,0.8886836767196655,0.0103607177734375,0.00054931640625,0.5372549295425415,0.9999834299087524,0.9999886751174927,5.245208740234375e-06,gamma_bright,none
D:\BTECH\PlantDiseaseProject\dataset\val\Tomato___Leaf_Mold\06885d98-1412-4073-8800-9da44c3935c6___Crnl_L.Mold 6794.JPG,0.49975353479385376,0.17321929335594177,0.8986652493476868,0.0025634765625,0.0,0.5686274766921997,0.9999945163726807,0.9999969005584717,2.384185791015625e-06,clahe,none
D:\BTECH\PlantDiseaseProject\dataset\val\Tomato___Leaf_Mold\0a9b3ff4-5343-4814-ac2c-fdb3613d4e4d___Crnl_L.Mold 6559.JPG,0.4545668363571167,0.1681804209947586,0.9017534255981445,0.001251220703125,0.0,0.6039215922355652,0.9960450530052185,0.9982216954231262,0.002176642417907715,clahe,none
D:\BTECH\PlantDiseaseProject\dataset\val\Tomato___Leaf_Mold\0ac36661-a47d-47ff-8948-42edec033b87___Crnl_L.Mold 9127.JPG,0.4338899850845337,0.09783486276865005,0.8156591653823853,0.000244140625,0.0,0.3019607961177826,0.9999970197677612,0.9999979734420776,9.5367431640625e-07,gamma_bright,none
D:\BTECH\PlantDiseaseProject\dataset\val\Tomato___Leaf_Mold\0ae36892-5cb1-476e-8a51-b7fd8183a535___Crnl_L.Mold 6728.JPG,0.5260394811630249,0.18641173839569092,0.8474749326705933,0.0019683837890625,0.0,0.6313725709915161,0.9993308782577515,0.9998917579650879,0.0005608797073364258,clahe,none
D:\BTECH\PlantDiseaseProject\dataset\val\Tomato___Leaf_Mold\0f740b31-f63b-4193-ab1a-6795c11a7f00___Crnl_L.Mold 7033.JPG,0.45326730608940125,0.15826772153377533,0.9089297652244568,0.0,0.0,0.545098066329956,0.9997767806053162,0.9997815489768982,4.76837158203125e-06,gamma_bright,none
D:\BTECH\PlantDiseaseProject\dataset\val\Tomato___Leaf_Mold\1146e92b-d6b2-4a19-ac54-32141d680f41___Crnl_L.Mold 6725.JPG,0.5472028255462646,0.1673765331506729,0.8687914609909058,0.0009613037109375,4.57763671875e-05,0.6078431606292725,0.9998329877853394,0.9999340772628784,0.0001010894775390625,clahe,none
D:\BTECH\PlantDiseaseProject\dataset\val\Tomato___Leaf_Mold\13fa2773-ccce-4f1d-85cd-e5cb2c3b6c72___Crnl_L.Mold 8996.JPG,0.3964296579360962,0.11104263365268707,0.8338834047317505,0.000762939453125,0.0,0.34117650985717773,0.9996125102043152,0.9997091889381409,9.66787338256836e-05,gamma_bright,none
D:\BTECH\PlantDiseaseProject\dataset\val\Tomato___Leaf_Mold\1531d75f-303f-486d-a690-0318258e5477___Crnl_L.Mold 6977.JPG,0.4343070983886719,0.09097954630851746,0.7911747694015503,0.0,0.0,0.2862745225429535,0.9999836683273315,0.9999926090240479,8.940696716308594e-06,clahe,none
D:\BTECH\PlantDiseaseProject\dataset\val\Tomato___Leaf_Mold\15b7a74c-2c9d-41e5-bcc6-799471cd8e43___Crnl_L.Mold 6616.JPG,0.49816274642944336,0.12950149178504944,0.8460513353347778,0.0018157958984375,0.0,0.45098042488098145,0.9999967813491821,0.9999969005584717,1.1920928955078125e-07,hist_eq,none
D:\BTECH\PlantDiseaseProject\dataset\val\Tomato___Leaf_Mold\171e415f-917b-49c1-90f5-9f4a90ac0f7f___Crnl_L.Mold 8648.JPG,0.561451256275177,0.1324440836906433,0.8563833832740784,0.0037841796875,0.0008697509765625,0.3764705955982208,0.9999967813491821,0.9999971389770508,3.5762786865234375e-07,gamma_bright,none
D:\BTECH\PlantDiseaseProject\dataset\val\Tomato___Leaf_Mold\176dba1d-32f5-4050-a475-7beb5ce39245___Crnl_L.Mold 6797.JPG,0.500154972076416,0.20358966290950775,0.9035868644714355,0.001922607421875,4.57763671875e-05,0.6784313917160034,0.9999892711639404,0.9999935626983643,4.291534423828125e-06,hist_eq,none
D:\BTECH\PlantDiseaseProject\dataset\val\Tomato___Leaf_Mold\1826cec0-4c4e-4924-a992-e70eb2a0097e___Crnl_L.Mold 6638.JPG,0.4810934066772461,0.19649221003055573,0.9259722232818604,0.0031890869140625,0.0005340576171875,0.6117647290229797,0.999805748462677,0.9999890327453613,0.00018328428268432617,clahe,none
D:\BTECH\PlantDiseaseProject\dataset\val\Tomato___Leaf_Mold\1837d2d4-ec4b-445c-89f7-a974061a433a___Crnl_L.Mold 6975.JPG,0.44402244687080383,0.0946139544248581,0.8089225888252258,1.52587890625e-05,0.0,0.3137255012989044,0.9999514818191528,0.9999834299087524,3.1948089599609375e-05,clahe,none
D:\BTECH\PlantDiseaseProject\dataset\val\Tomato___Leaf_Mold\1bfe7244-44ab-4fac-abe5-f229217cdf0b___Crnl_L.Mold 6815.JPG,0.48778924345970154,0.22586601972579956,0.9279712438583374,0.001708984375,4.57763671875e-05,0.6941176652908325,0.999961256980896,0.999991774559021,3.0517578125e-05,hist_eq,none
D:\BTECH\PlantDiseaseProject\dataset\val\Tomato___Leaf_Mold\1f5c3b37-5590-4db7-a702-0cd93db0c929___Crnl_L.Mold 6930.JPG,0.4642866849899292,0.10062693804502487,0.8185061812400818,0.0,0.0,0.3176470696926117,0.9999477863311768,0.9999772310256958,2.944469451904297e-05,hist_eq,none
D:\BTECH\PlantDiseaseProject\dataset\val\Tomato___Leaf_Mold\1f64f046-46e6-47b3-91ef-31c2433face3___Crnl_L.Mold 9089.JPG,0.39189520478248596,0.1759684979915619,0.9216306805610657,0.0120697021484375,0.0,0.615686297416687,0.9514527916908264,0.9774513840675354,0.025998592376708984,gamma_bright,gamma_bright
D:\BTECH\PlantDiseaseProject\dataset\val\Tomato___Leaf_Mold\206234e4-72f0-4543-8945-a697ceffe3c9___Crnl_L.Mold 6795.JPG,0.5185794830322266,0.1785174012184143,0.8978292942047119,0.0035400390625,3.0517578125e-05,0.615686297416687,0.9999872446060181,0.999995231628418,7.987022399902344e-06,hist_eq,none
D:\BTECH\PlantDiseaseProject\dataset\val\Tomato___Leaf_Mold\20bfb40a-3fac-43d0-8864-feb28b97b9cd___Crnl_L.Mold 6849.JPG,0.5209152698516846,0.14449244737625122,0.8721858859062195,0.0013427734375,3.0517578125e-05,0.4833333492279053,0.9999939203262329,0.9999971389770508,3.2186508178710938e-06,clahe,none
D:\BTECH\PlantDiseaseProject\dataset\val\Tomato___Leaf_Mold\20e63ca2-e070-422c-9839-9cac224719e5___Crnl_L.Mold 8650.JPG,0.564365029335022,0.15671654045581818,0.870408296585083,0.0021514892578125,0.0005035400390625,0.545098066329956,0.9999600648880005,0.99996018409729,1.1920928955078125e-07,gamma_dark,none
D:\BTECH\PlantDiseaseProject\dataset\val\Tomato___Leaf_Mold\29059c14-7b1c-4e06-8c40-2fc73f28ffe6___Crnl_L.Mold 6927.JPG,0.4896702766418457,0.10949517786502838,0.8263119459152222,0.0,0.0,0.3450980484485626,0.9999823570251465,0.9999856948852539,3.337860107421875e-06,gamma_bright,none
D:\BTECH\PlantDiseaseProject\dataset\val\Tomato___Leaf_Mold\29e4f2d6-7cbe-4f7e-84cd-a1f57957a35e___Crnl_L.Mold 6569.JPG,0.47937142848968506,0.1568872332572937,0.8578031063079834,0.000823974609375,0.0,0.5764706134796143,0.999996542930603,0.999996542930603,0.0,none,none
D:\BTECH\PlantDiseaseProject\dataset\val\Tomato___Leaf_Mold\2aa365ee-c396-47e3-bf04-aad9d18f470f___Crnl_L.Mold 6655.JPG,0.5274487733840942,0.18928392231464386,0.8851096034049988,0.0006561279296875,0.0,0.615686297416687,0.99998939037323,0.9999910593032837,1.6689300537109375e-06,clahe,none
D:\BTECH\PlantDiseaseProject\dataset\val\Tomato___Leaf_Mold\2b727376-492d-47dd-983a-c8f9c7ab386a___Crnl_L.Mold 6556.JPG,0.5062006711959839,0.16318629682064056,0.8851981163024902,0.00018310546875,0.0,0.6000000238418579,0.9989218711853027,0.999902606010437,0.0009807348251342773,clahe,none
D:\BTECH\PlantDiseaseProject\dataset\val\Tomato___Leaf_Mold\2b8557bc-3b98-4169-826c-628c5a683d70___Crnl_L.Mold 6539.JPG,0.5117273926734924,0.14344574511051178,0.8712326884269714,0.0007171630859375,0.0,0.49803924560546875,0.9999903440475464,0.9999939203262329,3.5762786865234375e-06,clahe,none
D:\BTECH\PlantDiseaseProject\dataset\val\Tomato___Leaf_Mold\2b8e612f-7448-44f7-899c-95b3c8291824___Crnl_L.Mold 6671.JPG,0.45759713649749756,0.2189711183309555,0.9137417078018188,0.0017242431640625,1.52587890625e-05,0.6549019813537598,0.6209959983825684,0.9947741627693176,0.37377816438674927,hist_eq,hist_eq
D:\BTECH\PlantDiseaseProject\dataset\val\Tomato___Leaf_Mold\2ba2d560-919c-48cd-8f98-c4caf8fc37e7___Crnl_L.Mold 8994.JPG,0.431476891040802,0.13537022471427917,0.8831067085266113,0.0004119873046875,0.0,0.4549019932746887,0.9996968507766724,0.9997665286064148,6.967782974243164e-05,gamma_bright,none
D:\BTECH\PlantDiseaseProject\dataset\val\Tomato___Leaf_Mold\2dc1abcc-a84b-4317-8865-9d2c195d4cb8___Crnl_L.Mold 8901.JPG,0.5086314082145691,0.17732277512550354,0.9114924669265747,0.0153961181640625,0.00042724609375,0.6509804129600525,0.9999985694885254,0.9999994039535522,8.344650268554688e-07,hist_eq,none
D:\BTECH\PlantDiseaseProject\dataset\val\Tomato___Leaf_Mold\2f195926-6d02-4c40-bf4a-ba3a123fe66e___Crnl_L.Mold 9130.JPG,0.4132009744644165,0.10545997321605682,0.8344739675521851,0.00030517578125,0.0,0.32549023628234863,0.9999552965164185,0.9999750852584839,1.9788742065429688e-05,gamma_bright,none
D:\BTECH\PlantDiseaseProject\dataset\val\Tomato___Leaf_Mold\30f6aead-5cd9-453d-85e6-56e93c1987d8___Crnl_L.Mold 6886.JPG,0.47538602352142334,0.18384915590286255,0.9034707546234131,0.0043182373046875,0.0,0.6196078658103943,0.9998931884765625,0.999962568283081,6.937980651855469e-05,hist_eq,none
D:\BTECH\PlantDiseaseProject\dataset\val\Tomato___Leaf_Mold\32245a13-92fe-48bf-85c8-938819a057ee___Crnl_L.Mold 8643.JPG,0.5511378645896912,0.16327175498008728,0.8929456472396851,0.0201568603515625,0.00048828125,0.5607843399047852,0.9999942779541016,0.9999954700469971,1.1920928955078125e-06,gamma_bright,none
D:\BTECH\PlantDiseaseProject\dataset\val\Tomato___Leaf_Mold\33b4ab66-9077-47b9-8525-11e4257bda01___Crnl_L.Mold 9128.JPG,0.4408499002456665,0.11506812274456024,0.8425222635269165,0.0004119873046875,0.0,0.3647059202194214,0.9999562501907349,0.9999562501907349,0.0,none,none
D:\BTECH\PlantDiseaseProject\dataset\val\Tomato___Leaf_Mold\354c1fb7-f8ee-4a39-af91-0e5ef49b20bb___Crnl_L.Mold 8959.JPG,0.4307345151901245,0.10947660356760025,0.828054666519165,0.0001068115234375,0.0,0.3294118046760559,0.9999364614486694,0.9999450445175171,8.58306884765625e-06,gamma_dark,none
D:\BTECH\PlantDiseaseProject\dataset\val\Tomato___Leaf_Mold\35f38d23-ae26-4feb-a076-6fd6571db043___Crnl_L.Mold 6814.JPG,0.4868967831134796,0.18195421993732452,0.899603009223938,0.001983642578125,0.0,0.6431372761726379,0.9999737739562988,0.9999924898147583,1.8715858459472656e-05,clahe,none
D:\BTECH\PlantDiseaseProject\dataset\val\Tomato___Leaf_Mold\36b7fd41-4809-4e41-963e-939510dcf6ec___Crnl_L.Mold 8647.JPG,0.5307395458221436,0.15421146154403687,0.8643407225608826,0.006134033203125,0.0007781982421875,0.6235294342041016,0.9999946355819702,0.9999959468841553,1.3113021850585938e-06,clahe,none
D:\BTECH\PlantDiseaseProject\dataset\val\Tomato___Leaf_Mold\3ce9d22c-6118-48f6-a37b-0b5ad5711048___Crnl_L.Mold 9086.JPG,0.370886892080307,0.14725381135940552,0.8991061449050903,9.1552734375e-05,0.0,0.4745098352432251,0.999993085861206,0.9999945163726807,1.430511474609375e-06,gamma_bright,none
D:\BTECH\PlantDiseaseProject\dataset\val\Tomato___Leaf_Mold\3d203bd1-7814-4d66-a2eb-cf97193c1fbb___Crnl_L.Mold 8960.JPG,0.44504424929618835,0.12238729745149612,0.8349887132644653,0.0007476806640625,0.0,0.37254905700683594,0.9998272061347961,0.9998841285705566,5.692243576049805e-05,gamma_dark,none
D:\BTECH\PlantDiseaseProject\dataset\val\Tomato___Leaf_Mold\43728975-7569-464b-b67d-a2b3d0f5ddd5___Crnl_L.Mold 6919.JPG,0.4305177628993988,0.09522087872028351,0.8200464844703674,0.0,0.0,0.3137255012989044,0.9999309778213501,0.9999576807022095,2.6702880859375e-05,gamma_dark,none
D:\BTECH\PlantDiseaseProject\dataset\val\Tomato___Leaf_Mold\4375c98f-8986-4680-9432-afb29f839d7b___Crnl_L.Mold 6847.JPG,0.4978020191192627,0.16795720160007477,0.8960665464401245,0.0009613037109375,3.0517578125e-05,0.5764706134796143,0.9998539686203003,0.9999433755874634,8.940696716308594e-05,clahe,none
D:\BTECH\PlantDiseaseProject\dataset\val\Tomato___Leaf_Mold\4541dd58-9728-4492-8729-f4f174d774ac___Crnl_L.Mold 8992.JPG,0.40548691153526306,0.12583741545677185,0.8594611883163452,7.62939453125e-05,0.0,0.38823533058166504,0.9998470544815063,0.999914288520813,6.723403930664062e-05,gamma_bright,none
D:\BTECH\PlantDiseaseProject\dataset\val\Tomato___Leaf_Mold\4721ba47-ec00-4557-bca6-ba454ddcb9a9___Crnl_L.Mold 6722.JPG,0.5318460464477539,0.16202013194561005,0.8740649223327637,0.002899169921875,1.52587890625e-05,0.5764706134796143,0.9999896287918091,0.999994158744812,4.5299530029296875e-06,clahe,none
D:\BTECH\PlantDiseaseProject\dataset\val\Tomato___Leaf_Mold\483cc7e3-9fbd-4433-82b4-133c561f994c___Crnl_L.Mold 6537.JPG,0.4966726005077362,0.13601025938987732,0.8668738603591919,0.00103759765625,6.103515625e-05,0.458823561668396,0.9999960660934448,0.9999979734420776,1.9073486328125e-06,hist_eq,none
D:\BTECH\PlantDiseaseProject\dataset\val\Tomato___Leaf_Mold\4a46bb5d-fbbc-4607-82f0-ed5b98da8a9b___Crnl_L.Mold 6721.JPG,0.4707425832748413,0.22044765949249268,0.8748372793197632,0.0022430419921875,6.103515625e-05,0.6666666865348816,0.9999579191207886,0.999975323677063,1.7404556274414062e-05,gamma_bright,none
D:\BTECH\PlantDiseaseProject\dataset\val\Tomato___Leaf_Mold\4cfebe0b-f6de-4114-b76c-57a06e3db769___Crnl_L.Mold 9085.JPG,0.5102530121803284,0.183000847697258,0.9298098087310791,0.0004425048828125,1.52587890625e-05,0.5803921818733215,0.999055802822113,0.9998260140419006,0.0007702112197875977,hist_eq,none
D:\BTECH\PlantDiseaseProject\dataset\val\Tomato___Leaf_Mold\4df098c3-c7c0-4f37-b3c4-e3d354e1296a___Crnl_L.Mold 8958.JPG,0.35013848543167114,0.11553554981946945,0.8466004133224487,0.0024261474609375,0.0,0.36862748861312866,0.9974191188812256,0.9995279312133789,0.0021088123321533203,hist_eq,none
D:\BTECH\PlantDiseaseProject\dataset\val\Tomato___Leaf_Mold\4e9a0ebe-9df2-4fc6-ad17-3a2e3abdd55c___Crnl_L.Mold 7071.JPG,0.45690488815307617,0.10924670845270157,0.8209349513053894,0.0,0.0,0.345098078250885,0.9997084736824036,0.9998489618301392,0.0001404881477355957,gamma_bright,none
D:\BTECH\PlantDiseaseProject\dataset\val\Tomato___Leaf_Mold\5014af80-1e3c-4a8b-9722-f90e874cbf42___Crnl_L.Mold 8991.JPG,0.4004896283149719,0.12655776739120483,0.8648070693016052,0.0012664794921875,0.0,0.41568630933761597,0.9999899864196777,0.9999926090240479,2.6226043701171875e-06,gamma_bright,none
D:\BTECH\PlantDiseaseProject\dataset\val\Tomato___Leaf_Mold\50e1906e-24da-493d-88b0-3110e778a26a___Crnl_L.Mold 7135.JPG,0.4278307855129242,0.08452550321817398,0.8022158145904541,4.57763671875e-05,0.0,0.2823529541492462,0.9998871088027954,0.9999488592147827,6.175041198730469e-05,clahe,none
D:\BTECH\PlantDiseaseProject\dataset\val\Tomato___Leaf_Mold\51cb012e-4646-447c-b63f-9084a370b781___Crnl_L.Mold 6916.JPG,0.4583300054073334,0.10194440931081772,0.8301573991775513,1.52587890625e-05,0.0,0.32549020648002625,0.9938977360725403,0.9941022992134094,0.00020456314086914062,hist_eq,none
D:\BTECH\PlantDiseaseProject\dataset\val\Tomato___Leaf_Mold\51cc89e4-4693-4470-9ddb-2fff4ab8da50___Crnl_L.Mold 8694.JPG,0.5495907068252563,0.19066376984119415,0.882658064365387,0.0085296630859375,0.0004119873046875,0.6980392336845398,0.9998531341552734,0.9999082088470459,5.507469177246094e-05,hist_eq,none
D:\BTECH\PlantDiseaseProject\dataset\val\Tomato___Leaf_Mold\526f929e-e9c1-4ca5-a493-c0bcf4898b04___Crnl_L.Mold 9129.JPG,0.4177058935165405,0.1009310781955719,0.8250557780265808,0.0006866455078125,0.0,0.30588236451148987,0.9999979734420776,0.9999979734420776,0.0,none,none
D:\BTECH\PlantDiseaseProject\dataset\val\Tomato___Leaf_Mold\55aaf81e-1a23-419c-9b20-a24f5ab5e0ec___Crnl_L.Mold 6549.JPG,0.47993332147598267,0.15346547961235046,0.8930040001869202,0.0009918212890625,0.0,0.529411792755127,0.999992847442627,0.9999939203262329,1.0728836059570312e-06,clahe,none
D:\BTECH\PlantDiseaseProject\dataset\val\Tomato___Leaf_Mold\55c2cd78-8c7c-4102-801f-c87d2284b874___Crnl_L.Mold 7069.JPG,0.429627925157547,0.12190050631761551,0.8510725498199463,4.57763671875e-05,0.0,0.37254905700683594,0.6917515397071838,0.8979737162590027,0.20622217655181885,gamma_bright,gamma_bright
D:\BTECH\PlantDiseaseProject\dataset\val\Tomato___Leaf_Mold\56779b93-da91-4f00-b562-ed5114e6d378___Crnl_L.Mold 6635.JPG,0.4496878385543823,0.18317881226539612,0.9161062240600586,0.00189208984375,0.0012359619140625,0.6000000238418579,0.9992110729217529,0.9999629259109497,0.0007518529891967773,clahe,none
D:\BTECH\PlantDiseaseProject\dataset\val\Tomato___Leaf_Mold\58fa7c1e-418a-45e5-9228-14bdee34fc89___Crnl_L.Mold 6816.JPG,0.5175979137420654,0.13885314762592316,0.868005096912384,0.002105712890625,1.52587890625e-05,0.46274513006210327,0.9997547268867493,0.9999583959579468,0.00020366907119750977,hist_eq,none
D:\BTECH\PlantDiseaseProject\dataset\val\Tomato___Leaf_Mold\58fb4710-c0a7-4a76-8667-07fbe66bfac9___Crnl_L.Mold 6568.JPG,0.5262421369552612,0.12269777059555054,0.8492146134376526,0.00054931640625,0.0,0.4117647111415863,0.9999964237213135,0.9999969005584717,4.76837158203125e-07,clahe,none
D:\BTECH\PlantDiseaseProject\dataset\val\Tomato___Leaf_Mold\59ad7ddc-9db9-4a9f-b067-e190e0a494e7___Crnl_L.Mold 6566.JPG,0.47850897908210754,0.17243854701519012,0.8944746255874634,0.000946044921875,0.0,0.5921568870544434,0.999982476234436,0.999984860420227,2.384185791015625e-06,clahe,none
D:\BTECH\PlantDiseaseProject\dataset\val\Tomato___Leaf_Mold\5d0e582a-7d32-4069-9987-468d87614c8f___Crnl_L.Mold 9138.JPG,0.4275984764099121,0.1075359433889389,0.8269265294075012,9.1552734375e-05,0.0,0.32156866788864136,0.9923064112663269,0.9978506565093994,0.00554424524307251,gamma_bright,none
D:\BTECH\PlantDiseaseProject\dataset\val\Tomato___Leaf_Mold\600a933c-9490-4ae7-b7e7-5177992b9bb8___Crnl_L.Mold 8633.JPG,0.545285701751709,0.18144908547401428,0.8949295878410339,0.0189208984375,0.0003814697265625,0.6823529601097107,0.9999954700469971,0.9999969005584717,1.430511474609375e-06,hist_eq,none
D:\BTECH\PlantDiseaseProject\dataset\val\Tomato___Leaf_Mold\60f7b149-4286-4101-a156-9bf5551261d7___Crnl_L.Mold 7137.JPG,0.39221999049186707,0.08794613182544708,0.7992434501647949,0.0,0.0,0.2980392575263977,0.9967760443687439,0.9978012442588806,0.0010251998901367188,gamma_bright,none
D:\BTECH\PlantDiseaseProject\dataset\val\Tomato___Leaf_Mold\651f89b5-fe33-495e-896a-f37e2158234c___Crnl_L.Mold 8721.JPG,0.5405686497688293,0.14171884953975677,0.8487929105758667,0.003204345703125,0.0002593994140625,0.4754902124404907,0.9999762773513794,0.9999887943267822,1.2516975402832031e-05,gamma_bright,none
D:\BTECH\PlantDiseaseProject\dataset\val\Tomato___Leaf_Mold\6b56547b-6d59-40ef-852a-b3cf29f779b4___Crnl_L.Mold 8902.JPG,0.5248299837112427,0.16934581100940704,0.8875328302383423,0.013092041015625,0.00054931640625,0.6666666865348816,0.9999797344207764,0.9999843835830688,4.649162292480469e-06,clahe,none
D:\BTECH\PlantDiseaseProject\dataset\val\Tomato___Leaf_Mold\6beda1f2-d01e-4693-b3c0-e544cf00954b___Crnl_L.Mold 6917.JPG,0.42765599489212036,0.10995379090309143,0.8503543734550476,1.52587890625e-05,0.0,0.35686278343200684,0.9992939233779907,0.9993280172348022,3.409385681152344e-05,gamma_bright,none
D:\BTECH\PlantDiseaseProject\dataset\val\Tomato___Leaf_Mold\6e6da01b-c5b7-4050-b502-4d284330b11b___Crnl_L.Mold 6729.JPG,0.5423308610916138,0.15764154493808746,0.8683180809020996,0.0014801025390625,3.0517578125e-05,0.6117647290229797,0.9999810457229614,0.9999890327453613,7.987022399902344e-06,clahe,none
D:\BTECH\PlantDiseaseProject\dataset\val\Tomato___Leaf_Mold\6ffea8bd-57cd-4fcf-b477-decec427a981___Crnl_L.Mold 8806.JPG,0.5486471652984619,0.15963365137577057,0.891289472579956,0.008758544921875,0.0011749267578125,0.5098039507865906,0.9999980926513672,0.9999985694885254,4.76837158203125e-07,gamma_bright,none
D:\BTECH\PlantDiseaseProject\dataset\val\Tomato___Leaf_Mold\706355a7-3ca5-4a79-b946-6fecf0b17277___Crnl_L.Mold 8990.JPG,0.41498157382011414,0.12071113288402557,0.8455256223678589,0.000213623046875,0.0,0.3607843518257141,0.9999808073043823,0.9999868869781494,6.079673767089844e-06,gamma_bright,none
D:\BTECH\PlantDiseaseProject\dataset\val\Tomato___Leaf_Mold\735f7469-96ea-4e79-9865-72883d3c16db___Crnl_L.Mold 8998.JPG,0.4554201662540436,0.11222004890441895,0.834078311920166,4.57763671875e-05,0.0,0.3490196466445923,0.9956685304641724,0.9983392953872681,0.002670764923095703,gamma_bright,none
D:\BTECH\PlantDiseaseProject\dataset\val\Tomato___Leaf_Mold\738b2359-39ac-465b-8d8e-43dc842a280e___Crnl_L.Mold 6535.JPG,0.4887372851371765,0.16145560145378113,0.8704642653465271,0.001190185546875,0.0,0.5529412031173706,0.9999427795410156,0.9999918937683105,4.9114227294921875e-05,hist_eq,none
D:\BTECH\PlantDiseaseProject\dataset\val\Tomato___Leaf_Mold\74cdebf6-7aa9-40a1-bca2-d4dc28bc5b1f___Crnl_L.Mold 8724.JPG,0.5717613697052002,0.15504644811153412,0.8794981837272644,0.004486083984375,0.0009002685546875,0.5137255191802979,0.9999978542327881,0.999998927116394,1.0728836059570312e-06,gamma_bright,none
D:\BTECH\PlantDiseaseProject\dataset\val\Tomato___Leaf_Mold\755296b4-fa21-4ec5-b912-bd85b2897a01___Crnl_L.Mold 8630.JPG,0.5433194637298584,0.1465100646018982,0.8784191012382507,0.0072479248046875,0.0007171630859375,0.4431372582912445,0.9983389377593994,0.9995040893554688,0.001165151596069336,gamma_bright,none
D:\BTECH\PlantDiseaseProject\dataset\val\Tomato___Leaf_Mold\75b10923-dfb7-4b29-b12f-7e76fc069f51___Crnl_L.Mold 6674.JPG,0.48899543285369873,0.19892843067646027,0.9124369025230408,0.004791259765625,4.57763671875e-05,0.6470588445663452,0.9961977601051331,0.9961977601051331,0.0,none,none
D:\BTECH\PlantDiseaseProject\dataset\val\Tomato___Leaf_Mold\77219bfa-b44d-449d-a7bc-3f27d26ffd6a___Crnl_L.Mold 6545.JPG,0.3862442970275879,0.17389105260372162,0.870851993560791,0.0020294189453125,0.0,0.5529412031173706,0.9999532699584961,0.9999673366546631,1.4066696166992188e-05,hist_eq,none
D:\BTECH\PlantDiseaseProject\dataset\val\Tomato___Leaf_Mold\7b20fb82-3213-4761-9b55-70f9e9fdc588___Crnl_L.Mold 8641.JPG,0.5622658133506775,0.15604494512081146,0.8637654781341553,0.004913330078125,0.0004119873046875,0.5764706134796143,0.9999837875366211,0.9999902248382568,6.4373016357421875e-06,hist_eq,none
D:\BTECH\PlantDiseaseProject\dataset\val\Tomato___Leaf_Mold\7c9ac47e-ec96-457c-96d7-8aefdace978f___Crnl_L.Mold 6850.JPG,0.4505208134651184,0.19043658673763275,0.869191586971283,0.001678466796875,0.0,0.6274510025978088,0.9999963045120239,0.9999982118606567,1.9073486328125e-06,clahe,none
D:\BTECH\PlantDiseaseProject\dataset\val\Tomato___Leaf_Mold\802b8083-7628-4974-8d38-ffe2d82ad62f___Crnl_L.Mold 8997.JPG,0.3680451512336731,0.11064153909683228,0.833491325378418,0.0016021728515625,0.0,0.3490196466445923,0.9999326467514038,0.9999457597732544,1.3113021850585938e-05,gamma_bright,none
D:\BTECH\PlantDiseaseProject\dataset\val\Tomato___Leaf_Mold\87e7e3be-acc9-45bf-a843-5528b1ec9484___Crnl_L.Mold 8924.JPG,0.5208408236503601,0.17556950449943542,0.9082218408584595,0.0072784423828125,0.0004730224609375,0.6666666865348816,0.9995173215866089,0.9998258948326111,0.00030857324600219727,hist_eq,none
D:\BTECH\PlantDiseaseProject\dataset\val\Tomato___Leaf_Mold\89df26fb-3707-4503-814c-b712cc06f713___Crnl_L.Mold 6570.JPG,0.5049298405647278,0.125253826379776,0.8586667776107788,0.0005645751953125,0.0,0.40784314274787903,0.9999860525131226,0.9999860525131226,0.0,none,none
D:\BTECH\PlantDiseaseProject\dataset\val\Tomato___Leaf_Mold\8b5d979a-f03e-4f79-b638-f5222b904a1c___Crnl_L.Mold 6727.JPG,0.5551716089248657,0.12645918130874634,0.8049982190132141,0.001434326171875,0.0,0.4274510145187378,0.9999964237213135,0.9999967813491821,3.5762786865234375e-07,clahe,none
D:\BTECH\PlantDiseaseProject\dataset\val\Tomato___Leaf_Mold\8bc3ccca-a312-4d14-a412-4c1726cdace9___Crnl_L.Mold 8802.JPG,0.5285543203353882,0.15397916734218597,0.868353009223938,0.0090484619140625,0.000244140625,0.5803921818733215,0.999945878982544,0.9999769926071167,3.1113624572753906e-05,hist_eq,none
D:\BTECH\PlantDiseaseProject\dataset\val\Tomato___Leaf_Mold\8be97a5e-3c99-4cd5-9faf-9aad0f599702___Crnl_L.Mold 6659.JPG,0.5194289684295654,0.16656135022640228,0.8988084197044373,0.001556396484375,1.52587890625e-05,0.5882353186607361,0.9999936819076538,0.9999964237213135,2.7418136596679688e-06,clahe,none
D:\BTECH\PlantDiseaseProject\dataset\val\Tomato___Leaf_Mold\8d545c01-91da-4672-ad00-5db9da864d33___Crnl_L.Mold 8928.JPG,0.447823703289032,0.10341314226388931,0.8249094486236572,0.0001220703125,0.0,0.3294118046760559,0.9999765157699585,0.999990701675415,1.4185905456542969e-05,gamma_bright,none
D:\BTECH\PlantDiseaseProject\dataset\val\Tomato___Leaf_Mold\8d6e2d0b-672d-4737-8973-17a9f31517a8___Crnl_L.Mold 7070.JPG,0.4773019552230835,0.12268786132335663,0.837626576423645,0.0,0.0,0.364705890417099,0.9998582601547241,0.9999452829360962,8.702278137207031e-05,hist_eq,none
D:\BTECH\PlantDiseaseProject\dataset\val\Tomato___Leaf_Mold\8e3d29dc-2a32-4471-9318-7ba1c664e1ad___Crnl_L.Mold 8903.JPG,0.5270712971687317,0.22713781893253326,0.9213333129882812,0.0252227783203125,0.0019378662109375,0.7764706015586853,0.9997923970222473,0.9998946189880371,0.00010222196578979492,hist_eq,none
D:\BTECH\PlantDiseaseProject\dataset\val\Tomato___Leaf_Mold\8e92b724-a066-4039-a090-2699c5cfed4e___Crnl_L.Mold 6724.JPG,0.5267970561981201,0.1671307384967804,0.8793807029724121,0.0016632080078125,0.0,0.5764706134796143,0.9999966621398926,0.9999982118606567,1.5497207641601562e-06,clahe,none
D:\BTECH\PlantDiseaseProject\dataset\val\Tomato___Leaf_Mold\9667b27d-09e8-4776-97bf-e6088227d26d___Crnl_L.Mold 6670.JPG,0.44150781631469727,0.20741544663906097,0.9164299964904785,0.002288818359375,0.0,0.6274510025978088,0.9994206428527832,0.9997386336326599,0.000317990779876709,gamma_dark,none
D:\BTECH\PlantDiseaseProject\dataset\val\Tomato___Leaf_Mold\9699b511-4dd6-4037-8cfe-c96c12a7b029___Crnl_L.Mold 8725.JPG,0.5348217487335205,0.17517684400081635,0.8790043592453003,0.0246429443359375,0.0007781982421875,0.686274528503418,0.9999839067459106,0.9999901056289673,6.198883056640625e-06,gamma_bright,none
D:\BTECH\PlantDiseaseProject\dataset\val\Tomato___Leaf_Mold\97ae4dda-7b28-4a06-a348-d361f8ecf56f___Crnl_L.Mold 8899.JPG,0.5287572741508484,0.1740764081478119,0.8990284204483032,0.013397216796875,0.000152587890625,0.6627451181411743,0.9999963045120239,0.9999994039535522,3.0994415283203125e-06,hist_eq,none
D:\BTECH\PlantDiseaseProject\dataset\val\Tomato___Leaf_Mold\9afdf72c-5e19-40bd-8035-daf70f1cf8ce___Crnl_L.Mold 6617.JPG,0.486662894487381,0.157527357339859,0.8815726041793823,0.0017852783203125,0.0,0.572549045085907,0.9999921321868896,0.9999954700469971,3.337860107421875e-06,hist_eq,none
D:\BTECH\PlantDiseaseProject\dataset\val\Tomato___Leaf_Mold\9b6483fe-95eb-464b-a73d-0cac6f777994___Crnl_L.Mold 8632.JPG,0.522365391254425,0.1510283648967743,0.8967529535293579,0.008209228515625,0.00067138671875,0.4745098054409027,0.9999712705612183,0.9999878406524658,1.6570091247558594e-05,gamma_bright,none
D:\BTECH\PlantDiseaseProject\dataset\val\Tomato___Leaf_Mold\9ced7d05-026f-45ab-986e-6af8eb2a13d6___Crnl_L.Mold 8995.JPG,0.4032580852508545,0.11417284607887268,0.8344411849975586,0.0003204345703125,0.0,0.34117650985717773,0.9987887740135193,0.9995092153549194,0.0007204413414001465,gamma_bright,none
D:\BTECH\PlantDiseaseProject\dataset\val\Tomato___Leaf_Mold\9d807622-ab39-4aa3-a70a-a2a62aa17679___Crnl_L.Mold 9136.JPG,0.38260480761528015,0.10772930830717087,0.8383376002311707,1.52587890625e-05,0.0,0.32549023628234863,0.983391523361206,0.9938309192657471,0.010439395904541016,gamma_bright,none
D:\BTECH\PlantDiseaseProject\dataset\val\Tomato___Leaf_Mold\9e305064-4a83-45a7-be7b-d06c60cea4d2___Crnl_L.Mold 6658.JPG,0.4928034543991089,0.21654631197452545,0.9008830189704895,0.001068115234375,1.52587890625e-05,0.6745098233222961,0.9999575614929199,0.9999823570251465,2.47955322265625e-05,hist_eq,none
D:\BTECH\PlantDiseaseProject\dataset\val\Tomato___Leaf_Mold\9f25030c-39e2-4a62-a586-40e3c26f60bb___Crnl_L.Mold 6657.JPG,0.49872827529907227,0.14017853140830994,0.8626440763473511,0.001739501953125,1.52587890625e-05,0.4784314036369324,0.9999861717224121,0.9999953508377075,9.179115295410156e-06,clahe,none
D:\BTECH\PlantDiseaseProject\dataset\val\Tomato___Leaf_Mold\a0de49f7-e907-4336-87e8-4440ee6df913___Crnl_L.Mold 7034.JPG,0.4309892952442169,0.14136198163032532,0.8910384178161621,0.00067138671875,0.0,0.4941176772117615,0.9999953508377075,0.9999961853027344,8.344650268554688e-07,gamma_dark,none
D:\BTECH\PlantDiseaseProject\dataset\val\Tomato___Leaf_Mold\a37a63d6-d842-4049-b82b-f1d47c6f2f2c___Crnl_L.Mold 8646.JPG,0.5082252025604248,0.16231799125671387,0.8554040193557739,0.0061492919921875,9.1552734375e-05,0.6470588445663452,0.999985933303833,0.9999911785125732,5.245208740234375e-06,gamma_bright,none
D:\BTECH\PlantDiseaseProject\dataset\val\Tomato___Leaf_Mold\a3e7a5cc-1dbc-4492-8a07-15c12c97493f___Crnl_L.Mold 6548.JPG,0.45303717255592346,0.19898292422294617,0.9095378518104553,0.00115966796875,0.0,0.6352941393852234,0.9999911785125732,0.9999911785125732,0.0,none,none
D:\BTECH\PlantDiseaseProject\dataset\val\Tomato___Leaf_Mold\a4baece0-0e73-4b2f-a434-007c429fb5f9___Crnl_L.Mold 6672.JPG,0.4832477569580078,0.18250824511051178,0.900890052318573,0.002716064453125,0.0,0.5803921818733215,0.9987689852714539,0.999872088432312,0.0011031031608581543,hist_eq,none
D:\BTECH\PlantDiseaseProject\dataset\val\Tomato___Leaf_Mold\a6227736-64f1-4089-ae4b-fac942bcc4da___Crnl_L.Mold 6639.JPG,0.5027578473091125,0.1774044781923294,0.908456563949585,0.0017547607421875,0.000885009765625,0.5686274766921997,0.9996246099472046,0.9999916553497314,0.00036704540252685547,clahe,none
D:\BTECH\PlantDiseaseProject\dataset\val\Tomato___Leaf_Mold\a740fdd7-45f9-445f-a992-37005aa41d32___Crnl_L.Mold 6883.JPG,0.46338164806365967,0.19150622189044952,0.9085595011711121,0.0047607421875,0.0,0.5960784554481506,0.9183285236358643,0.9983545541763306,0.08002603054046631,hist_eq,hist_eq
D:\BTECH\PlantDiseaseProject\dataset\val\Tomato___Leaf_Mold\af7e1ce4-bb49-4227-ba89-9972bab473b7___Crnl_L.Mold 6560.JPG,0.509205162525177,0.14245666563510895,0.8647425770759583,0.000274658203125,0.0,0.5647059082984924,0.9999275207519531,0.9999547004699707,2.7179718017578125e-05,clahe,none
D:\BTECH\PlantDiseaseProject\dataset\val\Tomato___Leaf_Mold\b1299841-6001-40d1-aa5c-90f5e289fbf1___Crnl_L.Mold 6887.JPG,0.5129324197769165,0.17197251319885254,0.8907164335250854,0.0015106201171875,1.52587890625e-05,0.5568627715110779,0.9999819993972778,0.9999822378158569,2.384185791015625e-07,gamma_dark,none
D:\BTECH\PlantDiseaseProject\dataset\val\Tomato___Leaf_Mold\b5bff13f-7b25-4725-af06-11769005cda1___Crnl_L.Mold 8930.JPG,0.3627917170524597,0.09841570258140564,0.8051981925964355,0.0037994384765625,0.0,0.2862744927406311,0.9998595714569092,0.999947190284729,8.761882781982422e-05,gamma_bright,none
D:\BTECH\PlantDiseaseProject\dataset\val\Tomato___Leaf_Mold\b69f0ec4-240b-47ae-8cd7-0a3bec246bf1___Crnl_L.Mold 8722.JPG,0.5916541814804077,0.19612132012844086,0.9053682088851929,0.0038604736328125,0.0012664794921875,0.6941176652908325,0.9999986886978149,0.9999986886978149,0.0,none,none
D:\BTECH\PlantDiseaseProject\dataset\val\Tomato___Leaf_Mold\b7b40130-ae85-438e-9bc4-7ed4ce5cdd1f___Crnl_L.Mold 9137.JPG,0.46307075023651123,0.12680639326572418,0.8567042350769043,0.00079345703125,0.0,0.40392160415649414,0.989388644695282,0.9978918433189392,0.008503198623657227,gamma_bright,none
D:\BTECH\PlantDiseaseProject\dataset\val\Tomato___Leaf_Mold\b8fc0a5c-ffce-488e-ae68-f4a268f8817b___Crnl_L.Mold 9157.JPG,0.4128454625606537,0.10825833678245544,0.8400168418884277,6.103515625e-05,0.0,0.345098078250885,0.9999442100524902,0.9999611377716064,1.6927719116210938e-05,gamma_bright,none
D:\BTECH\PlantDiseaseProject\dataset\val\Tomato___Leaf_Mold\b97c1d3f-45b5-4057-aa68-1c92e65b06dc___Crnl_L.Mold 8696.JPG,0.5412544012069702,0.17098188400268555,0.8992344737052917,0.0063934326171875,0.0005645751953125,0.6313725709915161,0.9990553259849548,0.9990615248680115,6.198883056640625e-06,hist_eq,none
D:\BTECH\PlantDiseaseProject\dataset\val\Tomato___Leaf_Mold\bcf274e3-d797-4fa5-88c8-e513266e78da___Crnl_L.Mold 7036.JPG,0.44645196199417114,0.09618695080280304,0.8142954707145691,0.0,0.0,0.32156863808631897,0.9999563694000244,0.9999563694000244,0.0,none,none
D:\BTECH\PlantDiseaseProject\dataset\val\Tomato___Leaf_Mold\bf28a373-d2bc-4f16-8153-4b85c0cba6b9___Crnl_L.Mold 8929.JPG,0.44571155309677124,0.1123475506901741,0.8323947191238403,0.000213623046875,0.0,0.33725494146347046,0.999914288520813,0.9999368190765381,2.2530555725097656e-05,gamma_bright,none
D:\BTECH\PlantDiseaseProject\dataset\val\Tomato___Leaf_Mold\c05c1b58-b391-41d4-bdd4-72f82b59a508___Crnl_L.Mold 8926.JPG,0.50323486328125,0.19176335632801056,0.9255689978599548,0.0152435302734375,0.0003814697265625,0.729411780834198,0.9999936819076538,0.9999978542327881,4.172325134277344e-06,hist_eq,none
D:\BTECH\PlantDiseaseProject\dataset\val\Tomato___Leaf_Mold\c703ee8a-3a32-4b49-9ac2-02138720a47d___Crnl_L.Mold 6614.JPG,0.47648027539253235,0.14883430302143097,0.871999204158783,0.001800537109375,1.52587890625e-05,0.529411792755127,0.9999771118164062,0.9999914169311523,1.430511474609375e-05,hist_eq,none
D:\BTECH\PlantDiseaseProject\dataset\val\Tomato___Leaf_Mold\c92cbefd-7687-4a82-a07e-95cf5990c1d9___Crnl_L.Mold 8698.JPG,0.5691344738006592,0.1613292247056961,0.8793972730636597,0.0054473876953125,0.0008392333984375,0.5607843399047852,0.9994681477546692,0.9999085664749146,0.00044041872024536133,hist_eq,none
D:\BTECH\PlantDiseaseProject\dataset\val\Tomato___Leaf_Mold\c969f446-4098-43f5-a1ad-71b90d1078f6___Crnl_L.Mold 6615.JPG,0.4720405340194702,0.14101924002170563,0.8666905164718628,0.001953125,0.0,0.501960813999176,0.9999879598617554,0.9999905824661255,2.6226043701171875e-06,gamma_dark,none
D:\BTECH\PlantDiseaseProject\dataset\val\Tomato___Leaf_Mold\cc4dfd3c-fca5-43ce-8532-dc78020d9f62___Crnl_L.Mold 9156.JPG,0.4147781729698181,0.10961251705884933,0.826257586479187,0.0,0.0,0.3176470994949341,0.9999531507492065,0.9999716281890869,1.8477439880371094e-05,gamma_bright,none
D:\BTECH\PlantDiseaseProject\dataset\val\Tomato___Leaf_Mold\cd0904a9-a70f-487c-bcc3-18b26a574837___Crnl_L.Mold 8803.JPG,0.5332594513893127,0.18620285391807556,0.9090953469276428,0.018890380859375,0.00103759765625,0.7019608020782471,0.9999933242797852,0.999994158744812,8.344650268554688e-07,gamma_bright,none
D:\BTECH\PlantDiseaseProject\dataset\val\Tomato___Leaf_Mold\cf7130f7-50b1-4dce-81ed-841302e5f71d___Crnl_L.Mold 7072.JPG,0.43443939089775085,0.10428792983293533,0.8172079920768738,1.52587890625e-05,0.0,0.32156866788864136,0.9999812841415405,0.9999856948852539,4.410743713378906e-06,clahe,none
D:\BTECH\PlantDiseaseProject\dataset\val\Tomato___Leaf_Mold\d0049080-d379-4a5c-9407-1073f4d3ce3f___Crnl_L.Mold 8642.JPG,0.5077932476997375,0.21343766152858734,0.9108898639678955,0.0270538330078125,0.0005035400390625,0.7176470756530762,0.9999728202819824,0.9999728202819824,0.0,none,none
D:\BTECH\PlantDiseaseProject\dataset\val\Tomato___Leaf_Mold\d23729f0-3d5c-4e13-abd2-5cc7f21a51ee___Crnl_L.Mold 6976.JPG,0.41580602526664734,0.09872123599052429,0.8006672859191895,0.0,0.0,0.3176470994949341,0.9999953508377075,0.9999974966049194,2.1457672119140625e-06,hist_eq,none
D:\BTECH\PlantDiseaseProject\dataset\val\Tomato___Leaf_Mold\d2c889b0-0223-4e09-9d9f-cdf019b65120___Crnl_L.Mold 8631.JPG,0.4917603135108948,0.1776900589466095,0.9131488800048828,0.017181396484375,0.00067138671875,0.658823549747467,0.9999856948852539,0.999994158744812,8.463859558105469e-06,gamma_bright,none
D:\BTECH\PlantDiseaseProject\dataset\val\Tomato___Leaf_Mold\d4becf38-57b1-46c6-9dbe-fcb747edd287___Crnl_L.Mold 7134.JPG,0.45478612184524536,0.10411405563354492,0.8252948522567749,0.0,0.0,0.3294117748737335,0.9999411106109619,0.9999734163284302,3.230571746826172e-05,hist_eq,none
D:\BTECH\PlantDiseaseProject\dataset\val\Tomato___Leaf_Mold\d7ee8962-2ee6-4da6-aadd-d181aa54a498___Crnl_L.Mold 8922.JPG,0.5143475532531738,0.2021160125732422,0.9046518206596375,0.0108489990234375,0.000213623046875,0.6941176652908325,0.999415397644043,0.9998551607131958,0.00043976306915283203,gamma_bright,none
D:\BTECH\PlantDiseaseProject\dataset\val\Tomato___Leaf_Mold\d851f069-a167-4136-b21f-73a85f6f2126___Crnl_L.Mold 8957.JPG,0.4051806926727295,0.11034714430570602,0.8095206022262573,0.00042724609375,0.0,0.32549023628234863,0.9999130964279175,0.9999357461929321,2.2649765014648438e-05,gamma_dark,none
D:\BTECH\PlantDiseaseProject\dataset\val\Tomato___Leaf_Mold\d94e7f33-7c00-4541-8bb2-ba6314f68c0e___Crnl_L.Mold 6885.JPG,0.5630201697349548,0.15612570941448212,0.8436062335968018,0.0005645751953125,0.0,0.49803924560546875,0.9999639987945557,0.9999780654907227,1.4066696166992188e-05,gamma_dark,none
D:\BTECH\PlantDiseaseProject\dataset\val\Tomato___Leaf_Mold\dbbb1200-16e8-4842-acbf-57ccd1afc2dc___Crnl_L.Mold 7035.JPG,0.46402156352996826,0.10679180920124054,0.84241783618927,1.52587890625e-05,0.0,0.35686275362968445,0.9999691247940063,0.999981164932251,1.2040138244628906e-05,gamma_bright,none
D:\BTECH\PlantDiseaseProject\dataset\val\Tomato___Leaf_Mold\e1af66f2-f7a8-4ae8-8f79-f9b8e8508d58___Crnl_L.Mold 8697.JPG,0.5290030837059021,0.19190433621406555,0.9080398678779602,0.013641357421875,0.00042724609375,0.7098039388656616,0.9998712539672852,0.999964714050293,9.34600830078125e-05,gamma_bright,none
D:\BTECH\PlantDiseaseProject\dataset\val\Tomato___Leaf_Mold\e3f2056b-aa97-4369-8b56-90fd45f37d4d___Crnl_L.Mold 6555.JPG,0.48624736070632935,0.17371900379657745,0.9034252762794495,0.0002593994140625,3.0517578125e-05,0.6470588445663452,0.9992015957832336,0.9995354413986206,0.0003338456153869629,clahe,none
D:\BTECH\PlantDiseaseProject\dataset\val\Tomato___Leaf_Mold\e4e09a80-ae3a-42e8-ae98-e892b0507098___Crnl_L.Mold 6636.JPG,0.46873968839645386,0.19058634340763092,0.9247632622718811,0.0039825439453125,0.00030517578125,0.6313725709915161,0.9999761581420898,0.9999872446060181,1.1086463928222656e-05,clahe,none
D:\BTECH\PlantDiseaseProject\dataset\val\Tomato___Leaf_Mold\e710a5d8-3d50-4382-9786-931ca51ba797___Crnl_L.Mold 6851.JPG,0.5171453356742859,0.14619995653629303,0.8752874135971069,0.00115966796875,3.0517578125e-05,0.5372549295425415,0.9999812841415405,0.999988317489624,7.033348083496094e-06,clahe,none
D:\BTECH\PlantDiseaseProject\dataset\val\Tomato___Leaf_Mold\eeb1fcab-1278-4c23-bef4-2b54ec75f651___Crnl_L.Mold 9158.JPG,0.4572541117668152,0.11469736695289612,0.8227440118789673,0.00048828125,0.0,0.3490196466445923,0.9999946355819702,0.9999961853027344,1.5497207641601562e-06,gamma_bright,none
D:\BTECH\PlantDiseaseProject\dataset\val\Tomato___Leaf_Mold\efc97ed0-2c07-448d-b69f-dc75bf46844b___Crnl_L.Mold 9159.JPG,0.37214797735214233,0.11116848140954971,0.8291022777557373,0.00115966796875,0.0,0.345098078250885,0.9999939203262329,0.999996542930603,2.6226043701171875e-06,gamma_bright,none
D:\BTECH\PlantDiseaseProject\dataset\val\Tomato___Leaf_Mold\f519ceb3-e49b-4be9-81fa-20fea299b49e___Crnl_L.Mold 9088.JPG,0.4714367687702179,0.16379746794700623,0.9224995970726013,0.0,0.0001220703125,0.5647059082984924,0.2940886616706848,0.5202605128288269,0.2261718511581421,gamma_bright,gamma_bright
D:\BTECH\PlantDiseaseProject\dataset\val\Tomato___Leaf_Mold\f588d442-8eb5-439a-9c1a-cad5722ecc28___Crnl_L.Mold 7133.JPG,0.45115214586257935,0.11110641062259674,0.8398385643959045,0.0,0.0,0.35294121503829956,0.9965962767601013,0.9985331296920776,0.0019368529319763184,clahe,none
D:\BTECH\PlantDiseaseProject\dataset\val\Tomato___Leaf_Mold\f7a198ea-1064-41ab-be9c-f0bab081a128___Crnl_L.Mold 6918.JPG,0.4680711627006531,0.09781459718942642,0.8141608834266663,0.0,0.0,0.3137255012989044,0.9990341663360596,0.9997044205665588,0.0006702542304992676,hist_eq,none
D:\BTECH\PlantDiseaseProject\dataset\val\Tomato___Leaf_Mold\f85b350c-a7cf-4652-87e7-5e039e82021d___Crnl_L.Mold 8927.JPG,0.4487963020801544,0.09598757326602936,0.7964931726455688,4.57763671875e-05,0.0,0.2862745225429535,0.9999938011169434,0.9999963045120239,2.5033950805664062e-06,gamma_bright,none
D:\BTECH\PlantDiseaseProject\dataset\val\Tomato___Leaf_Mold\f8e698ff-5f4d-4735-ae53-1daf38c49d46___Crnl_L.Mold 6536.JPG,0.47001296281814575,0.17189158499240875,0.8999317288398743,0.0025177001953125,0.0,0.5764706134796143,0.999995231628418,0.9999980926513672,2.86102294921875e-06,gamma_dark,none
D:\BTECH\PlantDiseaseProject\dataset\val\Tomato___Leaf_Mold\f9124c7e-9cfd-4b90-bc64-aadd638e896d___Crnl_L.Mold 8925.JPG,0.512128472328186,0.2085648477077484,0.9428774118423462,0.0115203857421875,0.0011749267578125,0.7490196228027344,0.9999115467071533,0.9999520778656006,4.0531158447265625e-05,gamma_bright,none
D:\BTECH\PlantDiseaseProject\dataset\val\Tomato___Leaf_Mold\f989d3e8-e86b-4a15-80d7-22f6f7e0497a___Crnl_L.Mold 6818.JPG,0.5313289165496826,0.15373386442661285,0.8856480717658997,0.0018157958984375,0.0,0.49803924560546875,0.9998098015785217,0.9998983144760132,8.851289749145508e-05,clahe,none
D:\BTECH\PlantDiseaseProject\dataset\val\Tomato___Leaf_Mold\fb88e8e4-f380-4d43-a70e-0e64db8d1b64___Crnl_L.Mold 6798.JPG,0.5498379468917847,0.16212312877178192,0.8923177123069763,0.00164794921875,0.0001220703125,0.545098066329956,0.9999943971633911,0.9999984502792358,4.0531158447265625e-06,clahe,none
D:\BTECH\PlantDiseaseProject\dataset\val\Tomato___Leaf_Mold\fd686c68-9a4a-4d11-98fa-7c612aff9fd4___Crnl_L.Mold 6974.JPG,0.46570640802383423,0.09024854004383087,0.8006455302238464,0.0,0.0,0.30588236451148987,0.9998729228973389,0.9999197721481323,4.684925079345703e-05,hist_eq,none
D:\BTECH\PlantDiseaseProject\dataset\val\Tomato___Septoria_leaf_spot\009ce7ca-77de-4e4e-9f59-bec9162df779___Matt.S_CG 7403.JPG,0.5815209150314331,0.1935737282037735,0.936251699924469,0.00225830078125,0.0036773681640625,0.7098039388656616,0.9999642372131348,0.9999711513519287,6.9141387939453125e-06,gamma_bright,none
D:\BTECH\PlantDiseaseProject\dataset\val\Tomato___Septoria_leaf_spot\026c9801-8f0c-41b6-adfe-12704eafa73d___Keller.St_CG 1939.JPG,0.5487082004547119,0.10153127461671829,0.82637619972229,0.0002288818359375,3.0517578125e-05,0.3019607961177826,0.9999420642852783,0.9999812841415405,3.921985626220703e-05,clahe,none
D:\BTECH\PlantDiseaseProject\dataset\val\Tomato___Septoria_leaf_spot\037d8289-4297-4462-95aa-3cecf4cf5a62___Matt.S_CG 7764.JPG,0.6006814241409302,0.1586485356092453,0.9049392938613892,0.0002593994140625,0.000335693359375,0.5058823823928833,0.9999905824661255,0.9999979734420776,7.3909759521484375e-06,hist_eq,none
D:\BTECH\PlantDiseaseProject\dataset\val\Tomato___Septoria_leaf_spot\03b3e88f-63ad-49e1-88c2-b8bfffd6aaf6___Matt.S_CG 1226.JPG,0.5197191834449768,0.10598547756671906,0.809209942817688,1.52587890625e-05,0.0,0.3450980484485626,0.9963200092315674,0.9985069632530212,0.0021869540214538574,clahe,none
D:\BTECH\PlantDiseaseProject\dataset\val\Tomato___Septoria_leaf_spot\06225525-413e-411b-a503-85e8dc6050a8___JR_Sept.L.S 8351.JPG,0.5129780769348145,0.1579393446445465,0.892014741897583,0.004852294921875,1.52587890625e-05,0.5137255191802979,0.9999635219573975,0.9999886751174927,2.5153160095214844e-05,clahe,none
D:\BTECH\PlantDiseaseProject\dataset\val\Tomato___Septoria_leaf_spot\07a4190c-b0c0-4e03-9ad5-474938c837d2___Matt.S_CG 1242.JPG,0.4516497552394867,0.1014452651143074,0.8238083720207214,1.52587890625e-05,0.0,0.3176470696926117,0.9969584941864014,0.9997960925102234,0.0028375983238220215,hist_eq,none
D:\BTECH\PlantDiseaseProject\dataset\val\Tomato___Septoria_leaf_spot\07dd57ec-cbf0-4fc1-b680-6b3226da51e4___JR_Sept.L.S 8524.JPG,0.5079552531242371,0.19195549190044403,0.9026637673377991,0.009033203125,7.62939453125e-05,0.6392157077789307,0.9996230602264404,0.9999420642852783,0.0003190040588378906,hist_eq,none
D:\BTECH\PlantDiseaseProject\dataset\val\Tomato___Septoria_leaf_spot\08233234-a3af-4040-8814-eb13f89802dd___Keller.St_CG 2009.JPG,0.4795471429824829,0.06803302466869354,0.7590040564537048,0.0,0.0,0.22352942824363708,0.9991770386695862,0.9992287158966064,5.167722702026367e-05,gamma_bright,none
D:\BTECH\PlantDiseaseProject\dataset\val\Tomato___Septoria_leaf_spot\09332ad5-89d0-4ce9-84de-6bca4f10bf16___Keller.St_CG 1953.JPG,0.5006073117256165,0.10499605536460876,0.7963591814041138,0.0003509521484375,1.52587890625e-05,0.3186274766921997,0.9999415874481201,0.9999924898147583,5.0902366638183594e-05,hist_eq,none
D:\BTECH\PlantDiseaseProject\dataset\val\Tomato___Septoria_leaf_spot\0a5edec2-e297-4a25-86fc-78f03772c100___JR_Sept.L.S 8468.JPG,0.5030607581138611,0.21320833265781403,0.8928287625312805,0.04638671875,7.62939453125e-05,0.6941176652908325,0.740543007850647,0.9845404028892517,0.24399739503860474,hist_eq,hist_eq
D:\BTECH\PlantDiseaseProject\dataset\val\Tomato___Septoria_leaf_spot\0a70601b-8511-4a56-9562-c95c46372874___Matt.S_CG 1032.JPG,0.46254730224609375,0.08082349598407745,0.7975039482116699,0.0,0.0,0.25882354378700256,0.9999651908874512,0.9999673366546631,2.1457672119140625e-06,clahe,none
D:\BTECH\PlantDiseaseProject\dataset\val\Tomato___Septoria_leaf_spot\0bbf4db7-38a1-4d5c-8fd7-503e9f37ef8f___Matt.S_CG 7848.JPG,0.6029258966445923,0.17092365026474,0.9100321531295776,0.000335693359375,0.0009918212890625,0.5176470279693604,0.9998612403869629,0.9999783039093018,0.00011706352233886719,hist_eq,none
D:\BTECH\PlantDiseaseProject\dataset\val\Tomato___Septoria_leaf_spot\0d8187e2-00e2-40e7-b1a5-c94db561057c___JR_Sept.L.S 8439.JPG,0.6175848245620728,0.15104949474334717,0.8511270880699158,0.002716064453125,9.1552734375e-05,0.47843137383461,0.9971823692321777,0.9995473027229309,0.002364933490753174,hist_eq,none
D:\BTECH\PlantDiseaseProject\dataset\val\Tomato___Septoria_leaf_spot\0ef9804e-d695-40e4-8950-08551255fa05___JR_Sept.L.S 8540.JPG,0.5128782987594604,0.1925724446773529,0.8623651266098022,0.010589599609375,0.0002288818359375,0.5764706134796143,0.8913120031356812,0.9891853332519531,0.09787333011627197,hist_eq,hist_eq
D:\BTECH\PlantDiseaseProject\dataset\val\Tomato___Septoria_leaf_spot\10b13eee-3523-4a86-96cf-5b94191c3f4b___Matt.S_CG 1305.JPG,0.5374846458435059,0.17722101509571075,0.9000958800315857,0.0026397705078125,6.103515625e-05,0.6000000238418579,0.9999072551727295,0.9999974966049194,9.02414321899414e-05,hist_eq,none
D:\BTECH\PlantDiseaseProject\dataset\val\Tomato___Septoria_leaf_spot\10bbb1a5-c5d5-4500-959c-4818a787e5ec___Keller.St_CG 1975.JPG,0.5064980983734131,0.11866319179534912,0.8377203941345215,0.00042724609375,1.52587890625e-05,0.40490198135375977,0.9994997978210449,0.9999207258224487,0.0004209280014038086,hist_eq,none
D:\BTECH\PlantDiseaseProject\dataset\val\Tomato___Septoria_leaf_spot\115872f2-53a2-4ed9-a394-01882a0d30db___Keller.St_CG 1914.JPG,0.4544425904750824,0.13227905333042145,0.8439188003540039,7.62939453125e-05,0.0,0.4745098352432251,0.998029887676239,0.9999035596847534,0.0018736720085144043,hist_eq,none
D:\BTECH\PlantDiseaseProject\dataset\val\Tomato___Septoria_leaf_spot\12703385-4e74-4e56-b90a-fede2827fbf2___Matt.S_CG 6039.JPG,0.6923373937606812,0.10579784959554672,0.8431410789489746,0.0,6.103515625e-05,0.3333333134651184,0.9999760389328003,0.9999793767929077,3.337860107421875e-06,gamma_bright,none
D:\BTECH\PlantDiseaseProject\dataset\val\Tomato___Septoria_leaf_spot\132e22f8-a438-433a-a6b1-035499046450___Matt.S_CG 2659.JPG,0.47879910469055176,0.11479557305574417,0.8562104105949402,0.0001220703125,0.0,0.3764705955982208,0.9999548196792603,0.999987006187439,3.218650817871094e-05,hist_eq,none
D:\BTECH\PlantDiseaseProject\dataset\val\Tomato___Septoria_leaf_spot\13cc7d11-275b-44c2-977f-cef792d827ed___Keller.St_CG 2000.JPG,0.4917931854724884,0.10208770632743835,0.8216186761856079,0.0001068115234375,0.0,0.3333333432674408,0.9998321533203125,0.9999773502349854,0.00014519691467285156,hist_eq,none
D:\BTECH\PlantDiseaseProject\dataset\val\Tomato___Septoria_leaf_spot\14c04ba8-7151-4797-8e35-e3732dcab1ca___Matt.S_CG 7529.JPG,0.5581237077713013,0.23147545754909515,0.9263908863067627,0.01171875,0.004364013671875,0.8039215803146362,0.9999746084213257,0.9999924898147583,1.7881393432617188e-05,hist_eq,none
D:\BTECH\PlantDiseaseProject\dataset\val\Tomato___Septoria_leaf_spot\15a7cf58-3dd6-415e-a4e1-ec825aba252d___JR_Sept.L.S 8472.JPG,0.5579225420951843,0.1652846485376358,0.8703480958938599,0.008575439453125,7.62939453125e-05,0.5607843399047852,0.9973226189613342,0.9981716871261597,0.0008490681648254395,gamma_dark,none
D:\BTECH\PlantDiseaseProject\dataset\val\Tomato___Septoria_leaf_spot\15ad0147-6e02-43a7-b215-1be0dc719776___Matt.S_CG 7788.JPG,0.6234394907951355,0.1530752182006836,0.8914642930030823,0.0006103515625,0.000335693359375,0.4941176474094391,0.999895453453064,0.9999722242355347,7.677078247070312e-05,hist_eq,none
D:\BTECH\PlantDiseaseProject\dataset\val\Tomato___Septoria_leaf_spot\15c00319-bd7f-45ef-9142-9295a62d701b___Matt.S_CG 0769.JPG,0.5144801139831543,0.1107839047908783,0.8409984707832336,0.0,0.0,0.3450980484485626,0.9998941421508789,0.999945878982544,5.173683166503906e-05,gamma_bright,none
D:\BTECH\PlantDiseaseProject\dataset\val\Tomato___Septoria_leaf_spot\17c253ff-3f0e-4fb3-8ced-00b6ec6dc731___JR_Sept.L.S 2546.JPG,0.5032509565353394,0.2208109050989151,0.9202905893325806,0.0231781005859375,0.0002288818359375,0.7176470756530762,0.9987610578536987,0.9995102882385254,0.0007492303848266602,clahe,none
D:\BTECH\PlantDiseaseProject\dataset\val\Tomato___Septoria_leaf_spot\19352c8e-cfc9-4980-86a7-4c067390770a___Matt.S_CG 1107.JPG,0.5053970813751221,0.05686941370368004,0.7324292659759521,0.0,0.0,0.18431374430656433,0.9999411106109619,0.9999580383300781,1.6927719116210938e-05,gamma_bright,none
D:\BTECH\PlantDiseaseProject\dataset\val\Tomato___Septoria_leaf_spot\1a10c809-8303-4457-9875-bedd4eb9625b___Matt.S_CG 7777.JPG,0.4912538528442383,0.16937611997127533,0.89872807264328,0.00823974609375,6.103515625e-05,0.5921568870544434,0.9997751116752625,0.9999618530273438,0.00018674135208129883,hist_eq,none
D:\BTECH\PlantDiseaseProject\dataset\val\Tomato___Septoria_leaf_spot\1cffba8e-40e0-43ce-914b-c184feb2cb2e___Matt.S_CG 7401.JPG,0.5726913213729858,0.19762851297855377,0.9254031777381897,0.0012664794921875,0.0018463134765625,0.7098039388656616,0.999747097492218,0.999982476234436,0.00023537874221801758,hist_eq,none
D:\BTECH\PlantDiseaseProject\dataset\val\Tomato___Septoria_leaf_spot\1e8f411c-7f6b-42c0-8c84-70486b6c91d1___Keller.St_CG 1824.JPG,0.6002722978591919,0.11108449101448059,0.8158049583435059,1.52587890625e-05,0.0,0.3843137323856354,0.9997989535331726,0.9998903274536133,9.137392044067383e-05,clahe,none
D:\BTECH\PlantDiseaseProject\dataset\val\Tomato___Septoria_leaf_spot\1f55c2e9-67b2-4377-a426-4932a77c3439___Matt.S_CG 7778.JPG,0.5380388498306274,0.15977004170417786,0.8780465722084045,0.00128173828125,0.0,0.5176470875740051,0.9996844530105591,0.9999055862426758,0.00022113323211669922,hist_eq,none
D:\BTECH\PlantDiseaseProject\dataset\val\Tomato___Septoria_leaf_spot\1f8a9dd1-e501-430d-9c80-7eaf0904961c___Matt.S_CG 2477.JPG,0.5853090286254883,0.1286287009716034,0.8413658142089844,0.0017852783203125,6.103515625e-05,0.3607843220233917,0.9999465942382812,0.9999645948410034,1.800060272216797e-05,clahe,none
D:\BTECH\PlantDiseaseProject\dataset\val\Tomato___Septoria_leaf_spot\1fea28dc-c071-4373-af8c-97e8d0646044___JR_Sept.L.S 2596.JPG,0.5631281137466431,0.1603396236896515,0.8441470265388489,0.0090789794921875,0.000152587890625,0.5882353186607361,0.9993160963058472,0.9998618364334106,0.0005457401275634766,hist_eq,none
D:\BTECH\PlantDiseaseProject\dataset\val\Tomato___Septoria_leaf_spot\1fef5339-704d-456a-a7b8-85014c9c8600___JR_Sept.L.S 8489.JPG,0.508042573928833,0.17734463512897491,0.899754524230957,0.010009765625,7.62939453125e-05,0.5568627715110779,0.999980092048645,0.99998939037323,9.298324584960938e-06,clahe,none
D:\BTECH\PlantDiseaseProject\dataset\val\Tomato___Septoria_leaf_spot\20c3bfbf-a2c7-425c-9ad7-bd1ec8f3b181___JR_Sept.L.S 2656.JPG,0.4684034585952759,0.23249074816703796,0.8915272355079651,0.0523681640625,0.0001678466796875,0.6745098233222961,0.7624415755271912,0.917629599571228,0.15518802404403687,hist_eq,hist_eq
D:\BTECH\PlantDiseaseProject\dataset\val\Tomato___Septoria_leaf_spot\212c8703-4c56-4c2b-a1d0-1047a758ca93___Keller.St_CG 1786.JPG,0.47514140605926514,0.09494739770889282,0.8030673861503601,7.62939453125e-05,0.0,0.32549020648002625,0.9999319314956665,0.9999847412109375,5.2809715270996094e-05,hist_eq,none
D:\BTECH\PlantDiseaseProject\dataset\val\Tomato___Septoria_leaf_spot\2240ebae-0c54-4eff-a068-1c3f58ee05a7___Matt.S_CG 1035.JPG,0.5093991756439209,0.07726364582777023,0.7851526737213135,0.0,0.0,0.2549019753932953,0.999937891960144,0.9999436140060425,5.7220458984375e-06,gamma_bright,none
D:\BTECH\PlantDiseaseProject\dataset\val\Tomato___Septoria_leaf_spot\2258389b-40c1-4d0e-9675-d7ea31239390___JR_Sept.L.S 8436.JPG,0.6030173301696777,0.15553584694862366,0.8409970998764038,0.004852294921875,7.62939453125e-05,0.5176470875740051,0.9965829253196716,0.9998244643211365,0.0032415390014648438,hist_eq,none
D:\BTECH\PlantDiseaseProject\dataset\val\Tomato___Septoria_leaf_spot\249ab309-d471-409d-a4ea-e82d74709c6e___JR_Sept.L.S 8552.JPG,0.5347562432289124,0.16942636668682098,0.9012000560760498,0.00592041015625,0.000823974609375,0.5098039507865906,0.9882502555847168,0.999575674533844,0.011325418949127197,hist_eq,none
D:\BTECH\PlantDiseaseProject\dataset\val\Tomato___Septoria_leaf_spot\26696658-5564-47e2-9b51-c43cd872343a___Matt.S_CG 7765.JPG,0.5792805552482605,0.16590139269828796,0.9064950346946716,0.0007171630859375,0.00030517578125,0.5843137502670288,0.9999988079071045,0.9999994039535522,5.960464477539062e-07,hist_eq,none
D:\BTECH\PlantDiseaseProject\dataset\val\Tomato___Septoria_leaf_spot\2713743d-6169-4d75-95ae-577b22a663ff___Matt.S_CG 6854.JPG,0.6365631818771362,0.13531087338924408,0.8809819221496582,0.000579833984375,0.001190185546875,0.42352941632270813,0.9683353900909424,0.997798502445221,0.029463112354278564,hist_eq,hist_eq
D:\BTECH\PlantDiseaseProject\dataset\val\Tomato___Septoria_leaf_spot\27cce771-b14a-4c4c-a910-4751fb2eb9d1___JR_Sept.L.S 8352.JPG,0.5333468914031982,0.21514789760112762,0.877297043800354,0.0113677978515625,0.0001678466796875,0.686274528503418,0.9850687384605408,0.9918020367622375,0.006733298301696777,gamma_bright,none
D:\BTECH\PlantDiseaseProject\dataset\val\Tomato___Septoria_leaf_spot\28ca18e3-f052-4f70-be05-022fc662a641___JR_Sept.L.S 2651.JPG,0.5561941862106323,0.16199013590812683,0.8575384020805359,0.0107574462890625,6.103515625e-05,0.5764706134796143,0.9997808337211609,0.9999815225601196,0.00020068883895874023,hist_eq,none
D:\BTECH\PlantDiseaseProject\dataset\val\Tomato___Septoria_leaf_spot\2be16c12-1422-4ef0-a070-474085e4cef8___Matt.S_CG 6622.JPG,0.6378662586212158,0.18185268342494965,0.9129339456558228,0.0001220703125,0.0015411376953125,0.6000000238418579,0.9999984502792358,0.9999995231628418,1.0728836059570312e-06,hist_eq,none
D:\BTECH\PlantDiseaseProject\dataset\val\Tomato___Septoria_leaf_spot\2c14cebf-97c1-4ee4-a247-f9e181234319___JR_Sept.L.S 2563.JPG,0.5476331114768982,0.1683671474456787,0.8722571134567261,0.0027618408203125,0.0003509521484375,0.5803921818733215,0.9999945163726807,0.9999973773956299,2.86102294921875e-06,clahe,none
D:\BTECH\PlantDiseaseProject\dataset\val\Tomato___Septoria_leaf_spot\2cc68344-7fcb-49cc-8a1b-5c956696dd4c___JR_Sept.L.S 2673.JPG,0.48731523752212524,0.23655866086483002,0.906672477722168,0.0445709228515625,0.0001983642578125,0.7098039388656616,0.9993433356285095,0.999583899974823,0.00024056434631347656,clahe,none
D:\BTECH\PlantDiseaseProject\dataset\val\Tomato___Septoria_leaf_spot\2d9f575c-7ce7-43d7-be22-fbbf53361ba5___Matt.S_CG 6855.JPG,0.6760493516921997,0.12823787331581116,0.8660443425178528,0.0001068115234375,0.001861572265625,0.3921568691730499,0.9960259199142456,0.9973254203796387,0.0012995004653930664,gamma_bright,none
D:\BTECH\PlantDiseaseProject\dataset\val\Tomato___Septoria_leaf_spot\2e656e51-9eab-4873-9a8e-f27811215256___Matt.S_CG 2509.JPG,0.5221330523490906,0.12773549556732178,0.8663796186447144,0.00146484375,3.0517578125e-05,0.3803921639919281,0.9998939037322998,0.9999704360961914,7.653236389160156e-05,hist_eq,none
D:\BTECH\PlantDiseaseProject\dataset\val\Tomato___Septoria_leaf_spot\2f161206-d4aa-4e2a-a0a5-96213d42198d___JR_Sept.L.S 2589.JPG,0.5082628130912781,0.19082704186439514,0.819482147693634,0.0172882080078125,6.103515625e-05,0.6274510025978088,0.9982494711875916,0.9992913007736206,0.0010418295860290527,hist_eq,none
D:\BTECH\PlantDiseaseProject\dataset\val\Tomato___Septoria_leaf_spot\2f4afdee-f957-400f-8515-4ea92173d00d___Matt.S_CG 0667.JPG,0.4785315990447998,0.14603111147880554,0.8683706521987915,0.000213623046875,0.0,0.41960784792900085,0.9998966455459595,0.999984622001648,8.797645568847656e-05,clahe,none
D:\BTECH\PlantDiseaseProject\dataset\val\Tomato___Septoria_leaf_spot\318530ca-975c-482f-b3cf-bdf6435f09d1___JR_Sept.L.S 8510.JPG,0.5269616842269897,0.18890604376792908,0.8986665606498718,0.0086212158203125,4.57763671875e-05,0.615686297416687,0.9996107220649719,0.9998006224632263,0.00018990039825439453,hist_eq,none
D:\BTECH\PlantDiseaseProject\dataset\val\Tomato___Septoria_leaf_spot\33730016-a830-406f-b969-c50f70adf1df___JR_Sept.L.S 2530.JPG,0.5069437623023987,0.15338441729545593,0.8414480686187744,0.0221405029296875,0.0001068115234375,0.5960784554481506,0.9998534917831421,0.9999955892562866,0.00014209747314453125,hist_eq,none
D:\BTECH\PlantDiseaseProject\dataset\val\Tomato___Septoria_leaf_spot\33955624-749a-442a-bf18-6d7a21130d72___JR_Sept.L.S 8398.JPG,0.47402334213256836,0.184818834066391,0.857283353805542,0.0100250244140625,0.0,0.5882353186607361,0.9936175346374512,0.9987155199050903,0.00509798526763916,hist_eq,none
D:\BTECH\PlantDiseaseProject\dataset\val\Tomato___Septoria_leaf_spot\342ec112-3d10-46a5-ae05-929974059845___JR_Sept.L.S 8435.JPG,0.6018390655517578,0.141496941447258,0.8342756628990173,0.0018157958984375,1.52587890625e-05,0.4598039388656616,0.9990904331207275,0.9993717074394226,0.00028127431869506836,gamma_dark,none
D:\BTECH\PlantDiseaseProject\dataset\val\Tomato___Septoria_leaf_spot\34a98498-bbe1-4ba8-ac6b-158adb2de2b9___Matt.S_CG 0828.JPG,0.4703215956687927,0.12399086356163025,0.8410278558731079,0.0,0.0,0.364705890417099,0.9999853372573853,0.9999879598617554,2.6226043701171875e-06,gamma_bright,none
D:\BTECH\PlantDiseaseProject\dataset\val\Tomato___Septoria_leaf_spot\35f57bb6-7d8d-439c-aa62-7640a1936e47___Matt.S_CG 7616.JPG,0.6262395977973938,0.1855708807706833,0.9078596234321594,0.0013275146484375,0.000701904296875,0.6431372761726379,0.5776734948158264,0.99664705991745,0.41897356510162354,hist_eq,hist_eq
D:\BTECH\PlantDiseaseProject\dataset\val\Tomato___Septoria_leaf_spot\36085cb4-2736-475a-9b13-ac6d3225561d___Matt.S_CG 7619.JPG,0.587031364440918,0.19210319221019745,0.913882315158844,0.0024261474609375,0.000579833984375,0.6911764740943909,0.9837522506713867,0.9998303651809692,0.01607811450958252,hist_eq,none
D:\BTECH\PlantDiseaseProject\dataset\val\Tomato___Septoria_leaf_spot\36d0b778-94d1-4475-a513-d0611131a996___Keller.St_CG 1892.JPG,0.5005959272384644,0.11542904376983643,0.8336259126663208,7.62939453125e-05,0.0,0.364705890417099,0.9997935891151428,0.9998502731323242,5.6684017181396484e-05,gamma_bright,none
D:\BTECH\PlantDiseaseProject\dataset\val\Tomato___Septoria_leaf_spot\388bbf02-8689-4a87-8fac-ec29b6e9268e___Matt.S_CG 6504.JPG,0.7046813368797302,0.10549858957529068,0.7966839075088501,0.0,3.0517578125e-05,0.3058823347091675,0.9996888637542725,0.9999309778213501,0.00024211406707763672,hist_eq,none
D:\BTECH\PlantDiseaseProject\dataset\val\Tomato___Septoria_leaf_spot\39081040-dbed-48f3-aef1-7bab8831a7e0___JR_Sept.L.S 8447.JPG,0.594508945941925,0.16240108013153076,0.8848176002502441,0.00244140625,0.00018310546875,0.5215686559677124,0.999995231628418,0.9999973773956299,2.1457672119140625e-06,hist_eq,none
D:\BTECH\PlantDiseaseProject\dataset\val\Tomato___Septoria_leaf_spot\3a1f89c1-9f3b-47ec-aafc-7f2ba2558d6d___Matt.S_CG 6856.JPG,0.5944391489028931,0.13267385959625244,0.870802640914917,0.0007476806640625,0.0003204345703125,0.40784314274787903,0.9968951940536499,0.9995937943458557,0.0026986002922058105,clahe,none
D:\BTECH\PlantDiseaseProject\dataset\val\Tomato___Septoria_leaf_spot\3a287000-0306-4202-8eca-41ead0c1634c___Matt.S_CG 2440.JPG,0.5438968539237976,0.11514448374509811,0.8423473238945007,0.000885009765625,1.52587890625e-05,0.3450980484485626,0.99974125623703,0.9999759197235107,0.0002346634864807129,hist_eq,none
D:\BTECH\PlantDiseaseProject\dataset\val\Tomato___Septoria_leaf_spot\3b746726-44a4-450e-b8e7-1bf33d5d8d4b___Matt.S_CG 7852.JPG,0.5761394500732422,0.17031727731227875,0.9036323428153992,0.0009002685546875,0.0004119873046875,0.5333333611488342,0.9999876022338867,0.9999982118606567,1.0609626770019531e-05,hist_eq,none
D:\BTECH\PlantDiseaseProject\dataset\val\Tomato___Septoria_leaf_spot\3b8e8f98-bbc7-446d-82a9-5130e10f1b4a___Matt.S_CG 6618.JPG,0.6133061647415161,0.19193698465824127,0.9066624641418457,0.0001678466796875,0.000518798828125,0.6352941393852234,0.9998793601989746,0.9999923706054688,0.00011301040649414062,hist_eq,none
D:\BTECH\PlantDiseaseProject\dataset\val\Tomato___Septoria_leaf_spot\3ba26d58-4f12-49ac-b818-e32b953a81ee___JR_Sept.L.S 2655.JPG,0.4870566129684448,0.2043336182832718,0.9108518958091736,0.0341033935546875,0.0001983642578125,0.6784313917160034,0.9998904466629028,0.9999479055404663,5.745887756347656e-05,hist_eq,none
D:\BTECH\PlantDiseaseProject\dataset\val\Tomato___Septoria_leaf_spot\40b13cf8-a4ca-4d0b-9e76-6f40f38ea063___Matt.S_CG 0773.JPG,0.5217651128768921,0.13035959005355835,0.8520907759666443,0.0,0.0,0.37254902720451355,0.9998956918716431,0.9999387264251709,4.303455352783203e-05,gamma_bright,none
D:\BTECH\PlantDiseaseProject\dataset\val\Tomato___Septoria_leaf_spot\44bd40a3-c64b-45c5-b0e1-3b3ad132daa5___Matt.S_CG 2454.JPG,0.553684413433075,0.11119493842124939,0.814112663269043,0.0006103515625,6.103515625e-05,0.32156863808631897,0.9999948740005493,0.9999970197677612,2.1457672119140625e-06,clahe,none
D:\BTECH\PlantDiseaseProject\dataset\val\Tomato___Septoria_leaf_spot\459141fb-4e81-4e44-a66a-0d4a629fa755___Matt.S_CG 2516.JPG,0.5264682173728943,0.12882103025913239,0.855904221534729,0.002197265625,0.0001068115234375,0.3960784375667572,0.9993190765380859,0.9999591112136841,0.0006400346755981445,hist_eq,none
D:\BTECH\PlantDiseaseProject\dataset\val\Tomato___Septoria_leaf_spot\4685caac-cd9f-45ff-b1c6-58bdc706d0c7___Matt.S_CG 6762.JPG,0.6889082193374634,0.12054819613695145,0.8403154611587524,0.0004119873046875,0.000732421875,0.3607843220233917,0.9999970197677612,0.9999983310699463,1.3113021850585938e-06,clahe,none
D:\BTECH\PlantDiseaseProject\dataset\val\Tomato___Septoria_leaf_spot\48bad913-fbef-4845-bc2d-dbc06f0c2bcc___Matt.S_CG 7790.JPG,0.536928653717041,0.15089231729507446,0.89698725938797,0.0013427734375,0.000213623046875,0.5215686559677124,0.9994854927062988,0.9999269247055054,0.00044143199920654297,hist_eq,none
D:\BTECH\PlantDiseaseProject\dataset\val\Tomato___Septoria_leaf_spot\4a07823f-bbfe-4880-bbae-59fd1ae9de33___Matt.S_CG 6687.JPG,0.6622541546821594,0.12698601186275482,0.857588529586792,9.1552734375e-05,0.001251220703125,0.3921568691730499,0.9995096921920776,0.9996222257614136,0.0001125335693359375,gamma_dark,none
D:\BTECH\PlantDiseaseProject\dataset\val\Tomato___Septoria_leaf_spot\4a699992-4610-4a4f-98d3-942fc402731a___Matt.S_CG 2679.JPG,0.5227333903312683,0.11120026558637619,0.8435496091842651,7.62939453125e-05,1.52587890625e-05,0.364705890417099,0.9999880790710449,0.9999885559082031,4.76837158203125e-07,gamma_bright,none
D:\BTECH\PlantDiseaseProject\dataset\val\Tomato___Septoria_leaf_spot\4c17268b-94cd-4cc6-979a-d84a81c9fa7f___Matt.S_CG 1503.JPG,0.6694822907447815,0.12284277379512787,0.831165075302124,1.52587890625e-05,0.0001983642578125,0.3764705955982208,0.9999216794967651,0.9999443292617798,2.2649765014648438e-05,gamma_bright,none
D:\BTECH\PlantDiseaseProject\dataset\val\Tomato___Septoria_leaf_spot\4e41fd20-20df-48ef-9e9b-d916950ceda8___Matt.S_CG 1309.JPG,0.5441541075706482,0.15008318424224854,0.8645675182342529,0.00042724609375,9.1552734375e-05,0.5137255191802979,0.9999812841415405,0.9999958276748657,1.4543533325195312e-05,hist_eq,none
D:\BTECH\PlantDiseaseProject\dataset\val\Tomato___Septoria_leaf_spot\4f45a4b4-342b-4422-87b9-8386a6801ba1___JR_Sept.L.S 2566.JPG,0.5144127607345581,0.14956702291965485,0.8775898218154907,0.0048828125,0.00018310546875,0.46274513006210327,0.9999998807907104,0.9999998807907104,0.0,none,none
D:\BTECH\PlantDiseaseProject\dataset\val\Tomato___Septoria_leaf_spot\4ff7ff02-1fce-4994-bea2-bc46bd60fa4f___JR_Sept.L.S 8501.JPG,0.5656944513320923,0.11136282235383987,0.8125523328781128,0.0023345947265625,7.62939453125e-05,0.3450980484485626,0.9979473948478699,0.999819815158844,0.001872420310974121,hist_eq,none
D:\BTECH\PlantDiseaseProject\dataset\val\Tomato___Septoria_leaf_spot\50cb3118-d96b-4805-b975-99a443575a64___Matt.S_CG 7409.JPG,0.5743331909179688,0.1910836547613144,0.9294896721839905,0.00164794921875,0.000732421875,0.6745098233222961,0.9556584358215332,0.9983232617378235,0.04266482591629028,hist_eq,hist_eq
D:\BTECH\PlantDiseaseProject\dataset\val\Tomato___Septoria_leaf_spot\51484915-cf52-4fa7-9e75-e4fd3450aeda___Matt.S_CG 0832.JPG,0.5405398607254028,0.11854834109544754,0.8262984156608582,0.0,0.0,0.35686275362968445,0.9976239800453186,0.9989940524101257,0.001370072364807129,gamma_bright,none
D:\BTECH\PlantDiseaseProject\dataset\val\Tomato___Septoria_leaf_spot\52b3119d-4f5e-41b0-948f-7a1d3b1341eb___JR_Sept.L.S 8495.JPG,0.5568150281906128,0.10646644234657288,0.8157660961151123,0.0018157958984375,1.52587890625e-05,0.34117648005485535,0.04447156935930252,0.30338338017463684,0.2589118108153343,clahe,clahe
D:\BTECH\PlantDiseaseProject\dataset\val\Tomato___Septoria_leaf_spot\5357b085-dcfe-4a9f-8e69-98b2481c8f7e___JR_Sept.L.S 8471.JPG,0.4926537871360779,0.21841824054718018,0.8999379277229309,0.0313720703125,0.0001678466796875,0.6901960968971252,0.9740323424339294,0.9963751435279846,0.022342801094055176,hist_eq,hist_eq
D:\BTECH\PlantDiseaseProject\dataset\val\Tomato___Septoria_leaf_spot\54cf4681-e4b4-4a9d-9c7b-0745c8dae7a1___Matt.S_CG 1100.JPG,0.5163491368293762,0.05762200057506561,0.7305446863174438,0.0,0.0,0.18039217591285706,0.9999885559082031,0.999992847442627,4.291534423828125e-06,gamma_bright,none
D:\BTECH\PlantDiseaseProject\dataset\val\Tomato___Septoria_leaf_spot\54e9c79f-bcce-4744-b5e0-be176d879a30___JR_Sept.L.S 8349.JPG,0.5158301591873169,0.17784099280834198,0.904766321182251,0.005828857421875,1.52587890625e-05,0.6078431606292725,0.9999182224273682,0.9999794960021973,6.127357482910156e-05,gamma_bright,none
D:\BTECH\PlantDiseaseProject\dataset\val\Tomato___Septoria_leaf_spot\552f6853-9c7f-49f5-9f65-6cc13d301222___Matt.S_CG 6615.JPG,0.6405931711196899,0.17248684167861938,0.9002922773361206,7.62939453125e-05,0.0007171630859375,0.5647058486938477,0.9999641180038452,0.9999967813491821,3.266334533691406e-05,hist_eq,none
D:\BTECH\PlantDiseaseProject\dataset\val\Tomato___Septoria_leaf_spot\5535ef29-cb2d-4a0d-a16c-d0c2ed296b3a___Matt.S_CG 0766.JPG,0.5355133414268494,0.09665453433990479,0.815555214881897,0.0,0.0,0.3019607961177826,0.9865037202835083,0.9907813668251038,0.004277646541595459,clahe,none
D:\BTECH\PlantDiseaseProject\dataset\val\Tomato___Septoria_leaf_spot\55e8b4dd-0a94-4be5-895c-40e280bf7408___Keller.St_CG 1817.JPG,0.511798620223999,0.10917878150939941,0.8276219367980957,4.57763671875e-05,0.0,0.3529411852359772,0.9999349117279053,0.9999531507492065,1.823902130126953e-05,gamma_bright,none
D:\BTECH\PlantDiseaseProject\dataset\val\Tomato___Septoria_leaf_spot\566c23de-5035-482c-830e-50fd4acbc5cb___Matt.S_CG 0837.JPG,0.47456619143486023,0.11919830739498138,0.850292444229126,0.0,0.0,0.40392160415649414,0.9999916553497314,0.9999936819076538,2.0265579223632812e-06,gamma_bright,none
D:\BTECH\PlantDiseaseProject\dataset\val\Tomato___Septoria_leaf_spot\58109a13-2788-48f4-9829-1ea54e002a3c___JR_Sept.L.S 2637.JPG,0.48703819513320923,0.18601316213607788,0.8937636613845825,0.0125274658203125,0.0001678466796875,0.6705882549285889,0.9905875325202942,0.9985954165458679,0.00800788402557373,hist_eq,none
D:\BTECH\PlantDiseaseProject\dataset\val\Tomato___Septoria_leaf_spot\583887a3-a071-4735-8d92-821d1f2e5ef0___Matt.S_CG 6045.JPG,0.6145339012145996,0.11422205716371536,0.8360586166381836,0.0,0.0,0.3529411852359772,0.9998841285705566,0.9999889135360718,0.00010478496551513672,clahe,none
D:\BTECH\PlantDiseaseProject\dataset\val\Tomato___Septoria_leaf_spot\594d97d4-7ac1-41d5-8dd1-dac80c389004___Matt.S_CG 2452.JPG,0.5750216245651245,0.1020251139998436,0.821416974067688,0.0006103515625,6.103515625e-05,0.2980392277240753,0.9999896287918091,0.9999959468841553,6.318092346191406e-06,hist_eq,none
D:\BTECH\PlantDiseaseProject\dataset\val\Tomato___Septoria_leaf_spot\595a0cc2-9889-4d21-a2a7-eebce965e141___Matt.S_CG 7400.JPG,0.5863916873931885,0.19302263855934143,0.9274327754974365,0.001068115234375,0.00225830078125,0.6901960968971252,0.9999688863754272,0.9999909400939941,2.205371856689453e-05,clahe,none
D:\BTECH\PlantDiseaseProject\dataset\val\Tomato___Septoria_leaf_spot\5a79c447-4d9d-4daf-81a6-c23a00480a93___Matt.S_CG 2473.JPG,0.5379785895347595,0.13674168288707733,0.8323214054107666,0.0018463134765625,0.0,0.4901961088180542,0.9874187111854553,0.9964941143989563,0.009075403213500977,hist_eq,none
D:\BTECH\PlantDiseaseProject\dataset\val\Tomato___Septoria_leaf_spot\5b01bfdf-a1ef-49c8-9247-c98eac4ec5fb___JR_Sept.L.S 8422.JPG,0.5199565291404724,0.20640458166599274,0.9162702560424805,0.010406494140625,0.00030517578125,0.6823529601097107,0.9998737573623657,0.9999523162841797,7.855892181396484e-05,hist_eq,none
D:\BTECH\PlantDiseaseProject\dataset\val\Tomato___Septoria_leaf_spot\5d1cc870-27d2-4442-bc2a-a8788543d326___JR_Sept.L.S 2578.JPG,0.4667057394981384,0.178013414144516,0.8884264826774597,0.033050537109375,7.62939453125e-05,0.6431372761726379,0.9998805522918701,0.9999672174453735,8.666515350341797e-05,clahe,none
D:\BTECH\PlantDiseaseProject\dataset\val\Tomato___Septoria_leaf_spot\5d323cba-03e6-402c-b2fd-19d00f751c31___Matt.S_CG 6742.JPG,0.7034124732017517,0.12797708809375763,0.8420024514198303,0.000335693359375,0.0005645751953125,0.3764705955982208,0.9999778270721436,0.9999921321868896,1.430511474609375e-05,gamma_bright,none
D:\BTECH\PlantDiseaseProject\dataset\val\Tomato___Septoria_leaf_spot\5d6bdcbf-b75a-4562-917f-4d902fa3b6b0___JR_Sept.L.S 2620.JPG,0.5402607321739197,0.18009573221206665,0.9125060439109802,0.011505126953125,0.00042724609375,0.6117647290229797,0.9999964237213135,0.9999994039535522,2.9802322387695312e-06,hist_eq,none
D:\BTECH\PlantDiseaseProject\dataset\val\Tomato___Septoria_leaf_spot\5e53810f-d7fe-40af-aaa4-7753d1f265e2___JR_Sept.L.S 2528.JPG,0.5087238550186157,0.14151069521903992,0.822699785232544,0.0102386474609375,9.1552734375e-05,0.5803921818733215,0.999347984790802,0.9998884201049805,0.0005404353141784668,hist_eq,none
D:\BTECH\PlantDiseaseProject\dataset\val\Tomato___Septoria_leaf_spot\5feacc6a-587b-47e0-97cc-91fa25a0087b___JR_Sept.L.S 2685.JPG,0.5156160593032837,0.16012462973594666,0.9091107845306396,0.0070648193359375,0.0008392333984375,0.529411792755127,0.9996887445449829,0.999843955039978,0.0001552104949951172,clahe,none
D:\BTECH\PlantDiseaseProject\dataset\val\Tomato___Septoria_leaf_spot\60d8fd31-85d1-4fe8-a4fa-29d306150287___JR_Sept.L.S 8433.JPG,0.5349987149238586,0.15632393956184387,0.8653571009635925,0.0040435791015625,3.0517578125e-05,0.5333333611488342,0.9132934808731079,0.9991698265075684,0.08587634563446045,hist_eq,hist_eq
D:\BTECH\PlantDiseaseProject\dataset\val\Tomato___Septoria_leaf_spot\62188b89-e853-4547-9fe7-9354a6d3d449___Keller.St_CG 2004.JPG,0.4620351791381836,0.11323260515928268,0.8435645699501038,4.57763671875e-05,0.0,0.3803921639919281,0.9997661709785461,0.9999322891235352,0.00016611814498901367,hist_eq,none
D:\BTECH\PlantDiseaseProject\dataset\val\Tomato___Septoria_leaf_spot\6273769c-3dc6-44ae-ac79-2597e5697778___Keller.St_CG 1867.JPG,0.47539958357810974,0.08021824061870575,0.7690086364746094,4.57763671875e-05,0.0,0.21568629145622253,0.9960656762123108,0.999255359172821,0.003189682960510254,clahe,none
D:\BTECH\PlantDiseaseProject\dataset\val\Tomato___Septoria_leaf_spot\6423beae-af76-4630-a3e4-f59977457971___Keller.St_CG 1900.JPG,0.48860886693000793,0.10520843416452408,0.8377851247787476,3.0517578125e-05,0.0,0.32549020648002625,0.9999876022338867,0.9999905824661255,2.9802322387695312e-06,gamma_bright,none
D:\BTECH\PlantDiseaseProject\dataset\val\Tomato___Septoria_leaf_spot\648d66b5-7f12-4baa-beba-4938ede59013___JR_Sept.L.S 2625.JPG,0.5237790942192078,0.19293299317359924,0.9032857418060303,0.0131988525390625,0.0001373291015625,0.6745098233222961,0.9983413219451904,0.9999707937240601,0.001629471778869629,hist_eq,none
D:\BTECH\PlantDiseaseProject\dataset\val\Tomato___Septoria_leaf_spot\64a036f7-fc57-4b8b-970d-d36889655b0f___Matt.S_CG 1637.JPG,0.5515806674957275,0.18056027591228485,0.9139705300331116,0.0053558349609375,0.0002899169921875,0.5764706134796143,0.9999703168869019,0.9999885559082031,1.823902130126953e-05,clahe,none
D:\BTECH\PlantDiseaseProject\dataset\val\Tomato___Septoria_leaf_spot\657bb6c3-e9e8-41ce-b3ef-265168eae5d6___Matt.S_CG 6685.JPG,0.6716794967651367,0.1465548872947693,0.8861396312713623,0.0001373291015625,0.0019073486328125,0.4470588266849518,0.999790370464325,0.9999009370803833,0.00011056661605834961,gamma_bright,none
D:\BTECH\PlantDiseaseProject\dataset\val\Tomato___Septoria_leaf_spot\689b643a-89fa-4a7f-93a3-edd9d2d5ac6a___Matt.S_CG 2517.JPG,0.5237046480178833,0.1282391995191574,0.8499728441238403,0.002838134765625,3.0517578125e-05,0.3921568691730499,0.9998711347579956,0.9999008178710938,2.968311309814453e-05,gamma_bright,none
D:\BTECH\PlantDiseaseProject\dataset\val\Tomato___Septoria_leaf_spot\68f40dec-2618-4fb3-bda9-f58d134730b7___Matt.S_CG 1624.JPG,0.5785783529281616,0.14095743000507355,0.8847010135650635,0.000152587890625,0.000152587890625,0.42352941632270813,0.9999957084655762,0.9999977350234985,2.0265579223632812e-06,clahe,none
D:\BTECH\PlantDiseaseProject\dataset\val\Tomato___Septoria_leaf_spot\698e5bfc-c6fe-4562-8b7b-3398b351e175___Matt.S_CG 7768.JPG,0.5887894034385681,0.19476443529129028,0.9284554123878479,0.0006256103515625,0.0006103515625,0.6666666865348816,0.9997950196266174,0.9999905824661255,0.00019556283950805664,hist_eq,none
D:\BTECH\PlantDiseaseProject\dataset\val\Tomato___Septoria_leaf_spot\6aad1489-2ff3-4b26-a037-45e56f572ad7___JR_Sept.L.S 2690.JPG,0.43824899196624756,0.16987283527851105,0.9221279621124268,0.007171630859375,0.0013580322265625,0.6117647290229797,0.999283492565155,0.9994457364082336,0.00016224384307861328,clahe,none
D:\BTECH\PlantDiseaseProject\dataset\val\Tomato___Septoria_leaf_spot\6ab1d41b-ce72-4019-9852-5627d34aa0e2___JR_Sept.L.S 2711.JPG,0.48064568638801575,0.20200678706169128,0.9419166445732117,0.0169830322265625,0.0003662109375,0.7137255072593689,0.9995213747024536,0.9998860359191895,0.00036466121673583984,clahe,none
D:\BTECH\PlantDiseaseProject\dataset\val\Tomato___Septoria_leaf_spot\6b4bcc3a-93f3-4b30-aa76-4af6113377a9___Keller.St_CG 1928.JPG,0.524544894695282,0.12326951324939728,0.8474533557891846,0.00042724609375,0.0,0.4274509847164154,0.9985072016716003,0.9998835325241089,0.001376330852508545,hist_eq,none
D:\BTECH\PlantDiseaseProject\dataset\val\Tomato___Septoria_leaf_spot\6c4377ee-cf37-4ca9-a377-4e4cf7a221da___Matt.S_CG 7412.JPG,0.5747746229171753,0.21238841116428375,0.9484549164772034,0.0030517578125,0.001220703125,0.7450980544090271,0.9877455830574036,0.9969808459281921,0.009235262870788574,hist_eq,none
D:\BTECH\PlantDiseaseProject\dataset\val\Tomato___Septoria_leaf_spot\6d1173c5-9374-46a5-ba0d-e2f72b95e6b2___Matt.S_CG 7851.JPG,0.6117422580718994,0.16022133827209473,0.9013542532920837,0.0003204345703125,0.0009307861328125,0.4941176474094391,0.9997966885566711,0.9999723434448242,0.00017565488815307617,hist_eq,none
D:\BTECH\PlantDiseaseProject\dataset\val\Tomato___Septoria_leaf_spot\6d8ec33d-fbf6-433d-acd9-feaa72ab839a___Matt.S_CG 7609.JPG,0.505516767501831,0.17416565120220184,0.9071110486984253,0.0046234130859375,7.62939453125e-05,0.6000000238418579,0.9993506073951721,0.9999628067016602,0.0006121993064880371,hist_eq,none
D:\BTECH\PlantDiseaseProject\dataset\val\Tomato___Septoria_leaf_spot\6dcca219-2671-49d7-82f4-dac9571aae01___Matt.S_CG 1030.JPG,0.48198041319847107,0.08589278161525726,0.8047100305557251,7.62939453125e-05,0.0,0.26274511218070984,0.9999243021011353,0.9999386072158813,1.430511474609375e-05,gamma_bright,none
D:\BTECH\PlantDiseaseProject\dataset\val\Tomato___Septoria_leaf_spot\6e179382-44e9-4032-b6cb-81c631134922___JR_Sept.L.S 8359.JPG,0.5218682289123535,0.1511075645685196,0.8649761080741882,7.62939453125e-05,0.0,0.4784314036369324,0.5805726051330566,0.8704552054405212,0.2898826003074646,hist_eq,hist_eq
D:\BTECH\PlantDiseaseProject\dataset\val\Tomato___Septoria_leaf_spot\6f0bbcfb-bb4b-465e-a6c4-35e715bea1d2___Matt.S_CG 6686.JPG,0.6483273506164551,0.16036130487918854,0.903453528881073,0.0001220703125,0.0020751953125,0.5098038911819458,0.9998518228530884,0.9998629093170166,1.1086463928222656e-05,gamma_dark,none
D:\BTECH\PlantDiseaseProject\dataset\val\Tomato___Septoria_leaf_spot\6f9a003a-b2c7-4f96-9845-fc1ecacaeaa2___Matt.S_CG 0844.JPG,0.5040684342384338,0.0897374153137207,0.8081503510475159,0.0,0.0,0.27843138575553894,0.9999823570251465,0.9999934434890747,1.1086463928222656e-05,gamma_bright,none
D:\BTECH\PlantDiseaseProject\dataset\val\Tomato___Septoria_leaf_spot\6fedc093-cd0a-4aae-8a93-aa9fea75bf6c___Keller.St_CG 1947.JPG,0.5100879073143005,0.0905240923166275,0.8037585616111755,0.0002288818359375,0.0,0.2823529541492462,0.9999895095825195,0.9999960660934448,6.556510925292969e-06,clahe,none
D:\BTECH\PlantDiseaseProject\dataset\val\Tomato___Septoria_leaf_spot\70fb038b-90e8-4218-a440-4db6daa90fe0___Matt.S_CG 1102.JPG,0.5004198551177979,0.07042650878429413,0.7706929445266724,0.0,0.0,0.22352942824363708,0.9998884201049805,0.9999434947967529,5.507469177246094e-05,gamma_dark,none
D:\BTECH\PlantDiseaseProject\dataset\val\Tomato___Septoria_leaf_spot\71392ad4-37de-4edf-8ac9-a4e01f1a6eaa___Matt.S_CG 6812.JPG,0.5223292112350464,0.160983607172966,0.8992923498153687,0.0023040771484375,3.0517578125e-05,0.49803924560546875,0.9977841973304749,0.9999231100082397,0.0021389126777648926,hist_eq,none
D:\BTECH\PlantDiseaseProject\dataset\val\Tomato___Septoria_leaf_spot\752557e9-4f69-4faa-888e-2fcf32747c5a___Matt.S_CG 6542.JPG,0.699219822883606,0.16882114112377167,0.8957006931304932,1.52587890625e-05,0.0040130615234375,0.49803921580314636,0.9999990463256836,0.9999995231628418,4.76837158203125e-07,hist_eq,none
D:\BTECH\PlantDiseaseProject\dataset\val\Tomato___Septoria_leaf_spot\75eef67a-dfe2-425f-a14f-a58ce71856da___Matt.S_CG 6280.JPG,0.686728835105896,0.07293161749839783,0.7791263461112976,0.0,3.0517578125e-05,0.23529410362243652,0.9998164772987366,0.999901533126831,8.505582809448242e-05,gamma_bright,none
D:\BTECH\PlantDiseaseProject\dataset\val\Tomato___Septoria_leaf_spot\76209651-9e68-4431-8ec8-b7483d548089___Matt.S_CG 6761.JPG,0.6382176876068115,0.13735619187355042,0.866890549659729,0.000732421875,0.000823974609375,0.40784314274787903,0.9999810457229614,0.9999876022338867,6.556510925292969e-06,gamma_bright,none
D:\BTECH\PlantDiseaseProject\dataset\val\Tomato___Septoria_leaf_spot\76d19414-641c-4c03-8039-52bc491ca7a3___Matt.S_CG 7606.JPG,0.6131019592285156,0.1834164410829544,0.9073375463485718,0.00201416015625,0.000457763671875,0.6392157077789307,0.9999940395355225,0.9999982118606567,4.172325134277344e-06,hist_eq,none
D:\BTECH\PlantDiseaseProject\dataset\val\Tomato___Septoria_leaf_spot\7766c624-4ac3-4983-a668-5a0cc63b41b2___Matt.S_CG 0670.JPG,0.5267089009284973,0.1533709168434143,0.8676007390022278,0.0001068115234375,0.0,0.4313725531101227,0.9998791217803955,0.9999809265136719,0.00010180473327636719,clahe,none
D:\BTECH\PlantDiseaseProject\dataset\val\Tomato___Septoria_leaf_spot\77a797bd-1d48-4235-b609-5fceedd51104___Matt.S_CG 1307.JPG,0.535373330116272,0.1513146460056305,0.8711669445037842,0.0009002685546875,7.62939453125e-05,0.529411792755127,0.9992577433586121,0.9999847412109375,0.0007269978523254395,hist_eq,none
D:\BTECH\PlantDiseaseProject\dataset\val\Tomato___Septoria_leaf_spot\77c5b76c-3b81-4174-892d-640c97ba7f48___JR_Sept.L.S 2714.JPG,0.43950071930885315,0.21881434321403503,0.9148223400115967,0.0511474609375,6.103515625e-05,0.6784313917160034,0.9977805018424988,0.9988378882408142,0.0010573863983154297,hist_eq,none
D:\BTECH\PlantDiseaseProject\dataset\val\Tomato___Septoria_leaf_spot\78db5bcd-4272-465a-a9e5-9d6e4284dbbd___Matt.S_CG 2665.JPG,0.48254796862602234,0.1131402924656868,0.850664496421814,0.000213623046875,0.0,0.37254902720451355,0.9999598264694214,0.9999829530715942,2.3126602172851562e-05,clahe,none
D:\BTECH\PlantDiseaseProject\dataset\val\Tomato___Septoria_leaf_spot\792ed9e1-9911-4fd6-9202-931d7d6e4fd9___Matt.S_CG 1095.JPG,0.5435980558395386,0.10416531562805176,0.8132300972938538,0.0,0.0,0.32156863808631897,0.999996542930603,0.9999985694885254,2.0265579223632812e-06,clahe,none
D:\BTECH\PlantDiseaseProject\dataset\val\Tomato___Septoria_leaf_spot\796b5446-9007-427b-8ac0-2264a67569e0___Matt.S_CG 6541.JPG,0.7252486944198608,0.15345990657806396,0.8824005722999573,1.52587890625e-05,0.003662109375,0.45490196347236633,0.9999771118164062,0.999984622001648,7.510185241699219e-06,clahe,none
D:\BTECH\PlantDiseaseProject\dataset\val\Tomato___Septoria_leaf_spot\7a469155-1492-4f16-b352-d4e99b3e94a2___Matt.S_CG 0838.JPG,0.511548638343811,0.10340281575918198,0.8251911401748657,0.0,0.0,0.32549020648002625,0.9999650716781616,0.9999842643737793,1.919269561767578e-05,clahe,none
D:\BTECH\PlantDiseaseProject\dataset\val\Tomato___Septoria_leaf_spot\7b0a795b-c370-40fe-b7ab-8308f73bee07___Matt.S_CG 6691.JPG,0.7167714238166809,0.1482478380203247,0.8761332631111145,3.0517578125e-05,0.0044097900390625,0.45098039507865906,0.99998939037323,0.9999904632568359,1.0728836059570312e-06,hist_eq,none
D:\BTECH\PlantDiseaseProject\dataset\val\Tomato___Septoria_leaf_spot\7d5b8ab6-0280-4b43-9748-21d803810857___JR_Sept.L.S 2560.JPG,0.5120355486869812,0.12914155423641205,0.854479193687439,0.0047149658203125,4.57763671875e-05,0.4117647111415863,0.9999604225158691,0.9999619722366333,1.5497207641601562e-06,clahe,none
D:\BTECH\PlantDiseaseProject\dataset\val\Tomato___Septoria_leaf_spot\7d767bb2-c00f-4c44-976e-e08a1b2f9909___Matt.S_CG 7618.JPG,0.55680912733078,0.19521936774253845,0.9169251918792725,0.0028533935546875,0.0001983642578125,0.6705882549285889,0.9812582731246948,0.99993896484375,0.018680691719055176,hist_eq,none
D:\BTECH\PlantDiseaseProject\dataset\val\Tomato___Septoria_leaf_spot\7d807e8c-9e18-40e3-bc9b-599987279985___Matt.S_CG 1510.JPG,0.5910372734069824,0.14939233660697937,0.8793225288391113,0.000518798828125,4.57763671875e-05,0.4745098054409027,0.9999758005142212,0.9999831914901733,7.3909759521484375e-06,gamma_bright,none
D:\BTECH\PlantDiseaseProject\dataset\val\Tomato___Septoria_leaf_spot\7f1a7403-f9d4-4910-9495-550a263c6e77___Matt.S_CG 7624.JPG,0.5628281831741333,0.2028483897447586,0.9290276765823364,0.0004425048828125,0.0005645751953125,0.7176470756530762,0.9131816625595093,0.9998699426651001,0.08668828010559082,hist_eq,hist_eq
D:\BTECH\PlantDiseaseProject\dataset\val\Tomato___Septoria_leaf_spot\7f851bf4-b472-4dc3-b7d5-23e877cf6547___Matt.S_CG 7802.JPG,0.6003504991531372,0.17510950565338135,0.9128467440605164,0.0001983642578125,0.000823974609375,0.5882353186607361,0.999528169631958,0.9998301267623901,0.0003019571304321289,clahe,none
D:\BTECH\PlantDiseaseProject\dataset\val\Tomato___Septoria_leaf_spot\81a9e9ba-423d-4fd1-b5ee-8bc655a01df7___JR_Sept.L.S 8483.JPG,0.5676770210266113,0.13740742206573486,0.8434982895851135,0.003204345703125,6.103515625e-05,0.4313725531101227,0.9999971389770508,0.9999971389770508,0.0,none,none
D:\BTECH\PlantDiseaseProject\dataset\val\Tomato___Septoria_leaf_spot\82962452-4142-4424-98a5-390d662b145b___Matt.S_CG 7527.JPG,0.5155889987945557,0.20067976415157318,0.9271905422210693,0.008453369140625,0.000701904296875,0.7137255072593689,0.9999499320983887,0.9999921321868896,4.220008850097656e-05,hist_eq,none
D:\BTECH\PlantDiseaseProject\dataset\val\Tomato___Septoria_leaf_spot\836825c5-3bc5-492f-9287-e086a02af35c___JR_Sept.L.S 2492.JPG,0.5392292737960815,0.16375216841697693,0.8647217750549316,0.00592041015625,0.0003814697265625,0.6078431606292725,0.9960599541664124,0.9989752769470215,0.002915322780609131,clahe,none
D:\BTECH\PlantDiseaseProject\dataset\val\Tomato___Septoria_leaf_spot\85908ad9-57a4-402e-b9c3-3907b452d26b___JR_Sept.L.S 8566.JPG,0.45773762464523315,0.1836007684469223,0.8630921840667725,0.0233001708984375,3.0517578125e-05,0.5607843399047852,0.9828898310661316,0.9958187937736511,0.012928962707519531,hist_eq,none
D:\BTECH\PlantDiseaseProject\dataset\val\Tomato___Septoria_leaf_spot\86ed9e6c-2c17-42bd-998e-f7f9069ae9c4___Matt.S_CG 7608.JPG,0.5919572114944458,0.19845807552337646,0.9115025401115417,0.0006561279296875,0.0002899169921875,0.7215686440467834,0.9999661445617676,0.999988317489624,2.2172927856445312e-05,hist_eq,none
D:\BTECH\PlantDiseaseProject\dataset\val\Tomato___Septoria_leaf_spot\881cef87-36ea-49e5-bc1a-fa2b7a959221___Matt.S_CG 6543.JPG,0.6691156625747681,0.17558294534683228,0.9013018608093262,1.52587890625e-05,0.0033721923828125,0.5254901647567749,0.9999874830245972,0.9999969005584717,9.417533874511719e-06,hist_eq,none
D:\BTECH\PlantDiseaseProject\dataset\val\Tomato___Septoria_leaf_spot\89d94469-6bd0-4b98-8736-bf9a1247271f___Matt.S_CG 7410.JPG,0.5356693267822266,0.20620125532150269,0.9389916658401489,0.0030670166015625,0.0010528564453125,0.7058823704719543,0.9990850687026978,0.9994198083877563,0.00033473968505859375,hist_eq,none
D:\BTECH\PlantDiseaseProject\dataset\val\Tomato___Septoria_leaf_spot\8a7b0bc4-2641-4674-9ce7-6b69ab55f388___Matt.S_CG 6816.JPG,0.47697851061820984,0.16833055019378662,0.9058883190155029,0.009429931640625,1.52587890625e-05,0.5372549295425415,0.9999468326568604,0.9999874830245972,4.0650367736816406e-05,hist_eq,none
D:\BTECH\PlantDiseaseProject\dataset\val\Tomato___Septoria_leaf_spot\8a8675be-3990-4089-b64d-a5c5d28aacde___Keller.St_CG 2033.JPG,0.5355716943740845,0.08658990263938904,0.7974517941474915,1.52587890625e-05,0.0,0.250980406999588,0.9998511075973511,0.9999369382858276,8.58306884765625e-05,clahe,none
D:\BTECH\PlantDiseaseProject\dataset\val\Tomato___Septoria_leaf_spot\8aa69183-3423-4d4e-88a2-640508f2ed4b___Matt.S_CG 6613.JPG,0.6815457940101624,0.1560245305299759,0.9035956859588623,0.0,0.0028839111328125,0.48627451062202454,0.9999959468841553,0.9999978542327881,1.9073486328125e-06,hist_eq,none
D:\BTECH\PlantDiseaseProject\dataset\val\Tomato___Septoria_leaf_spot\8e20ced5-3f32-475d-abd9-6db81cab76c1___Matt.S_CG 6743.JPG,0.657480776309967,0.14623020589351654,0.873785138130188,0.0003814697265625,0.000701904296875,0.45490196347236633,0.9999817609786987,0.9999843835830688,2.6226043701171875e-06,clahe,none
D:\BTECH\PlantDiseaseProject\dataset\val\Tomato___Septoria_leaf_spot\8e5a724e-60a2-4cb7-9c77-639c36739b20___Matt.S_CG 7398.JPG,0.5449998378753662,0.17214232683181763,0.9039291143417358,0.0010833740234375,0.0001068115234375,0.6000000238418579,0.988521933555603,0.9982497096061707,0.009727776050567627,hist_eq,none
D:\BTECH\PlantDiseaseProject\dataset\val\Tomato___Septoria_leaf_spot\8f2c9096-f0af-4f68-a0cb-9343ac4eacb2___Matt.S_CG 1228.JPG,0.5502012372016907,0.10272085666656494,0.8107402324676514,3.0517578125e-05,0.0,0.3137255012989044,0.9999196529388428,0.9999468326568604,2.7179718017578125e-05,gamma_dark,none
D:\BTECH\PlantDiseaseProject\dataset\val\Tomato___Septoria_leaf_spot\8f8c3234-855a-4841-8ec0-5d644ba8743a___JR_Sept.L.S 8506.JPG,0.5432761907577515,0.12025576084852219,0.8298704624176025,0.00286865234375,9.1552734375e-05,0.3607843220233917,0.9998898506164551,0.9999881982803345,9.834766387939453e-05,hist_eq,none
D:\BTECH\PlantDiseaseProject\dataset\val\Tomato___Septoria_leaf_spot\8fabb9ea-8048-406a-be78-a64123654212___JR_Sept.L.S 2591.JPG,0.5253530740737915,0.17235663533210754,0.8479664325714111,0.02496337890625,0.0001068115234375,0.6470588445663452,0.9444618225097656,0.9981188178062439,0.05365699529647827,hist_eq,hist_eq
D:\BTECH\PlantDiseaseProject\dataset\val\Tomato___Septoria_leaf_spot\906be65e-a9f5-4ea9-bb47-4706aa2bf180___Matt.S_CG 7526.JPG,0.5974072813987732,0.18148785829544067,0.9115481376647949,0.0007476806640625,0.00274658203125,0.686274528503418,0.9999055862426758,0.9999364614486694,3.0875205993652344e-05,hist_eq,none
D:\BTECH\PlantDiseaseProject\dataset\val\Tomato___Septoria_leaf_spot\90aea036-5a0f-49da-b344-118c8b108c84___Matt.S_CG 7767.JPG,0.599741518497467,0.15858179330825806,0.8971641063690186,0.000213623046875,0.00079345703125,0.5372549295425415,0.9998487234115601,0.9999693632125854,0.00012063980102539062,hist_eq,none
D:\BTECH\PlantDiseaseProject\dataset\val\Tomato___Septoria_leaf_spot\9143d8ef-3d8a-48e8-9345-a5eb988091ef___Matt.S_CG 6821.JPG,0.5106692910194397,0.17799757421016693,0.9106619954109192,0.009490966796875,0.0001373291015625,0.6039215922355652,0.9999425411224365,0.999992847442627,5.030632019042969e-05,hist_eq,none
D:\BTECH\PlantDiseaseProject\dataset\val\Tomato___Septoria_leaf_spot\92fbce1f-9e6e-4eaa-9161-4ed4f7a511dd___JR_Sept.L.S 2609.JPG,0.553729772567749,0.11420334130525589,0.8393275737762451,0.0021209716796875,6.103515625e-05,0.3333333432674408,0.999414324760437,0.9999675750732422,0.0005532503128051758,clahe,none
D:\BTECH\PlantDiseaseProject\dataset\val\Tomato___Septoria_leaf_spot\9472f447-6fe5-40f2-a25a-847323e8ca6c___JR_Sept.L.S 2624.JPG,0.537652313709259,0.17824089527130127,0.8986919522285461,0.0108489990234375,0.0002899169921875,0.6392157077789307,0.9997288584709167,0.9999885559082031,0.00025969743728637695,hist_eq,none
D:\BTECH\PlantDiseaseProject\dataset\val\Tomato___Septoria_leaf_spot\95968140-306b-45b7-9bb0-bb475995d29c___JR_Sept.L.S 2580.JPG,0.4442601203918457,0.22299864888191223,0.9366599321365356,0.0643463134765625,0.000579833984375,0.729411780834198,0.999935507774353,0.9999638795852661,2.8371810913085938e-05,gamma_dark,none
D:\BTECH\PlantDiseaseProject\dataset\val\Tomato___Septoria_leaf_spot\975e4b27-f8c0-4a09-8412-bdd1f56479ba___Keller.St_CG 1855.JPG,0.4844219982624054,0.1080094501376152,0.7870361804962158,0.0,0.0,0.32549020648002625,0.999854564666748,0.9999532699584961,9.870529174804688e-05,clahe,none
D:\BTECH\PlantDiseaseProject\dataset\val\Tomato___Septoria_leaf_spot\9875f865-913e-4afa-a0f7-31395c7eab75___Matt.S_CG 2470.JPG,0.531071662902832,0.15339155495166779,0.8831563591957092,0.0030364990234375,0.0001068115234375,0.5607843399047852,0.9998753070831299,0.9999674558639526,9.21487808227539e-05,hist_eq,none
D:\BTECH\PlantDiseaseProject\dataset\val\Tomato___Septoria_leaf_spot\988d5328-da67-4872-9db0-baff075a432f___JR_Sept.L.S 2586.JPG,0.4921470284461975,0.19841918349266052,0.891722559928894,0.0290374755859375,0.0003204345703125,0.6823529601097107,0.9993517994880676,0.9997580647468567,0.0004062652587890625,clahe,none
D:\BTECH\PlantDiseaseProject\dataset\val\Tomato___Septoria_leaf_spot\9ba317fe-1487-4501-91c3-c84f86ae6832___Keller.St_CG 1798.JPG,0.4420382082462311,0.10771521180868149,0.8455278873443604,3.0517578125e-05,0.0,0.34117648005485535,0.9999637603759766,0.9999758005142212,1.2040138244628906e-05,hist_eq,none
D:\BTECH\PlantDiseaseProject\dataset\val\Tomato___Septoria_leaf_spot\9bd4db81-94ef-4a9e-a44a-e335fb372691___Matt.S_CG 7786.JPG,0.6303039789199829,0.16529116034507751,0.8949574828147888,0.000213623046875,0.000274658203125,0.5137255191802979,0.9935438632965088,0.9986697435379028,0.005125880241394043,hist_eq,none
D:\BTECH\PlantDiseaseProject\dataset\val\Tomato___Septoria_leaf_spot\9c922c85-b976-41ec-bc8a-65650a8a3f9a___Matt.S_CG 1504.JPG,0.5530836582183838,0.13346530497074127,0.8615235090255737,0.000396728515625,6.103515625e-05,0.4274509847164154,0.9986594915390015,0.9997060894966125,0.001046597957611084,clahe,none
D:\BTECH\PlantDiseaseProject\dataset\val\Tomato___Septoria_leaf_spot\9cb69cf5-1929-4a4a-9e6a-bac5596a22fd___JR_Sept.L.S 2489.JPG,0.5393909811973572,0.1687009334564209,0.8833500146865845,0.00628662109375,0.000274658203125,0.5803921818733215,0.999234676361084,0.9996039271354675,0.0003692507743835449,clahe,none
D:\BTECH\PlantDiseaseProject\dataset\val\Tomato___Septoria_leaf_spot\9d377ccd-cf2f-4fdb-bce6-ac70e0b53d03___Matt.S_CG 7620.JPG,0.5842728018760681,0.18215510249137878,0.9162698984146118,0.00189208984375,0.0009002685546875,0.6627451181411743,0.9939979314804077,0.9971206784248352,0.0031227469444274902,hist_eq,none
D:\BTECH\PlantDiseaseProject\dataset\val\Tomato___Septoria_leaf_spot\9e684d71-c6e4-45e4-ac84-ac99499c55c1___Matt.S_CG 7625.JPG,0.557876467704773,0.21115389466285706,0.928860604763031,0.0006256103515625,0.0005340576171875,0.7333333492279053,0.9915071129798889,0.9998157620429993,0.008308649063110352,clahe,none
D:\BTECH\PlantDiseaseProject\dataset\val\Tomato___Septoria_leaf_spot\a034ca55-7435-4e9d-b0c8-d4c7201662d0___Matt.S_CG 1639.JPG,0.5376072525978088,0.16592763364315033,0.9047619700431824,0.0029754638671875,0.000244140625,0.5333333611488342,0.9996438026428223,0.9999455213546753,0.00030171871185302734,hist_eq,none
D:\BTECH\PlantDiseaseProject\dataset\val\Tomato___Septoria_leaf_spot\a297d3a4-a01d-4d04-8bb0-bb16d2bcd7d7___Matt.S_CG 6443.JPG,0.6628140211105347,0.10664275288581848,0.8183513283729553,0.0,0.0,0.32549020648002625,0.9997994303703308,0.9998950958251953,9.566545486450195e-05,clahe,none
D:\BTECH\PlantDiseaseProject\dataset\val\Tomato___Septoria_leaf_spot\a48fda6c-abcb-4cf4-b63f-b190ee1af683___JR_Sept.L.S 2582.JPG,0.586082935333252,0.17613032460212708,0.8956849575042725,0.0030975341796875,0.001495361328125,0.6117647290229797,0.9998804330825806,0.9999923706054688,0.0001119375228881836,clahe,none
D:\BTECH\PlantDiseaseProject\dataset\val\Tomato___Septoria_leaf_spot\a63b93a4-167f-4544-9a84-1e0d05bf35f6___Matt.S_CG 7623.JPG,0.5693069100379944,0.19886514544487,0.9388885498046875,0.001373291015625,0.00103759765625,0.658823549747467,0.9852904081344604,0.99946528673172,0.014174878597259521,hist_eq,none
D:\BTECH\PlantDiseaseProject\dataset\val\Tomato___Septoria_leaf_spot\a74f9277-a6c1-49da-81a6-bfd49db22df2___Matt.S_CG 6494.JPG,0.686326801776886,0.12520213425159454,0.8614991903305054,0.0,3.0517578125e-05,0.40392157435417175,0.9995878338813782,0.9999450445175171,0.000357210636138916,hist_eq,none
D:\BTECH\PlantDiseaseProject\dataset\val\Tomato___Septoria_leaf_spot\a75b4e94-87bc-4fd4-a5ed-e865e56257ad___Matt.S_CG 2507.JPG,0.5203052759170532,0.15833304822444916,0.8694928884506226,0.0019989013671875,4.57763671875e-05,0.5686274766921997,0.9999992847442627,0.9999994039535522,1.1920928955078125e-07,hist_eq,none
D:\BTECH\PlantDiseaseProject\dataset\val\Tomato___Septoria_leaf_spot\a7ef1e20-bcbe-41b8-8148-a093ed765f09___Matt.S_CG 7780.JPG,0.6168785095214844,0.17904825508594513,0.8981302976608276,0.0008087158203125,0.000518798828125,0.6313725709915161,0.9999618530273438,0.9999943971633911,3.254413604736328e-05,hist_eq,none
D:\BTECH\PlantDiseaseProject\dataset\val\Tomato___Septoria_leaf_spot\a8757243-07bd-490a-b1fc-f6a766e88edd___Matt.S_CG 6766.JPG,0.6656171679496765,0.13311544060707092,0.869084894657135,0.0004119873046875,0.0011749267578125,0.4117647111415863,0.9981361627578735,0.9991163611412048,0.0009801983833312988,gamma_bright,none
D:\BTECH\PlantDiseaseProject\dataset\val\Tomato___Septoria_leaf_spot\aa2e8d77-1574-4c3a-9db6-b2982cec9006___JR_Sept.L.S 8438.JPG,0.5592193603515625,0.14515165984630585,0.8627374768257141,0.003173828125,0.0,0.45490196347236633,0.9920439720153809,0.9995167255401611,0.0074727535247802734,hist_eq,none
D:\BTECH\PlantDiseaseProject\dataset\val\Tomato___Septoria_leaf_spot\abb40b01-9ffd-4dd8-b46a-371a115110ea___JR_Sept.L.S 8358.JPG,0.5082900524139404,0.14648710191249847,0.8655513525009155,9.1552734375e-05,0.0,0.4549019932746887,0.5139344334602356,0.5139344334602356,0.0,none,none
D:\BTECH\PlantDiseaseProject\dataset\val\Tomato___Septoria_leaf_spot\ad006c78-964b-4884-baaf-86719b74099f___Matt.S_CG 1223.JPG,0.5574358105659485,0.10431994497776031,0.8151247501373291,0.0,0.0,0.32156863808631897,0.9998605251312256,0.9999594688415527,9.894371032714844e-05,clahe,none
D:\BTECH\PlantDiseaseProject\dataset\val\Tomato___Septoria_leaf_spot\adf85c8b-07e2-4f8c-a04a-8a71094b97e6___Matt.S_CG 7530.JPG,0.570934534072876,0.21778273582458496,0.9224921464920044,0.003997802734375,0.001312255859375,0.772549033164978,0.9998689889907837,0.999944806098938,7.581710815429688e-05,clahe,none
D:\BTECH\PlantDiseaseProject\dataset\val\Tomato___Septoria_leaf_spot\afc72d10-1f6f-4e76-9c71-b1dccf0022f3___Matt.S_CG 6283.JPG,0.6957911849021912,0.10784230381250381,0.8194509148597717,0.0,0.0,0.31372547149658203,0.9999494552612305,0.999982476234436,3.3020973205566406e-05,gamma_bright,none
D:\BTECH\PlantDiseaseProject\dataset\val\Tomato___Septoria_leaf_spot\b06560a7-6ad1-438a-8ea2-badfe58a5f1e___Matt.S_CG 1250.JPG,0.44488948583602905,0.09930647909641266,0.8170043230056763,0.0,0.0,0.3137255012989044,0.9988295435905457,0.9996998310089111,0.0008702874183654785,gamma_dark,none
D:\BTECH\PlantDiseaseProject\dataset\val\Tomato___Septoria_leaf_spot\b0dd53e4-a322-48ca-8e7f-d00d599d40d0___Keller.St_CG 1962.JPG,0.4871138334274292,0.1410733014345169,0.8831781148910522,0.0005035400390625,1.52587890625e-05,0.5019607543945312,0.9998856782913208,0.9999046325683594,1.895427703857422e-05,clahe,none
D:\BTECH\PlantDiseaseProject\dataset\val\Tomato___Septoria_leaf_spot\b12f3967-aa7e-4c0a-bb81-9b96a3e6587d___Matt.S_CG 1249.JPG,0.4635471701622009,0.08462026715278625,0.7983464002609253,0.0,0.0,0.26274511218070984,0.9999159574508667,0.9999771118164062,6.115436553955078e-05,clahe,none
D:\BTECH\PlantDiseaseProject\dataset\val\Tomato___Septoria_leaf_spot\b3d2dbe8-26ec-43a9-a76a-4e527dcb6f97___Matt.S_CG 7622.JPG,0.5918052196502686,0.20304681360721588,0.9267833232879639,0.000701904296875,0.0010528564453125,0.7137255072593689,0.9996837377548218,0.9999897480010986,0.00030601024627685547,hist_eq,none
D:\BTECH\PlantDiseaseProject\dataset\val\Tomato___Septoria_leaf_spot\b5a7ad4c-1b76-4dda-862a-c6d6b9d28d90___Matt.S_CG 2443.JPG,0.5228190422058105,0.12361094355583191,0.8449779748916626,0.001129150390625,1.52587890625e-05,0.3843137323856354,0.9999393224716187,0.9999887943267822,4.947185516357422e-05,clahe,none
D:\BTECH\PlantDiseaseProject\dataset\val\Tomato___Septoria_leaf_spot\b6176eb3-1480-4d4e-b1d7-2d23e3e825c3___JR_Sept.L.S 8384.JPG,0.5046998262405396,0.2504928410053253,0.8820624947547913,0.021453857421875,0.0001220703125,0.7058823704719543,0.947302520275116,0.9894964098930359,0.04219388961791992,gamma_dark,gamma_dark
D:\BTECH\PlantDiseaseProject\dataset\val\Tomato___Septoria_leaf_spot\b6905f0b-a167-4b6c-a72b-3c6c187d8032___Matt.S_CG 6046.JPG,0.6685794591903687,0.11847296357154846,0.8413753509521484,0.0,0.0,0.3607843220233917,0.9999161958694458,0.9999879598617554,7.176399230957031e-05,clahe,none
D:\BTECH\PlantDiseaseProject\dataset\val\Tomato___Septoria_leaf_spot\b70775c5-59bc-4204-af05-a420ef373667___JR_Sept.L.S 2693.JPG,0.47702595591545105,0.12966479361057281,0.8469116687774658,0.003082275390625,0.00030517578125,0.4274509847164154,0.9996535778045654,0.9998668432235718,0.00021326541900634766,clahe,none
D:\BTECH\PlantDiseaseProject\dataset\val\Tomato___Septoria_leaf_spot\b7d15da3-772d-4b97-bdf9-ed480e7f1c71___Matt.S_CG 6441.JPG,0.6853999495506287,0.09648402780294418,0.7926849722862244,0.0,0.0,0.28235292434692383,0.9993786811828613,0.9997668862342834,0.00038820505142211914,clahe,none
D:\BTECH\PlantDiseaseProject\dataset\val\Tomato___Septoria_leaf_spot\ba0b33b8-1915-4e1b-a979-081d7c6231e2___JR_Sept.L.S 8451.JPG,0.534888744354248,0.1575186848640442,0.8633066415786743,0.006195068359375,4.57763671875e-05,0.5254902243614197,0.9998108744621277,0.9998458623886108,3.49879264831543e-05,gamma_bright,none
D:\BTECH\PlantDiseaseProject\dataset\val\Tomato___Septoria_leaf_spot\badbd0d4-8e02-49bf-a042-87ae373ca66f___Matt.S_CG 6741.JPG,0.660317063331604,0.14069196581840515,0.8513154983520508,0.000274658203125,0.0004119873046875,0.4000000059604645,0.9998617172241211,0.9999163150787354,5.459785461425781e-05,gamma_bright,none
D:\BTECH\PlantDiseaseProject\dataset\val\Tomato___Septoria_leaf_spot\bb3dc68f-0ade-4bb8-8c27-e2ff3529a20d___JR_Sept.L.S 2671.JPG,0.5251161456108093,0.2304125279188156,0.8967001438140869,0.024261474609375,0.0,0.729411780834198,0.9842956066131592,0.999680757522583,0.015385150909423828,clahe,none
D:\BTECH\PlantDiseaseProject\dataset\val\Tomato___Septoria_leaf_spot\bcf2f5b8-8788-4ba2-a510-1174c00e76e3___Matt.S_CG 1619.JPG,0.5680173635482788,0.16642023622989655,0.8927631974220276,0.0019683837890625,0.0002899169921875,0.4941176474094391,0.9999908208847046,0.9999910593032837,2.384185791015625e-07,clahe,none
D:\BTECH\PlantDiseaseProject\dataset\val\Tomato___Septoria_leaf_spot\bd79204f-eef9-4a77-8f51-934b954b76f0___Matt.S_CG 6859.JPG,0.6215758323669434,0.1383271962404251,0.8716999292373657,0.0004730224609375,0.00067138671875,0.4274509847164154,0.9884295463562012,0.9986698627471924,0.010240316390991211,hist_eq,none
D:\BTECH\PlantDiseaseProject\dataset\val\Tomato___Septoria_leaf_spot\bf59d55b-5231-42ee-9880-adae9625c00d___Keller.St_CG 1976.JPG,0.5658013820648193,0.121488556265831,0.8623335361480713,0.0003204345703125,3.0517578125e-05,0.37254902720451355,0.9999629259109497,0.9999873638153076,2.4437904357910156e-05,hist_eq,none
D:\BTECH\PlantDiseaseProject\dataset\val\Tomato___Septoria_leaf_spot\c06b05f0-b428-45ee-bc9f-df042d171e81___JR_Sept.L.S 8529.JPG,0.5388901233673096,0.17794062197208405,0.8836698532104492,0.013824462890625,0.0002593994140625,0.5764706134796143,0.999964714050293,0.999996542930603,3.1828880310058594e-05,hist_eq,none
D:\BTECH\PlantDiseaseProject\dataset\val\Tomato___Septoria_leaf_spot\c14b6d69-3c57-417a-aad6-bfc540af2007___Matt.S_CG 0764.JPG,0.517614483833313,0.11365395784378052,0.8311105966567993,0.0,0.0,0.3450980484485626,0.9998501539230347,0.9999383687973022,8.821487426757812e-05,hist_eq,none
D:\BTECH\PlantDiseaseProject\dataset\val\Tomato___Septoria_leaf_spot\c1fdb307-b716-4638-93c6-ebf8185c5414___JR_Sept.L.S 2508.JPG,0.500251293182373,0.1827632486820221,0.8809260129928589,0.0051422119140625,0.0002288818359375,0.6235294342041016,0.9971762895584106,0.9995941519737244,0.0024178624153137207,clahe,none
D:\BTECH\PlantDiseaseProject\dataset\val\Tomato___Septoria_leaf_spot\c311dca2-18ca-4304-b356-a2764d8322d2___Matt.S_CG 7801.JPG,0.6259782314300537,0.1637905240058899,0.892928421497345,0.0001983642578125,0.00091552734375,0.4941176474094391,0.9987884163856506,0.9999377727508545,0.0011493563652038574,hist_eq,none
D:\BTECH\PlantDiseaseProject\dataset\val\Tomato___Septoria_leaf_spot\c35001a9-bfcc-4233-95e5-b83d086e0435___Matt.S_CG 6740.JPG,0.7218443155288696,0.12137526273727417,0.829294741153717,6.103515625e-05,0.0004425048828125,0.34509801864624023,0.9999368190765381,0.9999687671661377,3.1948089599609375e-05,gamma_bright,none
D:\BTECH\PlantDiseaseProject\dataset\val\Tomato___Septoria_leaf_spot\c3799da0-3ce3-4e75-9fdb-ceddfa42daad___Keller.St_CG 1781.JPG,0.5041426420211792,0.10984791815280914,0.8398977518081665,0.000213623046875,0.0,0.3333333432674408,0.9997947812080383,0.9998762607574463,8.147954940795898e-05,hist_eq,none
D:\BTECH\PlantDiseaseProject\dataset\val\Tomato___Septoria_leaf_spot\c38a2c2c-8f40-4a27-83a7-c6848639fb73___Keller.St_CG 1954.JPG,0.5364770889282227,0.13087481260299683,0.8596566915512085,0.00079345703125,0.0,0.4470588266849518,0.9993960857391357,0.9998937845230103,0.0004976987838745117,clahe,none
D:\BTECH\PlantDiseaseProject\dataset\val\Tomato___Septoria_leaf_spot\c4387ae7-e4ba-43db-a547-08bfea2ec97e___JR_Sept.L.S 2549.JPG,0.5094665884971619,0.1670488566160202,0.9071739912033081,0.0174102783203125,0.000518798828125,0.6039215922355652,0.9849870800971985,0.9931035041809082,0.008116424083709717,hist_eq,none
D:\BTECH\PlantDiseaseProject\dataset\val\Tomato___Septoria_leaf_spot\c55b187d-939e-4394-8306-d310764c30f6___Matt.S_CG 2479.JPG,0.5436404943466187,0.13732881844043732,0.8611178398132324,0.002960205078125,0.000152587890625,0.4156862795352936,0.9999886751174927,0.999990701675415,2.0265579223632812e-06,gamma_dark,none
D:\BTECH\PlantDiseaseProject\dataset\val\Tomato___Septoria_leaf_spot\c5806b61-685f-43a2-a5af-c8c9f086e7ea___Matt.S_CG 1244.JPG,0.46122995018959045,0.07806762307882309,0.7730703353881836,0.0,0.0,0.22745099663734436,0.999734103679657,0.9998972415924072,0.00016313791275024414,gamma_bright,none
D:\BTECH\PlantDiseaseProject\dataset\val\Tomato___Septoria_leaf_spot\c60ad129-c83a-4466-94c1-240b78bd5d12___Matt.S_CG 6500.JPG,0.6732238531112671,0.1068783551454544,0.8117428421974182,0.0,1.52587890625e-05,0.30980393290519714,0.9998226761817932,0.999854326248169,3.165006637573242e-05,gamma_bright,none
D:\BTECH\PlantDiseaseProject\dataset\val\Tomato___Septoria_leaf_spot\c66d82d9-a895-42ae-a7fb-a93917e3f10d___Matt.S_CG 6813.JPG,0.5041135549545288,0.16199132800102234,0.901910662651062,0.0079498291015625,4.57763671875e-05,0.5176470875740051,0.9999426603317261,0.9999923706054688,4.971027374267578e-05,hist_eq,none
D:\BTECH\PlantDiseaseProject\dataset\val\Tomato___Septoria_leaf_spot\c8a40d22-b47a-48a3-8450-e17dafd9a095___Matt.S_CG 7610.JPG,0.591159999370575,0.1803957223892212,0.9145640730857849,0.000701904296875,0.0006561279296875,0.6470588445663452,0.9999980926513672,0.9999994039535522,1.3113021850585938e-06,hist_eq,none
D:\BTECH\PlantDiseaseProject\dataset\val\Tomato___Septoria_leaf_spot\c949bf08-d9f7-451c-8a98-4eab25bd6236___Matt.S_CG 6272.JPG,0.6971150636672974,0.09202981740236282,0.7980022430419922,0.0,0.0,0.28235292434692383,0.999993085861206,0.9999940395355225,9.5367431640625e-07,gamma_bright,none
D:\BTECH\PlantDiseaseProject\dataset\val\Tomato___Septoria_leaf_spot\ca8da8d9-ca5f-41fa-a759-c82aa369f253___Matt.S_CG 1500.JPG,0.7297359704971313,0.13873860239982605,0.8571759462356567,0.0,0.0021209716796875,0.4274509847164154,0.9999661445617676,0.9999754428863525,9.298324584960938e-06,gamma_bright,none
D:\BTECH\PlantDiseaseProject\dataset\val\Tomato___Septoria_leaf_spot\caa74798-7dab-43f3-8ed0-f53d79cb31db___JR_Sept.L.S 8397.JPG,0.5182660818099976,0.21135616302490234,0.9193919897079468,0.0116424560546875,0.0002288818359375,0.6901960968971252,0.9616122245788574,0.9922733902931213,0.030661165714263916,hist_eq,hist_eq
D:\BTECH\PlantDiseaseProject\dataset\val\Tomato___Septoria_leaf_spot\cc446d29-cb74-4c2d-b9c4-a08632ea045b___Matt.S_CG 7850.JPG,0.5396755933761597,0.16972370445728302,0.9194960594177246,0.0014190673828125,0.0005035400390625,0.5254902243614197,0.9999327659606934,0.9999836683273315,5.0902366638183594e-05,hist_eq,none
D:\BTECH\PlantDiseaseProject\dataset\val\Tomato___Septoria_leaf_spot\ce1c325e-c775-4428-92fe-b907fd5eef83___Matt.S_CG 1229.JPG,0.4941190779209137,0.07149337232112885,0.7711677551269531,0.0,0.0,0.2352941334247589,0.9998149275779724,0.9999088048934937,9.387731552124023e-05,hist_eq,none
D:\BTECH\PlantDiseaseProject\dataset\val\Tomato___Septoria_leaf_spot\ce568d1c-fb5d-4d7a-bbff-13da7d3ec8ef___Matt.S_CG 1041.JPG,0.5043481588363647,0.0778258815407753,0.7856239080429077,1.52587890625e-05,0.0,0.2352941334247589,0.9999319314956665,0.9999592304229736,2.7298927307128906e-05,clahe,none
D:\BTECH\PlantDiseaseProject\dataset\val\Tomato___Septoria_leaf_spot\d1f20bdd-d68d-470a-95af-5a3514a85e8d___Matt.S_CG 0923.JPG,0.5011204481124878,0.13698846101760864,0.8595826625823975,0.0,0.0,0.42352941632270813,0.9997467398643494,0.9999357461929321,0.00018900632858276367,clahe,none
D:\BTECH\PlantDiseaseProject\dataset\val\Tomato___Septoria_leaf_spot\d265781b-1492-47a0-a699-8373c16f16d5___Matt.S_CG 0830.JPG,0.5240002870559692,0.10692455619573593,0.8340446949005127,4.57763671875e-05,0.0,0.32156863808631897,0.9960747957229614,0.9980716109275818,0.0019968152046203613,gamma_bright,none
D:\BTECH\PlantDiseaseProject\dataset\val\Tomato___Septoria_leaf_spot\d2871bcd-6d69-4d4f-be2a-b11648666d55___Keller.St_CG 2015.JPG,0.5108646154403687,0.08605311065912247,0.7895467877388,6.103515625e-05,0.0,0.2549019753932953,0.9999396800994873,0.9999687671661377,2.9087066650390625e-05,gamma_bright,none
D:\BTECH\PlantDiseaseProject\dataset\val\Tomato___Septoria_leaf_spot\d3e95fd9-f4b2-4925-afe6-739cffdd5c9f___JR_Sept.L.S 8480.JPG,0.5808587074279785,0.12310777604579926,0.8190042972564697,0.00335693359375,0.0001373291015625,0.37254902720451355,0.9977295994758606,0.9985880255699158,0.0008584260940551758,clahe,none
D:\BTECH\PlantDiseaseProject\dataset\val\Tomato___Septoria_leaf_spot\d40b9be4-3d8c-464d-b948-5245b60f38ab___JR_Sept.L.S 2672.JPG,0.5290985107421875,0.2141120433807373,0.8890411853790283,0.0303955078125,0.0004730224609375,0.7019608020782471,0.9998277425765991,0.9998950958251953,6.73532485961914e-05,gamma_bright,none
D:\BTECH\PlantDiseaseProject\dataset\val\Tomato___Septoria_leaf_spot\d535908b-c781-41c5-9afc-b7aa0358d466___JR_Sept.L.S 8389.JPG,0.4747934639453888,0.1739174723625183,0.8618838787078857,0.0150604248046875,0.0,0.572549045085907,0.9983654618263245,0.999685525894165,0.0013200640678405762,hist_eq,none
D:\BTECH\PlantDiseaseProject\dataset\val\Tomato___Septoria_leaf_spot\d5aea5fd-511a-4b5a-92d5-b4063c2c9615___Matt.S_CG 0669.JPG,0.5016018748283386,0.11631275713443756,0.8301011323928833,1.52587890625e-05,0.0,0.3607843220233917,0.9987413287162781,0.9998676776885986,0.0011263489723205566,clahe,none
D:\BTECH\PlantDiseaseProject\dataset\val\Tomato___Septoria_leaf_spot\d5daea6b-a0cf-4a40-9cef-3cb43c63f6a9___Matt.S_CG 7776.JPG,0.614183247089386,0.17332372069358826,0.8974307775497437,0.000640869140625,0.0002288818359375,0.5803921818733215,0.9958859086036682,0.9983135461807251,0.0024276375770568848,hist_eq,none
D:\BTECH\PlantDiseaseProject\dataset\val\Tomato___Septoria_leaf_spot\d83aedd2-b79e-420f-ab88-af97cc3b685d___JR_Sept.L.S 8414.JPG,0.49756550788879395,0.186522975564003,0.883690595626831,0.016082763671875,6.103515625e-05,0.6235294342041016,0.9994539618492126,0.9998113512992859,0.0003573894500732422,hist_eq,none
D:\BTECH\PlantDiseaseProject\dataset\val\Tomato___Septoria_leaf_spot\d891ae9b-9fc3-4113-9348-3c7109d29251___JR_Sept.L.S 2712.JPG,0.49259108304977417,0.19657161831855774,0.9101077914237976,0.0220184326171875,3.0517578125e-05,0.6823529601097107,0.9996455907821655,0.9999756813049316,0.0003300905227661133,hist_eq,none
D:\BTECH\PlantDiseaseProject\dataset\val\Tomato___Septoria_leaf_spot\da74ea57-f6f1-4adb-8bcd-1a72c3f91bcf___Matt.S_CG 0920.JPG,0.5301284193992615,0.1352202445268631,0.8525571823120117,0.0,0.0,0.40784314274787903,0.9999029636383057,0.9999692440032959,6.628036499023438e-05,clahe,none
D:\BTECH\PlantDiseaseProject\dataset\val\Tomato___Septoria_leaf_spot\db085918-0f2d-425a-8b10-ed5b7e6e4eb4___JR_Sept.L.S 2531.JPG,0.5252156257629395,0.15133172273635864,0.8515939116477966,0.0164337158203125,0.0002899169921875,0.5921568870544434,0.9999665021896362,0.9999967813491821,3.0279159545898438e-05,hist_eq,none
D:\BTECH\PlantDiseaseProject\dataset\val\Tomato___Septoria_leaf_spot\dba053d6-6ded-4582-9448-64c01a7c1b9c___Matt.S_CG 6442.JPG,0.6767458319664001,0.09916578978300095,0.8147649765014648,0.0,0.0,0.30588236451148987,0.9822933077812195,0.99748295545578,0.015189647674560547,clahe,none
D:\BTECH\PlantDiseaseProject\dataset\val\Tomato___Septoria_leaf_spot\dc2dc933-0e6f-46ea-a490-55919ec329e6___Matt.S_CG 1304.JPG,0.5124479532241821,0.18572936952114105,0.8807111978530884,0.0023345947265625,0.0002288818359375,0.5882353186607361,0.9991695880889893,0.9998961687088013,0.0007265806198120117,hist_eq,none
D:\BTECH\PlantDiseaseProject\dataset\val\Tomato___Septoria_leaf_spot\dd73a3ba-e442-467d-9a20-16e77429efc7___JR_Sept.L.S 2703.JPG,0.5517698526382446,0.18434536457061768,0.84974604845047,0.0316009521484375,0.0001678466796875,0.6705882549285889,0.9096214175224304,0.9967909455299377,0.08716952800750732,hist_eq,hist_eq
D:\BTECH\PlantDiseaseProject\dataset\val\Tomato___Septoria_leaf_spot\de026b6e-618a-4d24-8e9a-511144aa94d9___Matt.S_CG 0915.JPG,0.5109508633613586,0.11191076040267944,0.8402620553970337,0.0,0.0,0.35686275362968445,0.9998037219047546,0.999936580657959,0.0001328587532043457,clahe,none
D:\BTECH\PlantDiseaseProject\dataset\val\Tomato___Septoria_leaf_spot\e09ba1ab-7952-4b09-a886-0025c4536d7c___Keller.St_CG 1936.JPG,0.5428647994995117,0.13581983745098114,0.8379755616188049,0.000579833984375,6.103515625e-05,0.5137255191802979,0.9954609274864197,0.9983596205711365,0.002898693084716797,gamma_bright,none
D:\BTECH\PlantDiseaseProject\dataset\val\Tomato___Septoria_leaf_spot\e121bd7b-59e8-4c4e-9bff-5e9cd52f04ac___Matt.S_CG 7805.JPG,0.6070609092712402,0.16242258250713348,0.9114900827407837,0.0005035400390625,0.0008087158203125,0.5098038911819458,0.9999639987945557,0.9999922513961792,2.8252601623535156e-05,hist_eq,none
D:\BTECH\PlantDiseaseProject\dataset\val\Tomato___Septoria_leaf_spot\e26a1f0a-354d-44a6-bc28-623e77112af3___Keller.St_CG 1916.JPG,0.5079540014266968,0.12156444787979126,0.8595848679542542,4.57763671875e-05,0.0,0.3803921639919281,0.9999332427978516,0.9999610185623169,2.777576446533203e-05,gamma_bright,none
D:\BTECH\PlantDiseaseProject\dataset\val\Tomato___Septoria_leaf_spot\e301a5e1-ab4c-4a82-b79f-074a8147827f___Matt.S_CG 0839.JPG,0.4964268207550049,0.08317257463932037,0.7950448393821716,0.0,0.0,0.250980406999588,0.9999629259109497,0.9999837875366211,2.086162567138672e-05,gamma_bright,none
D:\BTECH\PlantDiseaseProject\dataset\val\Tomato___Septoria_leaf_spot\e3dbf007-97df-47da-ad33-9e7a1b19eb04___JR_Sept.L.S 2632.JPG,0.5401028394699097,0.15371926128864288,0.8790048360824585,0.002105712890625,0.0002593994140625,0.46666669845581055,0.9999872446060181,0.9999992847442627,1.2040138244628906e-05,hist_eq,none
D:\BTECH\PlantDiseaseProject\dataset\val\Tomato___Septoria_leaf_spot\e59c82e1-d055-4876-87dd-1a2f7d1cfa11___Matt.S_CG 7804.JPG,0.611864447593689,0.1806786060333252,0.9154398441314697,0.0001983642578125,0.00079345703125,0.6196078658103943,0.9997612833976746,0.9999455213546753,0.00018423795700073242,clahe,none
D:\BTECH\PlantDiseaseProject\dataset\val\Tomato___Septoria_leaf_spot\e5f6243e-0355-4cf2-b5aa-038ec1602a9f___JR_Sept.L.S 2505.JPG,0.49592524766921997,0.17959187924861908,0.9035835266113281,0.0153656005859375,4.57763671875e-05,0.572549045085907,0.9999972581863403,0.9999992847442627,2.0265579223632812e-06,clahe,none
D:\BTECH\PlantDiseaseProject\dataset\val\Tomato___Septoria_leaf_spot\e647e27f-937d-433f-99c6-54efe51817e1___Keller.St_CG 2014.JPG,0.5038843154907227,0.08339905738830566,0.7948248982429504,3.0517578125e-05,0.0,0.2549019753932953,0.9998629093170166,0.9999068975448608,4.398822784423828e-05,clahe,none
D:\BTECH\PlantDiseaseProject\dataset\val\Tomato___Septoria_leaf_spot\e65190f0-97e9-44a6-bcb8-9fe7d42e9200___Matt.S_CG 7413.JPG,0.5443496108055115,0.23032331466674805,0.9602276086807251,0.0027313232421875,0.0018463134765625,0.7764706015586853,0.9853408932685852,0.9970634579658508,0.011722564697265625,hist_eq,none
D:\BTECH\PlantDiseaseProject\dataset\val\Tomato___Septoria_leaf_spot\e6ece834-f699-413b-baf7-2a66e3a38575___Keller.St_CG 1828.JPG,0.4707837402820587,0.10354601591825485,0.8410752415657043,0.000152587890625,0.0,0.32549020648002625,0.999963641166687,0.9999771118164062,1.3470649719238281e-05,clahe,none
D:\BTECH\PlantDiseaseProject\dataset\val\Tomato___Septoria_leaf_spot\e8051293-a895-48ed-92ff-0623301c7c8c___JR_Sept.L.S 2613.JPG,0.5696172714233398,0.12377215176820755,0.8428047299385071,0.0026397705078125,9.1552734375e-05,0.3686274588108063,0.9985052347183228,0.9995983242988586,0.0010930895805358887,hist_eq,none
D:\BTECH\PlantDiseaseProject\dataset\val\Tomato___Septoria_leaf_spot\e8aed11f-46ec-4c63-954d-c1320d99040d___Matt.S_CG 6760.JPG,0.6955054998397827,0.13774265348911285,0.8594508767127991,0.0004119873046875,0.001190185546875,0.40882354974746704,0.9999111890792847,0.9999358654022217,2.467632293701172e-05,gamma_bright,none
D:\BTECH\PlantDiseaseProject\dataset\val\Tomato___Septoria_leaf_spot\e94aaf1a-0c1b-4020-87f0-93c74f929f1c___JR_Sept.L.S 8496.JPG,0.5393526554107666,0.11776649951934814,0.8185137510299683,0.006500244140625,4.57763671875e-05,0.3764705955982208,0.7903398871421814,0.9185740351676941,0.1282341480255127,gamma_dark,gamma_dark
D:\BTECH\PlantDiseaseProject\dataset\val\Tomato___Septoria_leaf_spot\e99b6e56-c1b9-42e0-94a8-8a2f0442a1fe___Matt.S_CG 0671.JPG,0.5056796073913574,0.11015624552965164,0.8332002758979797,3.0517578125e-05,0.0,0.3333333432674408,0.981293261051178,0.9981783628463745,0.016885101795196533,clahe,none
D:\BTECH\PlantDiseaseProject\dataset\val\Tomato___Septoria_leaf_spot\ea76488a-600f-477a-9d0a-17e1bb368987___Matt.S_CG 6048.JPG,0.6904876232147217,0.12561146914958954,0.839415967464447,0.0,0.0,0.3803921639919281,0.9999315738677979,0.9999914169311523,5.984306335449219e-05,clahe,none
D:\BTECH\PlantDiseaseProject\dataset\val\Tomato___Septoria_leaf_spot\ec167921-a25d-413f-b73c-5c72cc270433___Matt.S_CG 2682.JPG,0.5402380228042603,0.12801794707775116,0.8340039253234863,0.0011749267578125,7.62939453125e-05,0.41960784792900085,0.9999271631240845,0.9999850988388062,5.793571472167969e-05,clahe,none
D:\BTECH\PlantDiseaseProject\dataset\val\Tomato___Septoria_leaf_spot\ee3205cd-bafb-416b-b560-caef5586b96c___JR_Sept.L.S 2540.JPG,0.4864909052848816,0.1647641658782959,0.903367280960083,0.0086212158203125,9.1552734375e-05,0.5607843399047852,0.9999960660934448,0.9999978542327881,1.7881393432617188e-06,clahe,none
D:\BTECH\PlantDiseaseProject\dataset\val\Tomato___Septoria_leaf_spot\eeb47d84-df6f-4178-ab6f-09cfd26dae64___Keller.St_CG 1885.JPG,0.44258609414100647,0.10717019438743591,0.8278215527534485,4.57763671875e-05,0.0,0.34117648005485535,0.9995734095573425,0.999937891960144,0.00036448240280151367,hist_eq,none
D:\BTECH\PlantDiseaseProject\dataset\val\Tomato___Septoria_leaf_spot\eee78aec-6d9c-4506-a68c-5c4eef586c89___JR_Sept.L.S 2461.JPG,0.5160916447639465,0.1670709103345871,0.8799570798873901,0.0037994384765625,0.000335693359375,0.6549019813537598,0.9943254590034485,0.9997405409812927,0.005415081977844238,hist_eq,none
D:\BTECH\PlantDiseaseProject\dataset\val\Tomato___Septoria_leaf_spot\eef3e7b5-aee0-474d-8094-1baa53f1a365___JR_Sept.L.S 2551.JPG,0.4975411891937256,0.17164504528045654,0.8698580265045166,0.00164794921875,0.0002288818359375,0.6392157077789307,0.9999337196350098,0.9999650716781616,3.135204315185547e-05,gamma_dark,none
D:\BTECH\PlantDiseaseProject\dataset\val\Tomato___Septoria_leaf_spot\efbf830b-2408-403e-8fa0-86e22942b437___Matt.S_CG 6549.JPG,0.766530454158783,0.15794186294078827,0.8861439228057861,0.0,0.0195465087890625,0.4588235318660736,0.9999969005584717,0.9999977350234985,8.344650268554688e-07,gamma_dark,none
D:\BTECH\PlantDiseaseProject\dataset\val\Tomato___Septoria_leaf_spot\f04c7577-d02a-4b57-861e-f50fa800ca85___Matt.S_CG 7787.JPG,0.6115750074386597,0.15034539997577667,0.8881484270095825,0.0004119873046875,0.000244140625,0.4745098054409027,0.9985138773918152,0.9997598528862,0.0012459754943847656,hist_eq,none
D:\BTECH\PlantDiseaseProject\dataset\val\Tomato___Septoria_leaf_spot\f1c96393-8760-48a8-a8ba-1fa6e417433c___Keller.St_CG 1921.JPG,0.5028219819068909,0.10476750135421753,0.817244291305542,0.0,0.0,0.30588236451148987,0.999923586845398,0.9999606609344482,3.707408905029297e-05,gamma_bright,none
D:\BTECH\PlantDiseaseProject\dataset\val\Tomato___Septoria_leaf_spot\f25949bd-2509-489a-922d-e3cba060b02d___Matt.S_CG 6438.JPG,0.6963933706283569,0.10902085900306702,0.8407848477363586,0.0,9.1552734375e-05,0.3490195870399475,0.9988309741020203,0.9995403289794922,0.0007093548774719238,hist_eq,none
D:\BTECH\PlantDiseaseProject\dataset\val\Tomato___Septoria_leaf_spot\f3e6061a-4425-4975-98e1-bfac4dc21a0e___Keller.St_CG 1938.JPG,0.5060200691223145,0.111509770154953,0.8339366912841797,0.000396728515625,0.0,0.3490196168422699,0.9998014569282532,0.9999399185180664,0.00013846158981323242,gamma_bright,none
D:\BTECH\PlantDiseaseProject\dataset\val\Tomato___Septoria_leaf_spot\f4360fdc-ebcc-4ecd-8873-4fe37484e2dd___Matt.S_CG 0825.JPG,0.5546258687973022,0.1091546043753624,0.8105645179748535,0.0,0.0,0.3294117748737335,0.9983211159706116,0.998837411403656,0.0005162954330444336,gamma_bright,none
D:\BTECH\PlantDiseaseProject\dataset\val\Tomato___Septoria_leaf_spot\f8a1deca-75ae-41cf-bd05-1eee4a183236___Keller.St_CG 1779.JPG,0.4696953296661377,0.11320025473833084,0.8507184982299805,0.0,0.0,0.364705890417099,0.9996053576469421,0.9998867511749268,0.00028139352798461914,hist_eq,none
D:\BTECH\PlantDiseaseProject\dataset\val\Tomato___Septoria_leaf_spot\f8e19e45-a84d-4292-8849-8849518a2d4f___JR_Sept.L.S 8517.JPG,0.4951128363609314,0.19652841985225677,0.9109598398208618,0.00677490234375,0.0001373291015625,0.6313725709915161,0.9944449067115784,0.9996296167373657,0.0051847100257873535,hist_eq,none
D:\BTECH\PlantDiseaseProject\dataset\val\Tomato___Septoria_leaf_spot\f908f130-1a88-49da-9f6a-0cb7312da739___JR_Sept.L.S 2460.JPG,0.5226984024047852,0.23045502603054047,0.8938549160957336,0.004974365234375,0.000396728515625,0.6901960968971252,0.999995231628418,0.9999992847442627,4.0531158447265625e-06,hist_eq,none
D:\BTECH\PlantDiseaseProject\dataset\val\Tomato___Septoria_leaf_spot\f90af7c6-85b1-4a8c-b06a-c9081e6a9f92___Keller.St_CG 1973.JPG,0.5662479400634766,0.14227978885173798,0.8518644571304321,0.0004119873046875,9.1552734375e-05,0.5411764979362488,0.9994112253189087,0.9997348189353943,0.0003235936164855957,clahe,none
D:\BTECH\PlantDiseaseProject\dataset\val\Tomato___Septoria_leaf_spot\fa6c2874-7c49-4a31-a962-cfbe34395287___Matt.S_CG 0926.JPG,0.48865383863449097,0.08810477703809738,0.811190664768219,0.0,0.0,0.29411765933036804,0.9999188184738159,0.9999687671661377,4.9948692321777344e-05,clahe,none
D:\BTECH\PlantDiseaseProject\dataset\val\Tomato___Septoria_leaf_spot\fb69b46d-32bd-4d11-a60f-7eec788523c2___Matt.S_CG 6278.JPG,0.6845927834510803,0.09704779088497162,0.8081817030906677,0.0,0.0,0.2901960611343384,0.9994114637374878,0.9999414682388306,0.0005300045013427734,hist_eq,none
D:\BTECH\PlantDiseaseProject\dataset\val\Tomato___Septoria_leaf_spot\fbd92c9a-47de-431a-b3cb-fb25193b1e09___Keller.St_CG 2045.JPG,0.5662437677383423,0.11452624946832657,0.8496893644332886,7.62939453125e-05,0.0,0.38823530077934265,0.9997896552085876,0.9998965263366699,0.00010687112808227539,clahe,none
D:\BTECH\PlantDiseaseProject\dataset\val\Tomato___Septoria_leaf_spot\fc6759ac-f4b4-4ab3-81d1-8f0761ebea6a___Keller.St_CG 1857.JPG,0.4684947431087494,0.10865239053964615,0.842393159866333,3.0517578125e-05,0.0,0.3450980484485626,0.9999823570251465,0.999991774559021,9.417533874511719e-06,clahe,none
D:\BTECH\PlantDiseaseProject\dataset\val\Tomato___Septoria_leaf_spot\ff26f205-223f-4140-80fc-87478e501904___JR_Sept.L.S 2585.JPG,0.4802245795726776,0.18966062366962433,0.9124447107315063,0.0117950439453125,0.0003662109375,0.6823529601097107,0.9967453479766846,0.9997097849845886,0.0029644370079040527,hist_eq,none
D:\BTECH\PlantDiseaseProject\dataset\val\Tomato___Septoria_leaf_spot\ff3ff139-ca11-4e48-b78e-29147bec8ae4___Keller.St_CG 1981.JPG,0.5081298351287842,0.11853840202093124,0.8536825776100159,0.0001678466796875,3.0517578125e-05,0.37254902720451355,0.999962329864502,0.999984622001648,2.2292137145996094e-05,clahe,none
D:\BTECH\PlantDiseaseProject\dataset\val\Tomato___Septoria_leaf_spot\ffd3c6f3-17d3-45f1-a599-2623e111ec71___Matt.S_CG 6493.JPG,0.6797924041748047,0.11531578749418259,0.8439334630966187,0.0,0.0,0.35686275362968445,0.9998623132705688,0.9999338388442993,7.152557373046875e-05,clahe,none
D:\BTECH\PlantDiseaseProject\dataset\val\Tomato___Spider_mites Two-spotted_spider_mite\00fa99e8-2605-4d72-be69-98277587d84b___Com.G_SpM_FL 1453.JPG,0.5284033417701721,0.16677193343639374,0.9047190546989441,0.0005645751953125,0.000213623046875,0.6431372761726379,0.9999476671218872,0.9999476671218872,0.0,none,none
D:\BTECH\PlantDiseaseProject\dataset\val\Tomato___Spider_mites Two-spotted_spider_mite\03e18a00-ffbd-4863-a0c5-7c597c09b025___Com.G_SpM_FL 8798.JPG,0.48793983459472656,0.1754978597164154,0.9105185270309448,0.0006866455078125,1.52587890625e-05,0.5568627715110779,0.9999955892562866,0.9999964237213135,8.344650268554688e-07,gamma_dark,none
D:\BTECH\PlantDiseaseProject\dataset\val\Tomato___Spider_mites Two-spotted_spider_mite\0421a79d-5c62-43e8-a695-ae55f987c27e___Com.G_SpM_FL 1434.JPG,0.5541341304779053,0.19033150374889374,0.9288210272789001,0.0004730224609375,0.0001220703125,0.6823529601097107,0.9997137188911438,0.9998346567153931,0.00012093782424926758,hist_eq,none
D:\BTECH\PlantDiseaseProject\dataset\val\Tomato___Spider_mites Two-spotted_spider_mite\057ecdbe-a9f1-47ff-8c5e-17ae92ff5670___Com.G_SpM_FL 8427.JPG,0.4740818738937378,0.16991019248962402,0.8913255333900452,0.0002288818359375,0.0,0.5372549295425415,0.9999942779541016,0.9999967813491821,2.5033950805664062e-06,gamma_bright,none
D:\BTECH\PlantDiseaseProject\dataset\val\Tomato___Spider_mites Two-spotted_spider_mite\0792af40-147c-400a-84e6-a0eeb25ac381___Com.G_SpM_FL 9381.JPG,0.5341377258300781,0.16701561212539673,0.8977874517440796,0.0007171630859375,3.0517578125e-05,0.5764706134796143,0.9999040365219116,0.9999356269836426,3.159046173095703e-05,clahe,none
D:\BTECH\PlantDiseaseProject\dataset\val\Tomato___Spider_mites Two-spotted_spider_mite\085cdef7-8892-4873-a0e7-5715082762d0___Com.G_SpM_FL 8650.JPG,0.442842572927475,0.19074031710624695,0.9223676323890686,0.001983642578125,1.52587890625e-05,0.5882353186607361,0.9999980926513672,0.9999980926513672,0.0,none,none
D:\BTECH\PlantDiseaseProject\dataset\val\Tomato___Spider_mites Two-spotted_spider_mite\08672d79-7f11-4900-9e12-aad35778f463___Com.G_SpM_FL 8753.JPG,0.42595478892326355,0.24790126085281372,0.9394605159759521,0.006103515625,1.52587890625e-05,0.6941176652908325,0.9997934699058533,0.9998911619186401,9.769201278686523e-05,gamma_dark,none
D:\BTECH\PlantDiseaseProject\dataset\val\Tomato___Spider_mites Two-spotted_spider_mite\0889ce0b-097f-4824-a46e-7ed9a01a4862___Com.G_SpM_FL 1435.JPG,0.524757981300354,0.2156936079263687,0.9511281251907349,0.000732421875,0.0007781982421875,0.7254902124404907,0.9706960916519165,0.9971115589141846,0.026415467262268066,clahe,clahe
D:\BTECH\PlantDiseaseProject\dataset\val\Tomato___Spider_mites Two-spotted_spider_mite\08e9a879-8784-4775-aeef-21fbd62dd08e___Com.G_SpM_FL 8513.JPG,0.4618159532546997,0.23539316654205322,0.934061586856842,0.0025787353515625,0.0,0.6784313917160034,0.9996720552444458,0.9996720552444458,0.0,none,none
D:\BTECH\PlantDiseaseProject\dataset\val\Tomato___Spider_mites Two-spotted_spider_mite\0ad80523-3f34-41ae-aec8-e676546ddde5___Com.G_SpM_FL 8489.JPG,0.4456852674484253,0.24592725932598114,0.9381887912750244,0.00244140625,0.0,0.6941176652908325,0.9999847412109375,0.9999946355819702,9.894371032714844e-06,clahe,none
D:\BTECH\PlantDiseaseProject\dataset\val\Tomato___Spider_mites Two-spotted_spider_mite\0b17e71c-fee6-4b5e-9a7d-8ba44d29215f___Com.G_SpM_FL 8549.JPG,0.4820810556411743,0.23092925548553467,0.9533175230026245,0.0031280517578125,0.0001220703125,0.7137255072593689,0.1426207423210144,0.2138671875,0.0712464451789856,gamma_dark,gamma_dark
D:\BTECH\PlantDiseaseProject\dataset\val\Tomato___Spider_mites Two-spotted_spider_mite\0c817d69-a13f-47d9-be7b-a17eea45774d___Com.G_SpM_FL 8613.JPG,0.4370088577270508,0.1852092146873474,0.9222671985626221,0.0021820068359375,3.0517578125e-05,0.5921568870544434,0.9996634721755981,0.9998162388801575,0.00015276670455932617,gamma_dark,none
D:\BTECH\PlantDiseaseProject\dataset\val\Tomato___Spider_mites Two-spotted_spider_mite\0d6a202a-046f-47b2-beec-cc6a1e7deae6___Com.G_SpM_FL 8937.JPG,0.4833221435546875,0.1805279403924942,0.9216115474700928,0.0009613037109375,3.0517578125e-05,0.5764706134796143,0.9999672174453735,0.9999831914901733,1.5974044799804688e-05,gamma_dark,none
D:\BTECH\PlantDiseaseProject\dataset\val\Tomato___Spider_mites Two-spotted_spider_mite\0d956449-8243-4229-b293-124461cc4940___Com.G_SpM_FL 9325.JPG,0.5200860500335693,0.14739052951335907,0.8945854902267456,0.0003662109375,0.0,0.5058823823928833,0.9999997615814209,0.9999997615814209,0.0,none,none
D:\BTECH\PlantDiseaseProject\dataset\val\Tomato___Spider_mites Two-spotted_spider_mite\0db2da38-8650-461a-a785-814cc442f44d___Com.G_SpM_FL 1378.JPG,0.5714085102081299,0.18332752585411072,0.9279913902282715,0.0002899169921875,0.000640869140625,0.6431372761726379,0.9999961853027344,0.9999979734420776,1.7881393432617188e-06,gamma_bright,none
D:\BTECH\PlantDiseaseProject\dataset\val\Tomato___Spider_mites Two-spotted_spider_mite\0e05cc2b-1209-4a5a-9ae1-26b3dd13204b___Com.G_SpM_FL 8428.JPG,0.40394479036331177,0.18398083746433258,0.8866986036300659,0.000457763671875,0.0,0.529411792755127,0.9999628067016602,0.9999628067016602,0.0,none,none
D:\BTECH\PlantDiseaseProject\dataset\val\Tomato___Spider_mites Two-spotted_spider_mite\0e9318de-e920-4d2c-bb61-5ef0a628d273___Com.G_SpM_FL 9302.JPG,0.4206927418708801,0.12651750445365906,0.8532469272613525,9.1552734375e-05,0.0,0.38823533058166504,0.9999922513961792,0.9999964237213135,4.172325134277344e-06,clahe,none
D:\BTECH\PlantDiseaseProject\dataset\val\Tomato___Spider_mites Two-spotted_spider_mite\0eead1ad-106f-4bb7-8e9e-4ed03cdeb7ab___Com.G_SpM_FL 1319.JPG,0.524023175239563,0.15891152620315552,0.9082107543945312,0.000152587890625,0.0002899169921875,0.5568627715110779,0.9999979734420776,0.9999990463256836,1.0728836059570312e-06,gamma_bright,none
D:\BTECH\PlantDiseaseProject\dataset\val\Tomato___Spider_mites Two-spotted_spider_mite\11337458-8442-4322-b615-31a57e7a8323___Com.G_SpM_FL 8840.JPG,0.48210620880126953,0.18384043872356415,0.926695704460144,9.1552734375e-05,0.0001220703125,0.5921568870544434,0.9992627501487732,0.9996846914291382,0.00042194128036499023,hist_eq,none
D:\BTECH\PlantDiseaseProject\dataset\val\Tomato___Spider_mites Two-spotted_spider_mite\12d44209-1468-475a-abc1-26aed11f2ab5___Com.G_SpM_FL 8759.JPG,0.4750944972038269,0.2275603860616684,0.9454429149627686,0.0039825439453125,3.0517578125e-05,0.6823529601097107,0.9998469352722168,0.9999748468399048,0.00012791156768798828,gamma_dark,none
D:\BTECH\PlantDiseaseProject\dataset\val\Tomato___Spider_mites Two-spotted_spider_mite\13a2ffdb-0bf0-40e2-96f0-d8ce463a73d8___Com.G_SpM_FL 9300.JPG,0.44163376092910767,0.13434715569019318,0.8639549612998962,0.0001983642578125,0.0,0.4117647409439087,0.9999752044677734,0.9999867677688599,1.1563301086425781e-05,gamma_dark,none
D:\BTECH\PlantDiseaseProject\dataset\val\Tomato___Spider_mites Two-spotted_spider_mite\141ec6e2-9ff8-436c-9d18-9edb8b26d861___Com.G_SpM_FL 8644.JPG,0.48648881912231445,0.1952996701002121,0.9332283139228821,0.0020599365234375,9.1552734375e-05,0.6470588445663452,0.9965184926986694,0.9974835515022278,0.0009650588035583496,clahe,none
D:\BTECH\PlantDiseaseProject\dataset\val\Tomato___Spider_mites Two-spotted_spider_mite\145f452c-a852-4fcc-8c81-d59165ecb774___Com.G_SpM_FL 8776.JPG,0.4930942952632904,0.20622721314430237,0.9312580227851868,0.001678466796875,1.52587890625e-05,0.6392157077789307,0.9740821123123169,0.9807604551315308,0.006678342819213867,gamma_dark,none
D:\BTECH\PlantDiseaseProject\dataset\val\Tomato___Spider_mites Two-spotted_spider_mite\14ad9c80-2dcc-4ed3-85d8-84e5621af8ae___Com.G_SpM_FL 1276.JPG,0.540046215057373,0.1778011918067932,0.9163728356361389,0.0006561279296875,0.0009613037109375,0.6705882549285889,0.9999842643737793,0.9999947547912598,1.049041748046875e-05,gamma_bright,none
D:\BTECH\PlantDiseaseProject\dataset\val\Tomato___Spider_mites Two-spotted_spider_mite\14c0db1b-b549-4b15-82ae-9f88fe857365___Com.G_SpM_FL 9650.JPG,0.5302857756614685,0.14456255733966827,0.8925102949142456,0.000823974609375,1.52587890625e-05,0.45490196347236633,0.999882698059082,0.999882698059082,0.0,none,none
D:\BTECH\PlantDiseaseProject\dataset\val\Tomato___Spider_mites Two-spotted_spider_mite\15b12baa-1e1f-4105-9c7a-6efd0bf0aa56___Com.G_SpM_FL 1701.JPG,0.5185943245887756,0.1975393444299698,0.9344608783721924,0.0006866455078125,0.0003814697265625,0.6666666865348816,0.9999902248382568,0.999992847442627,2.6226043701171875e-06,hist_eq,none
D:\BTECH\PlantDiseaseProject\dataset\val\Tomato___Spider_mites Two-spotted_spider_mite\174b7a43-238b-4f06-84b0-d00b35857bb3___Com.G_SpM_FL 9267.JPG,0.5425834655761719,0.19156278669834137,0.9304126501083374,0.0001068115234375,0.0004425048828125,0.6313725709915161,0.9999985694885254,0.9999985694885254,0.0,none,none
D:\BTECH\PlantDiseaseProject\dataset\val\Tomato___Spider_mites Two-spotted_spider_mite\1954b3c0-6f93-40ee-9618-4efafe5d7b87___Com.G_SpM_FL 8961.JPG,0.45360150933265686,0.17513523995876312,0.9128140211105347,0.0029754638671875,3.0517578125e-05,0.5803921818733215,0.9999809265136719,0.9999890327453613,8.106231689453125e-06,gamma_dark,none
D:\BTECH\PlantDiseaseProject\dataset\val\Tomato___Spider_mites Two-spotted_spider_mite\1b43c451-503f-446e-9e31-dcfd3544fbcd___Com.G_SpM_FL 1245.JPG,0.5320614576339722,0.19860512018203735,0.9340193271636963,0.0003509521484375,0.0010833740234375,0.6666666865348816,0.9999570846557617,0.999987006187439,2.9921531677246094e-05,hist_eq,none
D:\BTECH\PlantDiseaseProject\dataset\val\Tomato___Spider_mites Two-spotted_spider_mite\1d7a6c32-da22-42a0-8dca-85b758836bc6___Com.G_SpM_FL 1452.JPG,0.5713849067687988,0.1597290188074112,0.9000051021575928,0.0001373291015625,0.000213623046875,0.5333333015441895,0.9999796152114868,0.9999908208847046,1.1205673217773438e-05,gamma_dark,none
D:\BTECH\PlantDiseaseProject\dataset\val\Tomato___Spider_mites Two-spotted_spider_mite\1dac8b31-ebbc-4ff5-965c-19f58c368e9e___Com.G_SpM_FL 8843.JPG,0.4667277932167053,0.1943063884973526,0.9259183406829834,0.00048828125,0.000152587890625,0.6117647290229797,0.9996028542518616,0.9998568296432495,0.00025397539138793945,gamma_dark,none
D:\BTECH\PlantDiseaseProject\dataset\val\Tomato___Spider_mites Two-spotted_spider_mite\1dba797c-45b1-4509-8326-753cf2cf7ebe___Com.G_SpM_FL 8515.JPG,0.45149585604667664,0.24096451699733734,0.9212908744812012,0.0008087158203125,3.0517578125e-05,0.6666666865348816,0.9999432563781738,0.9999555349349976,1.2278556823730469e-05,gamma_dark,none
D:\BTECH\PlantDiseaseProject\dataset\val\Tomato___Spider_mites Two-spotted_spider_mite\1e802d57-3ff5-4527-8c9a-b1b764d6ccc9___Com.G_SpM_FL 1522.JPG,0.5042687654495239,0.18366847932338715,0.9367898106575012,0.001861572265625,0.0003509521484375,0.6352941393852234,0.9999854564666748,0.9999912977218628,5.841255187988281e-06,clahe,none
D:\BTECH\PlantDiseaseProject\dataset\val\Tomato___Spider_mites Two-spotted_spider_mite\1ea67ad6-cd45-45f3-a5a0-30474042f0fc___Com.G_SpM_FL 9389.JPG,0.5101056098937988,0.14821630716323853,0.893069863319397,0.0008544921875,0.0,0.5137255191802979,0.9999974966049194,0.9999986886978149,1.1920928955078125e-06,gamma_bright,none
D:\BTECH\PlantDiseaseProject\dataset\val\Tomato___Spider_mites Two-spotted_spider_mite\1ff30221-d082-4dd3-ab7b-0028ecf897db___Com.G_SpM_FL 9608.JPG,0.5087385177612305,0.15106575191020966,0.8959858417510986,0.0011138916015625,0.0,0.501960813999176,0.9999995231628418,0.9999996423721313,1.1920928955078125e-07,gamma_bright,none
D:\BTECH\PlantDiseaseProject\dataset\val\Tomato___Spider_mites Two-spotted_spider_mite\273ebba7-4f24-41a2-a825-a997dd6cea5f___Com.G_SpM_FL 1521.JPG,0.53736412525177,0.17347517609596252,0.9290215969085693,0.0005035400390625,0.000335693359375,0.5764706134796143,0.9999663829803467,0.9999665021896362,1.1920928955078125e-07,gamma_dark,none
D:\BTECH\PlantDiseaseProject\dataset\val\Tomato___Spider_mites Two-spotted_spider_mite\28e17f4d-3d61-4a61-9be7-71aafd78864b___Com.G_SpM_FL 9312.JPG,0.5048695802688599,0.17743903398513794,0.9011237621307373,0.0009307861328125,6.103515625e-05,0.6470588445663452,0.999797523021698,0.9998121857643127,1.4662742614746094e-05,hist_eq,none
D:\BTECH\PlantDiseaseProject\dataset\val\Tomato___Spider_mites Two-spotted_spider_mite\2ac9a09c-b68a-4dba-a5c9-ae740fc9b8d4___Com.G_SpM_FL 9651.JPG,0.5291895270347595,0.16473686695098877,0.9005076885223389,0.0012969970703125,1.52587890625e-05,0.5490196347236633,0.9994018077850342,0.9994018077850342,0.0,none,none
D:\BTECH\PlantDiseaseProject\dataset\val\Tomato___Spider_mites Two-spotted_spider_mite\2b47c565-c37a-4bdb-baa9-b3721dbf9bb6___Com.G_SpM_FL 9326.JPG,0.4988173842430115,0.14704985916614532,0.8861555457115173,0.00054931640625,0.0,0.5372549295425415,0.999984622001648,0.999992847442627,8.225440979003906e-06,gamma_dark,none
D:\BTECH\PlantDiseaseProject\dataset\val\Tomato___Spider_mites Two-spotted_spider_mite\2c2f7f98-8c5b-4981-bb74-f827c5f963fe___Com.G_SpM_FL 8734.JPG,0.478681355714798,0.18011446297168732,0.9269105792045593,0.0022735595703125,1.52587890625e-05,0.6000000238418579,0.999990701675415,0.999990701675415,0.0,none,none
D:\BTECH\PlantDiseaseProject\dataset\val\Tomato___Spider_mites Two-spotted_spider_mite\2db25538-8655-4530-95e8-025d428e158c___Com.G_SpM_FL 9522.JPG,0.5432036519050598,0.16331328451633453,0.9098242521286011,0.0002593994140625,7.62939453125e-05,0.572549045085907,0.9999955892562866,0.9999959468841553,3.5762786865234375e-07,gamma_bright,none
D:\BTECH\PlantDiseaseProject\dataset\val\Tomato___Spider_mites Two-spotted_spider_mite\301b8b4c-f7d4-4626-b527-9f01cec643cf___Com.G_SpM_FL 8643.JPG,0.4035261869430542,0.23101653158664703,0.9042455554008484,0.0011138916015625,6.103515625e-05,0.6313725709915161,0.9999449253082275,0.9999480247497559,3.0994415283203125e-06,gamma_dark,none
D:\BTECH\PlantDiseaseProject\dataset\val\Tomato___Spider_mites Two-spotted_spider_mite\3049a6ad-905d-4a96-92b4-2ec045c397a1___Com.G_SpM_FL 8796.JPG,0.33978271484375,0.17410671710968018,0.9087721705436707,0.0057525634765625,0.0,0.5411764979362488,0.9997419714927673,0.9999325275421143,0.00019055604934692383,gamma_dark,none
D:\BTECH\PlantDiseaseProject\dataset\val\Tomato___Spider_mites Two-spotted_spider_mite\3237c6fb-59b2-404a-8cbc-81f5e61304d0___Com.G_SpM_FL 8611.JPG,0.44109198451042175,0.22493354976177216,0.9390906095504761,0.00384521484375,6.103515625e-05,0.6666666865348816,0.9998088479042053,0.9999569654464722,0.0001481175422668457,clahe,none
D:\BTECH\PlantDiseaseProject\dataset\val\Tomato___Spider_mites Two-spotted_spider_mite\326a53b6-1d92-475a-9a30-4fc70754eacf___Com.G_SpM_FL 8883.JPG,0.43575626611709595,0.21324193477630615,0.9395897388458252,0.003631591796875,0.0001068115234375,0.6392157077789307,0.9999960660934448,0.9999974966049194,1.430511474609375e-06,gamma_dark,none
D:\BTECH\PlantDiseaseProject\dataset\val\Tomato___Spider_mites Two-spotted_spider_mite\3472596b-2763-4b57-a0af-43c294f7ba93___Com.G_SpM_FL 1575.JPG,0.5075335502624512,0.19773496687412262,0.9186066389083862,0.000885009765625,0.0009002685546875,0.6784313917160034,0.9991666078567505,0.9998443126678467,0.0006777048110961914,gamma_dark,none
D:\BTECH\PlantDiseaseProject\dataset\val\Tomato___Spider_mites Two-spotted_spider_mite\35cff873-5b93-4de6-9790-783f42cd6b5d___Com.G_SpM_FL 8779.JPG,0.483079195022583,0.2080378383398056,0.9296478629112244,0.0020599365234375,1.52587890625e-05,0.6235294342041016,0.9998840093612671,0.9999738931655884,8.988380432128906e-05,gamma_dark,none
D:\BTECH\PlantDiseaseProject\dataset\val\Tomato___Spider_mites Two-spotted_spider_mite\35d2a711-e171-495c-b030-369f556b6db5___Com.G_SpM_FL 1450.JPG,0.5577377676963806,0.15951858460903168,0.8961467742919922,0.0002593994140625,0.0002593994140625,0.5607843399047852,0.9999985694885254,0.999998927116394,3.5762786865234375e-07,gamma_bright,none
D:\BTECH\PlantDiseaseProject\dataset\val\Tomato___Spider_mites Two-spotted_spider_mite\3893e563-9bd6-4df6-a8e5-1488a680bb8b___Com.G_SpM_FL 1572.JPG,0.5326524972915649,0.19722552597522736,0.9199806451797485,0.0012054443359375,0.0001983642578125,0.6745098233222961,0.9995695948600769,0.9999121427536011,0.0003425478935241699,hist_eq,none
D:\BTECH\PlantDiseaseProject\dataset\val\Tomato___Spider_mites Two-spotted_spider_mite\39528564-9273-41d9-96d4-2170096eb649___Com.G_SpM_FL 8756.JPG,0.49930647015571594,0.22439387440681458,0.9480045437812805,0.0034027099609375,1.52587890625e-05,0.7176470756530762,0.9999926090240479,0.9999947547912598,2.1457672119140625e-06,clahe,none
D:\BTECH\PlantDiseaseProject\dataset\val\Tomato___Spider_mites Two-spotted_spider_mite\3960b465-88b7-4198-97dd-42eaac16065f___Com.G_SpM_FL 8419.JPG,0.4602891802787781,0.20226474106311798,0.9120252728462219,0.000213623046875,0.0,0.6000000238418579,0.9999816417694092,0.9999841451644897,2.5033950805664062e-06,gamma_bright,none
D:\BTECH\PlantDiseaseProject\dataset\val\Tomato___Spider_mites Two-spotted_spider_mite\39f1d7a1-98b3-48b8-91eb-3fed9bbbc6d4___Com.G_SpM_FL 1556.JPG,0.547284722328186,0.15925630927085876,0.9064466953277588,0.00018310546875,9.1552734375e-05,0.5411764979362488,0.9999827146530151,0.9999886751174927,5.9604644775390625e-06,hist_eq,none
D:\BTECH\PlantDiseaseProject\dataset\val\Tomato___Spider_mites Two-spotted_spider_mite\3b62abc2-b01e-4a47-bc67-fd677a3840fe___Com.G_SpM_FL 8787.JPG,0.48032838106155396,0.20011667907238007,0.9339463710784912,0.001800537109375,0.0001068115234375,0.6313725709915161,0.9999910593032837,0.9999980926513672,7.033348083496094e-06,gamma_dark,none
D:\BTECH\PlantDiseaseProject\dataset\val\Tomato___Spider_mites Two-spotted_spider_mite\3c0df0a9-32f7-4f30-9b50-09aac666701e___Com.G_SpM_FL 8422.JPG,0.43219003081321716,0.22530019283294678,0.8931090831756592,0.0002899169921875,1.52587890625e-05,0.6235294342041016,0.9841743111610413,0.9904986023902893,0.006324291229248047,gamma_dark,none
D:\BTECH\PlantDiseaseProject\dataset\val\Tomato___Spider_mites Two-spotted_spider_mite\3ca50b98-7e7c-4164-b53f-abf3c28b513f___Com.G_SpM_FL 1740.JPG,0.5177260637283325,0.20852413773536682,0.9431813955307007,0.0025177001953125,0.0005645751953125,0.6784313917160034,0.9999245405197144,0.9999581575393677,3.361701965332031e-05,gamma_bright,none
D:\BTECH\PlantDiseaseProject\dataset\val\Tomato___Spider_mites Two-spotted_spider_mite\4007ccf0-3110-42bb-af17-3bcb34a30575___Com.G_SpM_FL 1320.JPG,0.5075711011886597,0.1758052557706833,0.91307133436203,0.000396728515625,0.0003204345703125,0.6313725709915161,0.9999996423721313,0.9999997615814209,1.1920928955078125e-07,gamma_bright,none
D:\BTECH\PlantDiseaseProject\dataset\val\Tomato___Spider_mites Two-spotted_spider_mite\4024f51d-f79c-44dc-8ab9-61adf6005644___Com.G_SpM_FL 1248.JPG,0.5051815509796143,0.19542287290096283,0.940265417098999,0.000396728515625,0.00177001953125,0.6784313917160034,0.9999533891677856,0.9999666213989258,1.3232231140136719e-05,gamma_dark,none
D:\BTECH\PlantDiseaseProject\dataset\val\Tomato___Spider_mites Two-spotted_spider_mite\416c7502-7038-43fb-a700-d11d8a54cafb___Com.G_SpM_FL 9025.JPG,0.44610267877578735,0.20894286036491394,0.931023895740509,0.0004730224609375,3.0517578125e-05,0.6196078658103943,0.9996201992034912,0.9996201992034912,0.0,none,none
D:\BTECH\PlantDiseaseProject\dataset\val\Tomato___Spider_mites Two-spotted_spider_mite\421b6662-c258-4c0d-b036-f42bf389c930___Com.G_SpM_FL 1763.JPG,0.5557989478111267,0.1610511988401413,0.9092641472816467,0.00048828125,0.0001983642578125,0.5529412031173706,0.9999992847442627,0.9999994039535522,1.1920928955078125e-07,gamma_dark,none
D:\BTECH\PlantDiseaseProject\dataset\val\Tomato___Spider_mites Two-spotted_spider_mite\42dfc224-c909-4d99-ba6b-7f88129f6708___Com.G_SpM_FL 8735.JPG,0.44309473037719727,0.1887277364730835,0.9245948791503906,0.001861572265625,3.0517578125e-05,0.6039215922355652,0.9999945163726807,0.9999961853027344,1.6689300537109375e-06,gamma_dark,none
D:\BTECH\PlantDiseaseProject\dataset\val\Tomato___Spider_mites Two-spotted_spider_mite\43723714-f919-49eb-a0c5-0dd8b1aacf1f___Com.G_SpM_FL 1232.JPG,0.4806751012802124,0.18430639803409576,0.9284294843673706,0.0011138916015625,0.0005950927734375,0.6196078658103943,0.9999891519546509,0.9999945163726807,5.364418029785156e-06,gamma_dark,none
D:\BTECH\PlantDiseaseProject\dataset\val\Tomato___Spider_mites Two-spotted_spider_mite\44051fdf-8fde-4c5a-8580-119c129b45b1___Com.G_SpM_FL 8945.JPG,0.42533034086227417,0.21534262597560883,0.9294672012329102,0.0009307861328125,6.103515625e-05,0.6313725709915161,0.9999456405639648,0.9999749660491943,2.9325485229492188e-05,gamma_dark,none
D:\BTECH\PlantDiseaseProject\dataset\val\Tomato___Spider_mites Two-spotted_spider_mite\448ddf37-5f6a-4197-8e41-94a956001532___Com.G_SpM_FL 9313.JPG,0.5027822256088257,0.15412110090255737,0.9080244302749634,0.0003509521484375,7.62939453125e-05,0.5333333611488342,0.9999363422393799,0.9999363422393799,0.0,none,none
D:\BTECH\PlantDiseaseProject\dataset\val\Tomato___Spider_mites Two-spotted_spider_mite\44dce7b4-5da6-4f1f-8e5d-9e3e5df7b1af___Com.G_SpM_FL 1687.JPG,0.5190547704696655,0.16228622198104858,0.9122625589370728,0.0002899169921875,0.000457763671875,0.5803921818733215,0.947097897529602,0.9857330322265625,0.03863513469696045,clahe,clahe
D:\BTECH\PlantDiseaseProject\dataset\val\Tomato___Spider_mites Two-spotted_spider_mite\4507779d-5b5d-4c5d-83d4-8eea46679249___Com.G_SpM_FL 9324.JPG,0.5715278387069702,0.1593637764453888,0.885041356086731,0.000640869140625,0.0,0.5372549295425415,0.9998792409896851,0.9999188184738159,3.9577484130859375e-05,gamma_dark,none
D:\BTECH\PlantDiseaseProject\dataset\val\Tomato___Spider_mites Two-spotted_spider_mite\450cb7b3-5489-4fe1-8897-491d70e9d1a4___Com.G_SpM_FL 8415.JPG,0.4361083507537842,0.18307870626449585,0.8984400033950806,0.00140380859375,0.0,0.5568627715110779,0.9999840259552002,0.9999902248382568,6.198883056640625e-06,gamma_bright,none
D:\BTECH\PlantDiseaseProject\dataset\val\Tomato___Spider_mites Two-spotted_spider_mite\45d0aca4-ce49-43cb-af35-99ac8d283930___Com.G_SpM_FL 1459.JPG,0.5268610715866089,0.20670560002326965,0.9406111240386963,0.001739501953125,0.0001373291015625,0.7019608020782471,0.9999511241912842,0.9999767541885376,2.562999725341797e-05,gamma_dark,none
D:\BTECH\PlantDiseaseProject\dataset\val\Tomato___Spider_mites Two-spotted_spider_mite\45ff7721-483b-4737-9645-db7bc14f451f___Com.G_SpM_FL 1190.JPG,0.5235474109649658,0.1685740053653717,0.9143800735473633,0.000732421875,0.0002899169921875,0.6078431606292725,0.9999972581863403,0.9999980926513672,8.344650268554688e-07,gamma_bright,none
D:\BTECH\PlantDiseaseProject\dataset\val\Tomato___Spider_mites Two-spotted_spider_mite\466043c2-30e9-4ac4-a8c7-89b56a43fbbb___Com.G_SpM_FL 1275.JPG,0.5661628842353821,0.16951493918895721,0.9185329675674438,0.000396728515625,0.0002288818359375,0.5882353186607361,0.999948263168335,0.9999891519546509,4.088878631591797e-05,hist_eq,none
D:\BTECH\PlantDiseaseProject\dataset\val\Tomato___Spider_mites Two-spotted_spider_mite\46aff4bf-7ab8-4a46-95d0-cc3a2007207a___Com.G_SpM_FL 1558.JPG,0.554984450340271,0.15543657541275024,0.9027034640312195,0.00030517578125,9.1552734375e-05,0.5333333611488342,0.9999986886978149,0.9999990463256836,3.5762786865234375e-07,gamma_bright,none
D:\BTECH\PlantDiseaseProject\dataset\val\Tomato___Spider_mites Two-spotted_spider_mite\47b9fa43-926d-496f-9315-d0abd74a0802___Com.G_SpM_FL 9041.JPG,0.5081164240837097,0.18201641738414764,0.908545196056366,0.0001678466796875,1.52587890625e-05,0.5686274766921997,0.9999865293502808,0.9999865293502808,0.0,none,none
D:\BTECH\PlantDiseaseProject\dataset\val\Tomato___Spider_mites Two-spotted_spider_mite\47bc86dc-bf8a-4d57-8093-376ead20ad7d___Com.G_SpM_FL 1272.JPG,0.5248201489448547,0.1961253434419632,0.9264106154441833,0.0016326904296875,0.0003204345703125,0.6823529601097107,0.9999901056289673,0.9999901056289673,0.0,none,none
D:\BTECH\PlantDiseaseProject\dataset\val\Tomato___Spider_mites Two-spotted_spider_mite\47f32cb8-f809-408c-b6cb-2e9494e244a2___Com.G_SpM_FL 8490.JPG,0.4804859161376953,0.1946701556444168,0.9205833673477173,0.00177001953125,3.0517578125e-05,0.6274510025978088,0.9999978542327881,0.9999978542327881,0.0,none,none
D:\BTECH\PlantDiseaseProject\dataset\val\Tomato___Spider_mites Two-spotted_spider_mite\4ac9c932-72ee-45a7-8602-8fc1923e9e8e___Com.G_SpM_FL 9265.JPG,0.3930649757385254,0.15954206883907318,0.8726718425750732,0.0009765625,0.0,0.4784314036369324,0.9857975840568542,0.9947171807289124,0.008919596672058105,gamma_dark,none
D:\BTECH\PlantDiseaseProject\dataset\val\Tomato___Spider_mites Two-spotted_spider_mite\4ad85b66-43f0-476f-aee4-a320e793a42f___Com.G_SpM_FL 8645.JPG,0.41046589612960815,0.223318949341774,0.9275921583175659,0.0117034912109375,4.57763671875e-05,0.658823549747467,0.9967191815376282,0.9967191815376282,0.0,none,none
D:\BTECH\PlantDiseaseProject\dataset\val\Tomato___Spider_mites Two-spotted_spider_mite\4ceaac12-5d26-494a-be0a-6f7e747a02c2___Com.G_SpM_FL 8963.JPG,0.45776596665382385,0.16537193953990936,0.905137300491333,0.0028839111328125,6.103515625e-05,0.5607843399047852,0.9999856948852539,0.9999856948852539,0.0,none,none
D:\BTECH\PlantDiseaseProject\dataset\val\Tomato___Spider_mites Two-spotted_spider_mite\4d6d5c99-09de-4dea-a9af-802ce6a095b8___Com.G_SpM_FL 9649.JPG,0.5262650847434998,0.1477220058441162,0.8857086300849915,0.0009918212890625,1.52587890625e-05,0.4901961088180542,0.9986233711242676,0.9995923638343811,0.0009689927101135254,hist_eq,none
D:\BTECH\PlantDiseaseProject\dataset\val\Tomato___Spider_mites Two-spotted_spider_mite\4d9645fa-c250-4224-b730-21710bf11596___Com.G_SpM_FL 8755.JPG,0.4532683491706848,0.25334402918815613,0.9501824378967285,0.001800537109375,0.0001983642578125,0.7215686440467834,0.9997755885124207,0.9998413324356079,6.574392318725586e-05,clahe,none
D:\BTECH\PlantDiseaseProject\dataset\val\Tomato___Spider_mites Two-spotted_spider_mite\4e567e3a-d2fe-4eb2-be86-daa1e4a95052___Com.G_SpM_FL 8608.JPG,0.503788411617279,0.21746598184108734,0.9468833804130554,0.000701904296875,1.52587890625e-05,0.6745098233222961,0.9999858140945435,0.9999884366989136,2.6226043701171875e-06,gamma_bright,none
D:\BTECH\PlantDiseaseProject\dataset\val\Tomato___Spider_mites Two-spotted_spider_mite\4fb1b62d-f244-4198-8643-27a14678180c___Com.G_SpM_FL 8642.JPG,0.46005940437316895,0.20104315876960754,0.9203076362609863,0.0024566650390625,0.0,0.6274510025978088,0.9999953508377075,0.9999953508377075,0.0,none,none
D:\BTECH\PlantDiseaseProject\dataset\val\Tomato___Spider_mites Two-spotted_spider_mite\50b4552e-8ef9-447f-bec0-06bc30de86e3___Com.G_SpM_FL 1686.JPG,0.4992705285549164,0.17777368426322937,0.9243794083595276,0.00103759765625,0.00042724609375,0.6000000238418579,0.9893738627433777,0.9971857666969299,0.007811903953552246,gamma_dark,none
D:\BTECH\PlantDiseaseProject\dataset\val\Tomato___Spider_mites Two-spotted_spider_mite\551162cb-5559-4805-9ab9-a2c597df47b4___Com.G_SpM_FL 1274.JPG,0.5165407061576843,0.19301249086856842,0.9266720414161682,0.00048828125,0.0008087158203125,0.6823529601097107,0.9999122619628906,0.9999526739120483,4.0411949157714844e-05,hist_eq,none
D:\BTECH\PlantDiseaseProject\dataset\val\Tomato___Spider_mites Two-spotted_spider_mite\5618d5c6-1428-4c65-a1de-5dc814f6626d___Com.G_SpM_FL 9026.JPG,0.4713955521583557,0.18245290219783783,0.9294207096099854,0.0012359619140625,1.52587890625e-05,0.5882353186607361,0.9999713897705078,0.9999722242355347,8.344650268554688e-07,gamma_dark,none
D:\BTECH\PlantDiseaseProject\dataset\val\Tomato___Spider_mites Two-spotted_spider_mite\57c860fb-5102-433d-a7ec-09e540fb4866___Com.G_SpM_FL 1688.JPG,0.4941265881061554,0.179373100399971,0.9208527207374573,0.000396728515625,0.00030517578125,0.6196078658103943,0.9999244213104248,0.9999829530715942,5.8531761169433594e-05,gamma_dark,none
D:\BTECH\PlantDiseaseProject\dataset\val\Tomato___Spider_mites Two-spotted_spider_mite\5a6127d7-01c4-45a4-8ee9-fa61266f57e4___Com.G_SpM_FL 1574.JPG,0.5164198875427246,0.1824381798505783,0.9247190952301025,0.0010833740234375,0.0001373291015625,0.6039215922355652,0.9999841451644897,0.9999862909317017,2.1457672119140625e-06,gamma_dark,none
D:\BTECH\PlantDiseaseProject\dataset\val\Tomato___Spider_mites Two-spotted_spider_mite\5b7d7af1-b710-4d56-ac06-e4c413321f9c___Com.G_SpM_FL 1557.JPG,0.5193077921867371,0.18629322946071625,0.9324140548706055,0.0006866455078125,0.0002593994140625,0.6431372761726379,0.9999967813491821,0.9999971389770508,3.5762786865234375e-07,gamma_dark,none
D:\BTECH\PlantDiseaseProject\dataset\val\Tomato___Spider_mites Two-spotted_spider_mite\5ce665bf-79e1-4769-847b-4b8f996eb770___Com.G_SpM_FL 8785.JPG,0.45439639687538147,0.19478818774223328,0.924562394618988,0.0015106201171875,0.0001373291015625,0.6039215922355652,0.9999862909317017,0.999995231628418,8.940696716308594e-06,clahe,none
D:\BTECH\PlantDiseaseProject\dataset\val\Tomato___Spider_mites Two-spotted_spider_mite\5e28726c-2195-49d1-bce4-e84dde076d76___Com.G_SpM_FL 1587.JPG,0.5059000849723816,0.1651110202074051,0.9093863368034363,0.0014495849609375,0.0003814697265625,0.5921568870544434,0.9994725584983826,0.9999103546142578,0.00043779611587524414,hist_eq,none
D:\BTECH\PlantDiseaseProject\dataset\val\Tomato___Spider_mites Two-spotted_spider_mite\6217205d-283e-4ee9-9b4a-15d4eed299c9___Com.G_SpM_FL 1737.JPG,0.48999857902526855,0.20130224525928497,0.9348242878913879,0.00177001953125,0.000152587890625,0.6392157077789307,0.9996943473815918,0.9998503923416138,0.00015604496002197266,gamma_dark,none
D:\BTECH\PlantDiseaseProject\dataset\val\Tomato___Spider_mites Two-spotted_spider_mite\63d168ad-84fa-43b7-8da8-c8a0ee3928e8___Com.G_SpM_FL 9042.JPG,0.4649850130081177,0.1795273721218109,0.9219815135002136,3.0517578125e-05,7.62939453125e-05,0.5607843399047852,0.9999310970306396,0.9999310970306396,0.0,none,none
D:\BTECH\PlantDiseaseProject\dataset\val\Tomato___Spider_mites Two-spotted_spider_mite\6a16f6d3-b936-45d6-b916-520f1031f590___Com.G_SpM_FL 8512.JPG,0.5175039768218994,0.20399309694766998,0.9302919507026672,0.001190185546875,0.0001068115234375,0.6666666865348816,0.9999959468841553,0.9999966621398926,7.152557373046875e-07,gamma_bright,none
D:\BTECH\PlantDiseaseProject\dataset\val\Tomato___Spider_mites Two-spotted_spider_mite\6a43a558-3440-4a1b-b7b4-ea49dc9be6c6___Com.G_SpM_FL 8615.JPG,0.4548622965812683,0.20430363714694977,0.9250142574310303,0.00274658203125,4.57763671875e-05,0.6274510025978088,0.9991655349731445,0.999669075012207,0.0005035400390625,hist_eq,none
D:\BTECH\PlantDiseaseProject\dataset\val\Tomato___Spider_mites Two-spotted_spider_mite\6af48596-04c6-4c72-9c6b-665ae0ca9781___Com.G_SpM_FL 9388.JPG,0.5117315053939819,0.1655706912279129,0.904273271560669,0.0008544921875,0.0,0.529411792755127,0.9999823570251465,0.9999915361404419,9.179115295410156e-06,hist_eq,none
D:\BTECH\PlantDiseaseProject\dataset\val\Tomato___Spider_mites Two-spotted_spider_mite\6bf31bc7-0d00-4303-a3d5-20733c36fa5d___Com.G_SpM_FL 1761.JPG,0.5258363485336304,0.1632343828678131,0.9055180549621582,0.000152587890625,6.103515625e-05,0.5882353186607361,0.9999638795852661,0.9999808073043823,1.6927719116210938e-05,hist_eq,none
D:\BTECH\PlantDiseaseProject\dataset\val\Tomato___Spider_mites Two-spotted_spider_mite\6cc782cb-b61e-40a1-8feb-bb205a36c161___Com.G_SpM_FL 1437.JPG,0.5138155221939087,0.21181470155715942,0.9240598678588867,0.0007781982421875,4.57763671875e-05,0.7215686440467834,0.9993652701377869,0.999947190284729,0.0005819201469421387,hist_eq,none
D:\BTECH\PlantDiseaseProject\dataset\val\Tomato___Spider_mites Two-spotted_spider_mite\6cd3ec63-53fd-419e-b0b8-f48197586d99___Com.G_SpM_FL 1269.JPG,0.5586696267127991,0.1604822725057602,0.902760922908783,0.000335693359375,0.0001983642578125,0.5803921818733215,0.9999774694442749,0.9999885559082031,1.1086463928222656e-05,gamma_bright,none
D:\BTECH\PlantDiseaseProject\dataset\val\Tomato___Spider_mites Two-spotted_spider_mite\6e5b18bd-8144-40cd-ab73-56e2f6810d31___Com.G_SpM_FL 1460.JPG,0.5556624531745911,0.19394885003566742,0.9407858848571777,0.00042724609375,0.00018310546875,0.6823529601097107,0.999974250793457,0.9999842643737793,1.0013580322265625e-05,clahe,none
D:\BTECH\PlantDiseaseProject\dataset\val\Tomato___Spider_mites Two-spotted_spider_mite\6f12dc84-08a1-4e68-8265-1974061ba939___Com.G_SpM_FL 8430.JPG,0.4136353135108948,0.21411900222301483,0.9183105230331421,0.0014801025390625,0.0,0.6117647290229797,0.9951719641685486,0.9962242841720581,0.0010523200035095215,gamma_dark,none
D:\BTECH\PlantDiseaseProject\dataset\val\Tomato___Spider_mites Two-spotted_spider_mite\6f1c964b-e83a-4569-b700-d79b98a5e64c___Com.G_SpM_FL 1703.JPG,0.4775315523147583,0.18276146054267883,0.9324237704277039,0.0008087158203125,0.0001678466796875,0.615686297416687,0.9999918937683105,0.9999935626983643,1.6689300537109375e-06,gamma_dark,none
D:\BTECH\PlantDiseaseProject\dataset\val\Tomato___Spider_mites Two-spotted_spider_mite\71b5e34d-a0e2-46d4-9268-d9c55d6b763d___Com.G_SpM_FL 1738.JPG,0.4546165466308594,0.193599671125412,0.9292888641357422,0.0020599365234375,0.0001678466796875,0.6196078658103943,0.993034839630127,0.997793436050415,0.004758596420288086,gamma_dark,none
D:\BTECH\PlantDiseaseProject\dataset\val\Tomato___Spider_mites Two-spotted_spider_mite\74433374-b410-426c-8752-c0e4ea7c9f71___Com.G_SpM_FL 8641.JPG,0.40943658351898193,0.23953373730182648,0.9273737668991089,0.0038299560546875,4.57763671875e-05,0.6784313917160034,0.9999889135360718,0.9999942779541016,5.364418029785156e-06,gamma_bright,none
D:\BTECH\PlantDiseaseProject\dataset\val\Tomato___Spider_mites Two-spotted_spider_mite\7580fbd3-79a7-494b-8387-d2a11aa16ce7___Com.G_SpM_FL 1290.JPG,0.5388011932373047,0.19279155135154724,0.9180231094360352,0.001678466796875,0.0001068115234375,0.6833333373069763,0.9999748468399048,0.9999898672103882,1.5020370483398438e-05,gamma_bright,none
D:\BTECH\PlantDiseaseProject\dataset\val\Tomato___Spider_mites Two-spotted_spider_mite\75c39e92-9f7a-4266-b6bb-56bb3cd48dcb___Com.G_SpM_FL 9523.JPG,0.5236038565635681,0.1549547016620636,0.9016908407211304,0.0004425048828125,0.0,0.5137255191802979,0.9999896287918091,0.999991774559021,2.1457672119140625e-06,gamma_dark,none
D:\BTECH\PlantDiseaseProject\dataset\val\Tomato___Spider_mites Two-spotted_spider_mite\75ff9553-3292-4a04-b856-2268da814f68___Com.G_SpM_FL 8548.JPG,0.5051332712173462,0.223951056599617,0.9511857628822327,0.0040130615234375,4.57763671875e-05,0.6941176652908325,0.7641722559928894,0.893053412437439,0.12888115644454956,gamma_dark,gamma_dark
D:\BTECH\PlantDiseaseProject\dataset\val\Tomato___Spider_mites Two-spotted_spider_mite\76f1127e-8d3c-49d9-a2ae-42345be1ef88___Com.G_SpM_FL 1380.JPG,0.558965802192688,0.17763566970825195,0.9234436750411987,0.0018463134765625,0.000396728515625,0.6196078658103943,0.9999953508377075,0.9999971389770508,1.7881393432617188e-06,hist_eq,none
D:\BTECH\PlantDiseaseProject\dataset\val\Tomato___Spider_mites Two-spotted_spider_mite\77b6e3f2-05f2-4fb7-9263-a30d5ddce78f___Com.G_SpM_FL 1362.JPG,0.5632485747337341,0.1888439953327179,0.9207257032394409,0.00054931640625,7.62939453125e-05,0.6235294342041016,0.9998692274093628,0.999909520149231,4.029273986816406e-05,hist_eq,none
D:\BTECH\PlantDiseaseProject\dataset\val\Tomato___Spider_mites Two-spotted_spider_mite\789cd918-1324-45be-a616-e38f9ab50a48___Com.G_SpM_FL 1189.JPG,0.5418655872344971,0.16177859902381897,0.9160486459732056,0.0003204345703125,0.000152587890625,0.5607843399047852,0.9999943971633911,0.999996542930603,2.1457672119140625e-06,gamma_bright,none
D:\BTECH\PlantDiseaseProject\dataset\val\Tomato___Spider_mites Two-spotted_spider_mite\79d0c780-0b2c-45c2-ba3d-dea493a936e6___Com.G_SpM_FL 1192.JPG,0.5390644073486328,0.18067531287670135,0.928010106086731,0.000457763671875,0.0001983642578125,0.6392157077789307,0.9999672174453735,0.9999765157699585,9.298324584960938e-06,gamma_bright,none
D:\BTECH\PlantDiseaseProject\dataset\val\Tomato___Spider_mites Two-spotted_spider_mite\7cac5136-6213-4773-9803-4538751b8d54___Com.G_SpM_FL 9311.JPG,0.5387699604034424,0.14512291550636292,0.8946104645729065,0.000396728515625,1.52587890625e-05,0.47058823704719543,0.999863862991333,0.9999209642410278,5.710124969482422e-05,gamma_bright,none
D:\BTECH\PlantDiseaseProject\dataset\val\Tomato___Spider_mites Two-spotted_spider_mite\7dfca492-1ce1-45f6-85d6-8aaec359f6ac___Com.G_SpM_FL 1519.JPG,0.5456753373146057,0.19573059678077698,0.9403585195541382,0.0008392333984375,9.1552734375e-05,0.658823549747467,0.9999140501022339,0.9999626874923706,4.863739013671875e-05,clahe,none
D:\BTECH\PlantDiseaseProject\dataset\val\Tomato___Spider_mites Two-spotted_spider_mite\7ee332d2-c589-4d11-8602-e96a622bc4d1___Com.G_SpM_FL 1702.JPG,0.49257832765579224,0.19118104875087738,0.935361385345459,0.002044677734375,0.0004730224609375,0.658823549747467,0.9999959468841553,0.999997615814209,1.6689300537109375e-06,gamma_dark,none
D:\BTECH\PlantDiseaseProject\dataset\val\Tomato___Spider_mites Two-spotted_spider_mite\7f32903b-0b65-4e0c-9d7d-7b5b80197097___Com.G_SpM_FL 9606.JPG,0.5135883092880249,0.1603916585445404,0.8989536762237549,0.000396728515625,0.0,0.5098039507865906,0.999998927116394,0.9999995231628418,5.960464477539062e-07,gamma_bright,none
D:\BTECH\PlantDiseaseProject\dataset\val\Tomato___Spider_mites Two-spotted_spider_mite\80288a30-b830-4bb8-8477-4491a125368d___Com.G_SpM_FL 1475.JPG,0.5304039120674133,0.1810876727104187,0.928902268409729,0.0017547607421875,0.0002593994140625,0.6313725709915161,0.9999935626983643,0.9999935626983643,0.0,none,none
D:\BTECH\PlantDiseaseProject\dataset\val\Tomato___Spider_mites Two-spotted_spider_mite\8052041c-f635-49ad-b264-89a7cfc0348c___Com.G_SpM_FL 8732.JPG,0.5081101059913635,0.1921473741531372,0.9262275695800781,0.0014801025390625,1.52587890625e-05,0.6313725709915161,0.9999973773956299,0.9999980926513672,7.152557373046875e-07,clahe,none
D:\BTECH\PlantDiseaseProject\dataset\val\Tomato___Spider_mites Two-spotted_spider_mite\80dd8c2f-a53b-425c-b065-6c8b856cfe52___Com.G_SpM_FL 1247.JPG,0.5574119687080383,0.17562535405158997,0.926349937915802,0.0002593994140625,0.0004730224609375,0.5882353186607361,0.9999793767929077,0.9999794960021973,1.1920928955078125e-07,gamma_bright,none
D:\BTECH\PlantDiseaseProject\dataset\val\Tomato___Spider_mites Two-spotted_spider_mite\81c9960e-8a75-45b3-8c50-fd40ced4118c___Com.G_SpM_FL 1266.JPG,0.5086765289306641,0.21199747920036316,0.9220687747001648,0.0006561279296875,0.00042724609375,0.7019608020782471,0.9999904632568359,0.9999926090240479,2.1457672119140625e-06,gamma_bright,none
D:\BTECH\PlantDiseaseProject\dataset\val\Tomato___Spider_mites Two-spotted_spider_mite\820cdb82-b90d-4909-ad84-273bf8d1b2fb___Com.G_SpM_FL 8842.JPG,0.4699501395225525,0.16935378313064575,0.9208294749259949,0.0003204345703125,3.0517578125e-05,0.5686274766921997,0.9984869956970215,0.9998390674591064,0.001352071762084961,gamma_dark,none
D:\BTECH\PlantDiseaseProject\dataset\val\Tomato___Spider_mites Two-spotted_spider_mite\82be04b8-6e17-4388-a60c-9d074a798174___Com.G_SpM_FL 8649.JPG,0.4028396010398865,0.2282600700855255,0.920973539352417,0.006011962890625,3.0517578125e-05,0.6392157077789307,0.9996663331985474,0.9997192025184631,5.2869319915771484e-05,gamma_bright,none
D:\BTECH\PlantDiseaseProject\dataset\val\Tomato___Spider_mites Two-spotted_spider_mite\83bc9c0d-4031-41ab-a636-45fcb01b1983___Com.G_SpM_FL 9380.JPG,0.5397446155548096,0.16517432034015656,0.9111963510513306,0.0004425048828125,3.0517578125e-05,0.5176470279693604,0.999963641166687,0.9999808073043823,1.71661376953125e-05,gamma_bright,none
D:\BTECH\PlantDiseaseProject\dataset\val\Tomato___Spider_mites Two-spotted_spider_mite\84399e4f-1c78-4e26-8e7b-961ee21fa3c2___Com.G_SpM_FL 1586.JPG,0.5202140212059021,0.15469039976596832,0.9086720943450928,0.00054931640625,0.0002593994140625,0.5176470875740051,0.9987373948097229,0.9997848868370056,0.0010474920272827148,hist_eq,none
D:\BTECH\PlantDiseaseProject\dataset\val\Tomato___Spider_mites Two-spotted_spider_mite\844e29c3-2e68-4101-92e9-2fa61d5477a5___Com.G_SpM_FL 1436.JPG,0.5348333716392517,0.18310509622097015,0.9255567789077759,0.0011444091796875,7.62939453125e-05,0.6470588445663452,0.9997097849845886,0.9999510049819946,0.00024121999740600586,clahe,none
D:\BTECH\PlantDiseaseProject\dataset\val\Tomato___Spider_mites Two-spotted_spider_mite\84576436-8772-4a27-8575-47a0e45adb81___Com.G_SpM_FL 1229.JPG,0.5370679497718811,0.17461657524108887,0.9262815117835999,0.000457763671875,0.000396728515625,0.5960784554481506,0.9999982118606567,0.9999982118606567,0.0,none,none
D:\BTECH\PlantDiseaseProject\dataset\val\Tomato___Spider_mites Two-spotted_spider_mite\861a37d6-fd5d-4f50-b36a-7758bb468ee2___Com.G_SpM_FL 8944.JPG,0.45459556579589844,0.21400828659534454,0.9341191053390503,0.0019989013671875,6.103515625e-05,0.6431372761726379,0.9999756813049316,0.9999756813049316,0.0,none,none
D:\BTECH\PlantDiseaseProject\dataset\val\Tomato___Spider_mites Two-spotted_spider_mite\864c0d82-659a-40c7-b5f4-baa538db5766___Com.G_SpM_FL 1685.JPG,0.5458500385284424,0.18208129703998566,0.9252865314483643,1.52587890625e-05,0.000579833984375,0.6470588445663452,0.999397873878479,0.9994392991065979,4.1425228118896484e-05,gamma_dark,none
D:\BTECH\PlantDiseaseProject\dataset\val\Tomato___Spider_mites Two-spotted_spider_mite\86508eec-6019-4504-a97e-285e5e910dc7___Com.G_SpM_FL 8723.JPG,0.4345548450946808,0.2085505574941635,0.9335700273513794,0.0078582763671875,3.0517578125e-05,0.6431372761726379,0.9974209070205688,0.9995343685150146,0.0021134614944458008,clahe,none
D:\BTECH\PlantDiseaseProject\dataset\val\Tomato___Spider_mites Two-spotted_spider_mite\866c7b99-ccd9-41b0-9600-65bdf300ce74___Com.G_SpM_FL 9403.JPG,0.4676543176174164,0.12408232688903809,0.8630112409591675,1.52587890625e-05,0.0,0.4078431725502014,0.9999996423721313,0.9999996423721313,0.0,none,none
D:\BTECH\PlantDiseaseProject\dataset\val\Tomato___Spider_mites Two-spotted_spider_mite\88dd407b-4ff6-4106-92a6-76d758e88c58___Com.G_SpM_FL 9027.JPG,0.4479006826877594,0.20193755626678467,0.9259087443351746,0.0010833740234375,3.0517578125e-05,0.6196078658103943,0.9989840388298035,0.9998028874397278,0.0008188486099243164,gamma_dark,none
D:\BTECH\PlantDiseaseProject\dataset\val\Tomato___Spider_mites Two-spotted_spider_mite\8a0d0e70-e58d-413d-a4e3-28dc3f3100ba___Com.G_SpM_FL 8721.JPG,0.4437844157218933,0.2122957408428192,0.9247179627418518,0.0062103271484375,0.0,0.6352941393852234,0.9999775886535645,0.9999920129776001,1.4424324035644531e-05,gamma_dark,none
D:\BTECH\PlantDiseaseProject\dataset\val\Tomato___Spider_mites Two-spotted_spider_mite\8a1fd830-99d4-4044-b851-6237ed451132___Com.G_SpM_FL 1739.JPG,0.4744783937931061,0.18328475952148438,0.935396134853363,0.001617431640625,0.000213623046875,0.615686297416687,0.9999525547027588,0.9999756813049316,2.3126602172851562e-05,clahe,none
D:\BTECH\PlantDiseaseProject\dataset\val\Tomato___Spider_mites Two-spotted_spider_mite\8bb7bd71-ecf7-49cb-8375-18cdff0ad3c0___Com.G_SpM_FL 9323.JPG,0.5528901815414429,0.16902339458465576,0.9031288027763367,0.0005645751953125,0.0,0.529411792755127,0.9999866485595703,0.9999866485595703,0.0,none,none
D:\BTECH\PlantDiseaseProject\dataset\val\Tomato___Spider_mites Two-spotted_spider_mite\8c849e11-f45e-4190-a5e7-d67a468a984c___Com.G_SpM_FL 9268.JPG,0.4624323844909668,0.22023388743400574,0.9142360091209412,0.0001678466796875,0.0001220703125,0.6705882549285889,0.9999971389770508,0.9999978542327881,7.152557373046875e-07,gamma_dark,none
D:\BTECH\PlantDiseaseProject\dataset\val\Tomato___Spider_mites Two-spotted_spider_mite\8d3dee7d-c032-412b-81dc-40fd160be9f2___Com.G_SpM_FL 1478.JPG,0.5135468244552612,0.1994422972202301,0.9326246380805969,0.0019989013671875,0.00030517578125,0.686274528503418,0.9999743700027466,0.9999861717224121,1.1801719665527344e-05,hist_eq,none
D:\BTECH\PlantDiseaseProject\dataset\val\Tomato___Spider_mites Two-spotted_spider_mite\8e38f12a-ed30-4105-a8ff-80f9b729cbdf___Com.G_SpM_FL 9400.JPG,0.49222439527511597,0.13174472749233246,0.8565790057182312,0.0,0.0,0.3843137323856354,0.9999978542327881,0.9999978542327881,0.0,none,none
D:\BTECH\PlantDiseaseProject\dataset\val\Tomato___Spider_mites Two-spotted_spider_mite\8e9d2760-5d55-4ec6-9a38-43327038d2b2___Com.G_SpM_FL 8647.JPG,0.4267253875732422,0.20396441221237183,0.91908860206604,0.00775146484375,4.57763671875e-05,0.6313725709915161,0.9995859265327454,0.9996274709701538,4.1544437408447266e-05,gamma_dark,none
D:\BTECH\PlantDiseaseProject\dataset\val\Tomato___Spider_mites Two-spotted_spider_mite\8f46dd1e-a67f-4e94-87c2-8a405b9e3f49___Com.G_SpM_FL 9639.JPG,0.5210058093070984,0.13425397872924805,0.8750037550926208,0.0006256103515625,0.0,0.4274509847164154,0.99998939037323,0.99998939037323,0.0,none,none
D:\BTECH\PlantDiseaseProject\dataset\val\Tomato___Spider_mites Two-spotted_spider_mite\8f53750b-2b3f-4e1c-87ae-dd9659976129___Com.G_SpM_FL 8962.JPG,0.4788541793823242,0.1689693182706833,0.9159387350082397,0.0015716552734375,1.52587890625e-05,0.5647059082984924,0.9999969005584717,0.999997615814209,7.152557373046875e-07,gamma_dark,none
D:\BTECH\PlantDiseaseProject\dataset\val\Tomato___Spider_mites Two-spotted_spider_mite\905add43-a0f6-4dbb-a78b-d613c2e178e1___Com.G_SpM_FL 1584.JPG,0.5529025793075562,0.15768659114837646,0.9079030752182007,0.0005340576171875,0.0003204345703125,0.5372549295425415,0.9999880790710449,0.999991774559021,3.6954879760742188e-06,gamma_dark,none
D:\BTECH\PlantDiseaseProject\dataset\val\Tomato___Spider_mites Two-spotted_spider_mite\931bb6c8-e235-440e-978c-7fed1d57926e___Com.G_SpM_FL 8421.JPG,0.4959152340888977,0.18595558404922485,0.8933762311935425,0.0005950927734375,0.0,0.5921568870544434,0.9997881054878235,0.9999598264694214,0.0001717209815979004,gamma_bright,none
D:\BTECH\PlantDiseaseProject\dataset\val\Tomato___Spider_mites Two-spotted_spider_mite\943b6e80-60ff-4c44-b8a4-c5591da9b8e9___Com.G_SpM_FL 9636.JPG,0.453497976064682,0.13121365010738373,0.8786176443099976,0.0007171630859375,0.0,0.41960787773132324,0.9998791217803955,0.999911904335022,3.2782554626464844e-05,gamma_dark,none
D:\BTECH\PlantDiseaseProject\dataset\val\Tomato___Spider_mites Two-spotted_spider_mite\983c8b13-b647-4727-9f5d-3930161e4a84___Com.G_SpM_FL 1318.JPG,0.5253772139549255,0.17759327590465546,0.9154155254364014,0.00030517578125,0.000244140625,0.6549019813537598,0.9999868869781494,0.9999958276748657,8.940696716308594e-06,gamma_bright,none
D:\BTECH\PlantDiseaseProject\dataset\val\Tomato___Spider_mites Two-spotted_spider_mite\98916e40-9711-49d6-af8b-77c10be459e2___Com.G_SpM_FL 8551.JPG,0.4575650095939636,0.2305653691291809,0.9488296508789062,0.0059814453125,1.52587890625e-05,0.6901960968971252,0.12966413795948029,0.4617055058479309,0.3320413678884506,gamma_dark,gamma_dark
D:\BTECH\PlantDiseaseProject\dataset\val\Tomato___Spider_mites Two-spotted_spider_mite\9b55aea9-85fc-418b-b1a7-ae919f37d2fc___Com.G_SpM_FL 9401.JPG,0.49817830324172974,0.13993336260318756,0.8747243285179138,0.000274658203125,0.0,0.43137258291244507,0.9999984502792358,0.9999984502792358,0.0,none,none
D:\BTECH\PlantDiseaseProject\dataset\val\Tomato___Spider_mites Two-spotted_spider_mite\9c82d063-388e-4747-bdd5-c369b1b80972___Com.G_SpM_FL 9648.JPG,0.529593825340271,0.1383543312549591,0.8845310211181641,0.000335693359375,1.52587890625e-05,0.4274509847164154,0.999386191368103,0.9995334148406982,0.00014722347259521484,gamma_dark,none
D:\BTECH\PlantDiseaseProject\dataset\val\Tomato___Spider_mites Two-spotted_spider_mite\9d97d667-2bd1-4e96-a237-620f42c9034b___Com.G_SpM_FL 9360.JPG,0.5575281381607056,0.15295550227165222,0.8916629552841187,0.0001373291015625,7.62939453125e-05,0.5019607543945312,0.9999974966049194,0.9999980926513672,5.960464477539062e-07,gamma_bright,none
D:\BTECH\PlantDiseaseProject\dataset\val\Tomato___Spider_mites Two-spotted_spider_mite\9e0c8ec8-f525-444d-8657-32b668771b2f___Com.G_SpM_FL 1451.JPG,0.5204706192016602,0.19558319449424744,0.917802095413208,0.000457763671875,0.0005340576171875,0.6823529601097107,0.9999411106109619,0.9999812841415405,4.017353057861328e-05,gamma_dark,none
D:\BTECH\PlantDiseaseProject\dataset\val\Tomato___Spider_mites Two-spotted_spider_mite\9ed81c17-da8d-453d-8277-b5babd50e74d___Com.G_SpM_FL 1273.JPG,0.5523171424865723,0.16383548080921173,0.9129748344421387,0.0010833740234375,0.0003814697265625,0.5647059082984924,0.9999818801879883,0.9999892711639404,7.3909759521484375e-06,gamma_dark,none
D:\BTECH\PlantDiseaseProject\dataset\val\Tomato___Spider_mites Two-spotted_spider_mite\a3cbf151-7473-40c5-b40f-fa27fe490b21___Com.G_SpM_FL 8722.JPG,0.4737626910209656,0.19189880788326263,0.929209291934967,0.005462646484375,3.0517578125e-05,0.6313725709915161,0.9999650716781616,0.999981164932251,1.609325408935547e-05,gamma_dark,none
D:\BTECH\PlantDiseaseProject\dataset\val\Tomato___Spider_mites Two-spotted_spider_mite\a76a99f6-5e6d-4ca1-aabb-369019686a5e___Com.G_SpM_FL 8752.JPG,0.5257020592689514,0.21483710408210754,0.931756854057312,0.0018463134765625,6.103515625e-05,0.6705882549285889,0.9999710321426392,0.9999768733978271,5.841255187988281e-06,gamma_bright,none
D:\BTECH\PlantDiseaseProject\dataset\val\Tomato___Spider_mites Two-spotted_spider_mite\a78175ff-9e32-4f4d-b8b7-f66640a1a995___Com.G_SpM_FL 9024.JPG,0.4129030704498291,0.1739117056131363,0.9175652861595154,0.00408935546875,1.52587890625e-05,0.5568627715110779,0.9999610185623169,0.9999610185623169,0.0,none,none
D:\BTECH\PlantDiseaseProject\dataset\val\Tomato___Spider_mites Two-spotted_spider_mite\a9337752-672c-4de0-a21e-90d3fd3ce9dd___Com.G_SpM_FL 1340.JPG,0.5551036596298218,0.15090493857860565,0.8994433879852295,0.000274658203125,0.000213623046875,0.5058823823928833,0.9999876022338867,0.9999924898147583,4.887580871582031e-06,gamma_bright,none
D:\BTECH\PlantDiseaseProject\dataset\val\Tomato___Spider_mites Two-spotted_spider_mite\a93fe19f-ab48-4da3-aaf8-5c68c5ccd411___Com.G_SpM_FL 1341.JPG,0.5296241044998169,0.1842264086008072,0.924479067325592,0.0003814697265625,0.0002288818359375,0.6352941393852234,0.9999822378158569,0.9999877214431763,5.4836273193359375e-06,gamma_dark,none
D:\BTECH\PlantDiseaseProject\dataset\val\Tomato___Spider_mites Two-spotted_spider_mite\a9f8dc74-80c2-47d5-98e9-ac83c003b2b0___Com.G_SpM_FL 1230.JPG,0.4848824441432953,0.19764097034931183,0.9330465793609619,0.001007080078125,0.0008697509765625,0.6549019813537598,0.9999969005584717,0.9999991655349731,2.2649765014648438e-06,hist_eq,none
D:\BTECH\PlantDiseaseProject\dataset\val\Tomato___Spider_mites Two-spotted_spider_mite\ab555ffb-819e-40fa-b21c-d5a6bde16100___Com.G_SpM_FL 9609.JPG,0.5112018585205078,0.15836894512176514,0.892795979976654,0.0009765625,0.0,0.5372549295425415,0.9999995231628418,0.9999996423721313,1.1920928955078125e-07,gamma_bright,none
D:\BTECH\PlantDiseaseProject\dataset\val\Tomato___Spider_mites Two-spotted_spider_mite\ab58e633-4e84-48f1-a412-c8210940345d___Com.G_SpM_FL 1191.JPG,0.5494101047515869,0.1608240008354187,0.9125670790672302,0.0003662109375,7.62939453125e-05,0.5529412031173706,0.9999890327453613,0.9999935626983643,4.5299530029296875e-06,gamma_bright,none
D:\BTECH\PlantDiseaseProject\dataset\val\Tomato___Spider_mites Two-spotted_spider_mite\ac3cffb3-eb0b-4be4-9acd-c36d412b7faf___Com.G_SpM_FL 1338.JPG,0.5435418486595154,0.15687373280525208,0.9062374830245972,0.0006561279296875,0.0001983642578125,0.5411764979362488,0.9999867677688599,0.9999867677688599,0.0,none,none
D:\BTECH\PlantDiseaseProject\dataset\val\Tomato___Spider_mites Two-spotted_spider_mite\ad4a99a4-3dc7-4401-85d6-d803b9fcc70a___Com.G_SpM_FL 1762.JPG,0.5213295817375183,0.17766383290290833,0.9202533960342407,0.00042724609375,0.0002593994140625,0.6352941393852234,0.9999960660934448,0.9999979734420776,1.9073486328125e-06,gamma_dark,none
D:\BTECH\PlantDiseaseProject\dataset\val\Tomato___Spider_mites Two-spotted_spider_mite\adb33e14-0bb3-4c1a-bb17-6c2f71993d90___Com.G_SpM_FL 9043.JPG,0.49060821533203125,0.1660759150981903,0.9151193499565125,0.000213623046875,0.0,0.545098066329956,0.9994215965270996,0.9995632767677307,0.00014168024063110352,gamma_bright,none
D:\BTECH\PlantDiseaseProject\dataset\val\Tomato___Spider_mites Two-spotted_spider_mite\ae12c3dc-3dd3-4741-bf9a-55904738086d___Com.G_SpM_FL 1265.JPG,0.5588156580924988,0.18192164599895477,0.9255950450897217,0.0002288818359375,0.0006103515625,0.6549019813537598,0.9999665021896362,0.9999842643737793,1.7762184143066406e-05,gamma_bright,none
D:\BTECH\PlantDiseaseProject\dataset\val\Tomato___Spider_mites Two-spotted_spider_mite\aec9b074-2141-447e-ab09-2805a2a38737___Com.G_SpM_FL 8609.JPG,0.45284587144851685,0.23345716297626495,0.9467298984527588,0.0045623779296875,6.103515625e-05,0.6941176652908325,0.9996905326843262,0.9998346567153931,0.00014412403106689453,gamma_dark,none
D:\BTECH\PlantDiseaseProject\dataset\val\Tomato___Spider_mites Two-spotted_spider_mite\b0e1f3da-198d-4dea-b986-aa7072909523___Com.G_SpM_FL 9361.JPG,0.5533201098442078,0.16370482742786407,0.8773695230484009,0.0004425048828125,0.0,0.5921568870544434,0.9999994039535522,0.9999994039535522,0.0,none,none
D:\BTECH\PlantDiseaseProject\dataset\val\Tomato___Spider_mites Two-spotted_spider_mite\b1c4f4d8-4908-4e10-aa16-555273040c71___Com.G_SpM_FL 8614.JPG,0.4979924261569977,0.1701315939426422,0.9071149230003357,0.000274658203125,6.103515625e-05,0.6196078658103943,0.9999485015869141,0.9999707937240601,2.2292137145996094e-05,gamma_dark,none
D:\BTECH\PlantDiseaseProject\dataset\val\Tomato___Spider_mites Two-spotted_spider_mite\b3915c2b-190f-4258-ade1-8cb3bfcb15af___Com.G_SpM_FL 8786.JPG,0.468963086605072,0.18485702574253082,0.9313777685165405,0.0010986328125,3.0517578125e-05,0.6039215922355652,0.9999656677246094,0.9999922513961792,2.658367156982422e-05,clahe,none
D:\BTECH\PlantDiseaseProject\dataset\val\Tomato___Spider_mites Two-spotted_spider_mite\b3ff8412-603f-47c7-855f-3670ffb84ee5___Com.G_SpM_FL 9266.JPG,0.5279520750045776,0.2500050961971283,0.9396327137947083,0.0009307861328125,9.1552734375e-05,0.7058823704719543,0.9999864101409912,0.999991774559021,5.364418029785156e-06,gamma_bright,none
D:\BTECH\PlantDiseaseProject\dataset\val\Tomato___Spider_mites Two-spotted_spider_mite\b44d8397-623a-4755-96d9-5e680df9a983___Com.G_SpM_FL 9607.JPG,0.5061076879501343,0.15331751108169556,0.8905000686645508,0.0009918212890625,0.0,0.529411792755127,0.9999954700469971,0.9999977350234985,2.2649765014648438e-06,gamma_bright,none
D:\BTECH\PlantDiseaseProject\dataset\val\Tomato___Spider_mites Two-spotted_spider_mite\b510ecb5-48ec-4a3d-ac9d-7b19400542fd___Com.G_SpM_FL 8758.JPG,0.47201550006866455,0.20920421183109283,0.9441220760345459,0.00421142578125,3.0517578125e-05,0.658823549747467,0.9998537302017212,0.9999512434005737,9.751319885253906e-05,clahe,none
D:\BTECH\PlantDiseaseProject\dataset\val\Tomato___Spider_mites Two-spotted_spider_mite\b5e746c6-be90-40f9-adf5-941b7b1f050b___Com.G_SpM_FL 8702.JPG,0.44744884967803955,0.18792900443077087,0.9231350421905518,0.0030059814453125,3.0517578125e-05,0.6000000238418579,0.9999078512191772,0.999963641166687,5.5789947509765625e-05,gamma_dark,none
D:\BTECH\PlantDiseaseProject\dataset\val\Tomato___Spider_mites Two-spotted_spider_mite\b6989b70-a94f-4f48-a00a-2277f8ace6c6___Com.G_SpM_FL 8841.JPG,0.47566691040992737,0.1962706297636032,0.941276490688324,0.0003204345703125,0.0004425048828125,0.6392157077789307,0.9893203973770142,0.9984679818153381,0.009147584438323975,hist_eq,none
D:\BTECH\PlantDiseaseProject\dataset\val\Tomato___Spider_mites Two-spotted_spider_mite\b967a703-bef2-4d8a-9159-ddae8b8430c5___Com.G_SpM_FL 8777.JPG,0.4273359775543213,0.21169821918010712,0.9354486465454102,0.00244140625,3.0517578125e-05,0.6313725709915161,0.9999818801879883,0.9999872446060181,5.364418029785156e-06,gamma_bright,none
D:\BTECH\PlantDiseaseProject\dataset\val\Tomato___Spider_mites Two-spotted_spider_mite\b9b00f29-ad37-4286-8229-504bc5921c44___Com.G_SpM_FL 1268.JPG,0.5120137929916382,0.21548853814601898,0.9301924705505371,0.000396728515625,0.0004119873046875,0.7019608020782471,0.999954104423523,0.9999638795852661,9.775161743164062e-06,hist_eq,none
D:\BTECH\PlantDiseaseProject\dataset\val\Tomato___Spider_mites Two-spotted_spider_mite\ba369b28-d6f8-4c1f-a177-ff05ca0f9ac1___Com.G_SpM_FL 1704.JPG,0.48598527908325195,0.19552713632583618,0.9230321645736694,0.000518798828125,0.000335693359375,0.6352941393852234,0.9999986886978149,0.9999997615814209,1.0728836059570312e-06,hist_eq,none
D:\BTECH\PlantDiseaseProject\dataset\val\Tomato___Spider_mites Two-spotted_spider_mite\bb1743d4-c84b-4945-93cf-705eead70b21___Com.G_SpM_FL 8491.JPG,0.483925998210907,0.22117920219898224,0.9275712966918945,0.001190185546875,0.0,0.6627451181411743,0.9999371767044067,0.9999371767044067,0.0,none,none
D:\BTECH\PlantDiseaseProject\dataset\val\Tomato___Spider_mites Two-spotted_spider_mite\bbee7d02-f526-40c3-a603-a950ef0825e6___Com.G_SpM_FL 1458.JPG,0.545536994934082,0.1931995004415512,0.9175290465354919,0.0003814697265625,0.000213623046875,0.686274528503418,0.9999676942825317,0.9999923706054688,2.467632293701172e-05,hist_eq,none
D:\BTECH\PlantDiseaseProject\dataset\val\Tomato___Spider_mites Two-spotted_spider_mite\bc948d02-7e65-4075-b2bc-cb0c29ebe90e___Com.G_SpM_FL 8416.JPG,0.4172059893608093,0.2412673681974411,0.9016571640968323,0.0015869140625,0.0,0.6431372761726379,0.9987307190895081,0.9995555281639099,0.0008248090744018555,clahe,none
D:\BTECH\PlantDiseaseProject\dataset\val\Tomato___Spider_mites Two-spotted_spider_mite\bdb1071d-586d-4cdf-a792-a15af76ed9cf___Com.G_SpM_FL 8670.JPG,0.43946778774261475,0.19980528950691223,0.9398499727249146,0.0030975341796875,0.0,0.6274510025978088,0.9999791383743286,0.9999791383743286,0.0,none,none
D:\BTECH\PlantDiseaseProject\dataset\val\Tomato___Spider_mites Two-spotted_spider_mite\be731b6f-179f-436f-93eb-851f833575a9___Com.G_SpM_FL 1291.JPG,0.5485071539878845,0.16716811060905457,0.9088662266731262,0.0017242431640625,0.0001678466796875,0.5803921818733215,0.9999818801879883,0.9999887943267822,6.9141387939453125e-06,hist_eq,none
D:\BTECH\PlantDiseaseProject\dataset\val\Tomato___Spider_mites Two-spotted_spider_mite\bf965ea5-ef95-4a5d-b9aa-dbf80bdec1a0___Com.G_SpM_FL 8742.JPG,0.5022569298744202,0.17122255265712738,0.9115111827850342,0.0026092529296875,1.52587890625e-05,0.5960784554481506,0.9999837875366211,0.9999957084655762,1.1920928955078125e-05,gamma_dark,none
D:\BTECH\PlantDiseaseProject\dataset\val\Tomato___Spider_mites Two-spotted_spider_mite\bfd8c104-37e9-4f32-b4d0-e6544b668155___Com.G_SpM_FL 9637.JPG,0.517931342124939,0.13837535679340363,0.8784137964248657,0.000640869140625,0.0,0.44705885648727417,0.9999881982803345,0.9999904632568359,2.2649765014648438e-06,gamma_dark,none
D:\BTECH\PlantDiseaseProject\dataset\val\Tomato___Spider_mites Two-spotted_spider_mite\c0fec09d-d9d3-4942-866d-c311fae73056___Com.G_SpM_FL 1379.JPG,0.5119999051094055,0.1861741989850998,0.9212731122970581,0.0008544921875,0.0003509521484375,0.6705882549285889,0.9999935626983643,0.9999935626983643,0.0,none,none
D:\BTECH\PlantDiseaseProject\dataset\val\Tomato___Spider_mites Two-spotted_spider_mite\c20016fd-1168-4ed8-85ee-4ceca04c2b21___Com.G_SpM_FL 8651.JPG,0.44409698247909546,0.2026839405298233,0.9324181079864502,0.0003814697265625,6.103515625e-05,0.6000000238418579,0.9999808073043823,0.9999945163726807,1.3709068298339844e-05,clahe,none
D:\BTECH\PlantDiseaseProject\dataset\val\Tomato___Spider_mites Two-spotted_spider_mite\c23f7713-d301-4952-852e-dad07536aace___Com.G_SpM_FL 1764.JPG,0.5232937335968018,0.175949364900589,0.9195655584335327,0.00079345703125,0.0001678466796875,0.615686297416687,0.9999990463256836,0.9999994039535522,3.5762786865234375e-07,gamma_dark,none
D:\BTECH\PlantDiseaseProject\dataset\val\Tomato___Spider_mites Two-spotted_spider_mite\c344dfa1-ea48-45d4-a470-22627ad1d43d___Com.G_SpM_FL 8640.JPG,0.38682690262794495,0.21774815022945404,0.9365915656089783,0.0014190673828125,0.0,0.6313725709915161,0.9999721050262451,0.9999721050262451,0.0,none,none
D:\BTECH\PlantDiseaseProject\dataset\val\Tomato___Spider_mites Two-spotted_spider_mite\c39c2991-99d9-4fd9-be42-97c0ec41d59e___Com.G_SpM_FL 8960.JPG,0.45712268352508545,0.1848425269126892,0.9267193675041199,0.0025634765625,3.0517578125e-05,0.5843137502670288,0.9999704360961914,0.9999765157699585,6.079673767089844e-06,gamma_dark,none
D:\BTECH\PlantDiseaseProject\dataset\val\Tomato___Spider_mites Two-spotted_spider_mite\c4430ef6-bf01-4d6f-821b-0c87556db806___Com.G_SpM_FL 8880.JPG,0.4636293351650238,0.216740682721138,0.9429489374160767,0.0037689208984375,9.1552734375e-05,0.6705882549285889,0.9999899864196777,0.9999922513961792,2.2649765014648438e-06,gamma_dark,none
D:\BTECH\PlantDiseaseProject\dataset\val\Tomato___Spider_mites Two-spotted_spider_mite\c5b6b543-1fe9-4607-94c2-3342dcc92043___Com.G_SpM_FL 1289.JPG,0.5611433386802673,0.16272151470184326,0.9033274054527283,0.0003814697265625,6.103515625e-05,0.5539215803146362,0.9999939203262329,0.9999966621398926,2.7418136596679688e-06,hist_eq,none
D:\BTECH\PlantDiseaseProject\dataset\val\Tomato___Spider_mites Two-spotted_spider_mite\c630a36c-7cf6-425a-bb07-ad71d1cca764___Com.G_SpM_FL 9402.JPG,0.48227524757385254,0.12504097819328308,0.8646061420440674,0.0,0.0,0.3921568691730499,0.9999990463256836,0.9999990463256836,0.0,none,none
D:\BTECH\PlantDiseaseProject\dataset\val\Tomato___Spider_mites Two-spotted_spider_mite\c632fc41-93b2-4655-abee-cfba25000d1b___Com.G_SpM_FL 1476.JPG,0.5226295590400696,0.19696460664272308,0.9407901167869568,0.0019073486328125,0.0003814697265625,0.686274528503418,0.9999936819076538,0.9999936819076538,0.0,none,none
D:\BTECH\PlantDiseaseProject\dataset\val\Tomato___Spider_mites Two-spotted_spider_mite\c6efd73a-20e6-4c01-888e-5ae96c5a29f5___Com.G_SpM_FL 1339.JPG,0.49991852045059204,0.17318427562713623,0.9000571370124817,0.0001373291015625,0.000213623046875,0.6196078658103943,0.9999909400939941,0.9999943971633911,3.4570693969726562e-06,gamma_bright,none
D:\BTECH\PlantDiseaseProject\dataset\val\Tomato___Spider_mites Two-spotted_spider_mite\c6f23183-e089-4758-9f8a-a8f702e28336___Com.G_SpM_FL 8646.JPG,0.4667656421661377,0.18595662713050842,0.9295727014541626,0.0033416748046875,1.52587890625e-05,0.6196078658103943,0.993253767490387,0.993253767490387,0.0,none,none
D:\BTECH\PlantDiseaseProject\dataset\val\Tomato___Spider_mites Two-spotted_spider_mite\c7684c24-bef0-48c4-889d-4296d47f3403___Com.G_SpM_FL 8882.JPG,0.4469786286354065,0.2007971853017807,0.9371010065078735,0.005828857421875,9.1552734375e-05,0.6352941393852234,0.9999809265136719,0.9999862909317017,5.364418029785156e-06,gamma_dark,none
D:\BTECH\PlantDiseaseProject\dataset\val\Tomato___Spider_mites Two-spotted_spider_mite\c89a6ab4-59ab-4267-921d-cc39cb65af36___Com.G_SpM_FL 8418.JPG,0.4069264531135559,0.23095597326755524,0.8972499370574951,0.0028533935546875,0.0,0.6235294342041016,0.9992709755897522,0.9996210336685181,0.00035005807876586914,gamma_dark,none
D:\BTECH\PlantDiseaseProject\dataset\val\Tomato___Spider_mites Two-spotted_spider_mite\c92e4745-f8f2-4be3-a3cd-42a8bf94ef37___Com.G_SpM_FL 9363.JPG,0.4966786801815033,0.17158082127571106,0.8826532363891602,9.1552734375e-05,1.52587890625e-05,0.5882353186607361,0.9999889135360718,0.9999974966049194,8.58306884765625e-06,hist_eq,none
D:\BTECH\PlantDiseaseProject\dataset\val\Tomato___Spider_mites Two-spotted_spider_mite\cb66e6dd-27dd-41d7-bf66-995899694885___Com.G_SpM_FL 9314.JPG,0.4881736636161804,0.197041854262352,0.9254603385925293,0.0020904541015625,1.52587890625e-05,0.6549019813537598,0.999895453453064,0.9999643564224243,6.890296936035156e-05,hist_eq,none
D:\BTECH\PlantDiseaseProject\dataset\val\Tomato___Spider_mites Two-spotted_spider_mite\cc086b05-5f96-4777-85c7-ccbc823d94c7___Com.G_SpM_FL 1573.JPG,0.500219464302063,0.19092817604541779,0.9310771226882935,0.0012054443359375,0.00018310546875,0.6784313917160034,0.9999903440475464,0.9999955892562866,5.245208740234375e-06,hist_eq,none
D:\BTECH\PlantDiseaseProject\dataset\val\Tomato___Spider_mites Two-spotted_spider_mite\ce0386c6-eef2-4746-8407-785b6be137f5___Com.G_SpM_FL 8778.JPG,0.4475644826889038,0.20361152291297913,0.932770848274231,0.0043487548828125,0.0,0.6196078658103943,0.9996017813682556,0.9997474551200867,0.0001456737518310547,gamma_dark,none
D:\BTECH\PlantDiseaseProject\dataset\val\Tomato___Spider_mites Two-spotted_spider_mite\cfc8ff1c-5abb-41ef-adf9-c7b1a20d5e67___Com.G_SpM_FL 8743.JPG,0.4397830367088318,0.18711945414543152,0.9124549031257629,0.0030670166015625,0.0,0.6078431606292725,0.9962689876556396,0.9992015957832336,0.002932608127593994,gamma_dark,none
D:\BTECH\PlantDiseaseProject\dataset\val\Tomato___Spider_mites Two-spotted_spider_mite\cfec2513-cdcc-4780-9d3f-2e794c421915___Com.G_SpM_FL 1317.JPG,0.547427773475647,0.1508493423461914,0.9028092622756958,0.0002593994140625,0.000274658203125,0.5058823823928833,0.9999955892562866,0.9999960660934448,4.76837158203125e-07,gamma_bright,none
D:\BTECH\PlantDiseaseProject\dataset\val\Tomato___Spider_mites Two-spotted_spider_mite\d0f7fad4-404a-4587-8bfd-6e56c7baf85a___Com.G_SpM_FL 1270.JPG,0.5208117961883545,0.19456039369106293,0.9233723282814026,0.0021514892578125,0.0003662109375,0.6705882549285889,0.9998668432235718,0.9998769760131836,1.0132789611816406e-05,gamma_dark,none
D:\BTECH\PlantDiseaseProject\dataset\val\Tomato___Spider_mites Two-spotted_spider_mite\d1d2eb37-6849-4a57-a138-3e9ad92d4aa1___Com.G_SpM_FL 8938.JPG,0.5004579424858093,0.17155320942401886,0.9082896709442139,0.0005645751953125,3.0517578125e-05,0.5529412031173706,0.9999982118606567,0.9999982118606567,0.0,none,none
D:\BTECH\PlantDiseaseProject\dataset\val\Tomato___Spider_mites Two-spotted_spider_mite\d2414051-ad35-4413-8305-9285c5acdc79___Com.G_SpM_FL 9524.JPG,0.5229434967041016,0.1658402979373932,0.9050806760787964,0.000457763671875,3.0517578125e-05,0.5921568870544434,0.9999837875366211,0.9999867677688599,2.9802322387695312e-06,gamma_dark,none
D:\BTECH\PlantDiseaseProject\dataset\val\Tomato___Spider_mites Two-spotted_spider_mite\d4ea7c9d-a3ff-4055-a150-77a5bf30c2b6___Com.G_SpM_FL 9299.JPG,0.4513222575187683,0.10487349331378937,0.8211290240287781,1.52587890625e-05,0.0,0.32549020648002625,0.999904990196228,0.9999474287033081,4.2438507080078125e-05,clahe,none
D:\BTECH\PlantDiseaseProject\dataset\val\Tomato___Spider_mites Two-spotted_spider_mite\d585886c-b360-4186-8c00-7a94660e11fa___Com.G_SpM_FL 8514.JPG,0.5027507543563843,0.1976960301399231,0.9210065603256226,0.000701904296875,1.52587890625e-05,0.6392157077789307,0.9999942779541016,0.9999954700469971,1.1920928955078125e-06,gamma_dark,none
D:\BTECH\PlantDiseaseProject\dataset\val\Tomato___Spider_mites Two-spotted_spider_mite\d5d0d5ae-7bcf-407b-ab78-84950dc1980c___Com.G_SpM_FL 8703.JPG,0.4114499092102051,0.2123541384935379,0.9168579578399658,0.003997802734375,0.0,0.6274510025978088,0.9933860898017883,0.9986978769302368,0.005311787128448486,gamma_dark,none
D:\BTECH\PlantDiseaseProject\dataset\val\Tomato___Spider_mites Two-spotted_spider_mite\d6a2b5de-e264-4038-bbee-18e64b5ee1a4___Com.G_SpM_FL 9382.JPG,0.5453880429267883,0.13740591704845428,0.8830037713050842,4.57763671875e-05,1.52587890625e-05,0.4431372582912445,0.9999977350234985,0.9999979734420776,2.384185791015625e-07,gamma_bright,none
D:\BTECH\PlantDiseaseProject\dataset\val\Tomato___Spider_mites Two-spotted_spider_mite\d6f59cb7-f433-4a67-ba8a-44379a2f889f___Com.G_SpM_FL 1365.JPG,0.5004454851150513,0.17137102782726288,0.9145852327346802,0.001068115234375,0.0001068115234375,0.5960784554481506,0.9999924898147583,0.9999939203262329,1.430511474609375e-06,gamma_bright,none
D:\BTECH\PlantDiseaseProject\dataset\val\Tomato___Spider_mites Two-spotted_spider_mite\d7621b7d-0d8c-4208-a796-049b3ef7a92b___Com.G_SpM_FL 1363.JPG,0.5131019353866577,0.1948687583208084,0.9292895793914795,0.0003204345703125,0.00030517578125,0.6627451181411743,0.9998493194580078,0.9999574422836304,0.0001081228256225586,gamma_bright,none
D:\BTECH\PlantDiseaseProject\dataset\val\Tomato___Spider_mites Two-spotted_spider_mite\dc37a0ac-c1ae-4f42-9e49-622af4cfa1cc___Com.G_SpM_FL 8939.JPG,0.4515785574913025,0.1856447458267212,0.9221072793006897,0.0012664794921875,6.103515625e-05,0.5803921818733215,0.9999880790710449,0.9999939203262329,5.841255187988281e-06,gamma_dark,none
D:\BTECH\PlantDiseaseProject\dataset\val\Tomato___Spider_mites Two-spotted_spider_mite\dc8a9f3d-1514-4bae-b79f-02c9fd4cc6a5___Com.G_SpM_FL 8671.JPG,0.40555205941200256,0.22461239993572235,0.9302737712860107,0.0019073486328125,3.0517578125e-05,0.6470588445663452,0.9999942779541016,0.9999942779541016,0.0,none,none
D:\BTECH\PlantDiseaseProject\dataset\val\Tomato___Spider_mites Two-spotted_spider_mite\dc961b68-8eb5-4444-ac18-2ec9dc8f0501___Com.G_SpM_FL 8720.JPG,0.48866400122642517,0.19668738543987274,0.9261044263839722,0.00604248046875,3.0517578125e-05,0.6352941393852234,0.9998382329940796,0.999854564666748,1.633167266845703e-05,hist_eq,none
D:\BTECH\PlantDiseaseProject\dataset\val\Tomato___Spider_mites Two-spotted_spider_mite\ddc184a0-ee42-44a4-80ee-ece8e67f1cc9___Com.G_SpM_FL 1231.JPG,0.5145303606987,0.1702193021774292,0.9186835885047913,0.0004425048828125,0.00042724609375,0.6078431606292725,0.9999996423721313,0.9999997615814209,1.1920928955078125e-07,gamma_bright,none
D:\BTECH\PlantDiseaseProject\dataset\val\Tomato___Spider_mites Two-spotted_spider_mite\df590ea7-bdf5-410b-8063-dbdaa9a5a228___Com.G_SpM_FL 1461.JPG,0.49897268414497375,0.2123771756887436,0.9218873977661133,0.0018157958984375,6.103515625e-05,0.7137255072593689,0.9979959726333618,0.9997485280036926,0.0017525553703308105,hist_eq,none
D:\BTECH\PlantDiseaseProject\dataset\val\Tomato___Spider_mites Two-spotted_spider_mite\df5b37b7-f3aa-4659-85c7-fef204ad110e___Com.G_SpM_FL 1585.JPG,0.5165748596191406,0.17731910943984985,0.9211522340774536,0.0013275146484375,0.000701904296875,0.6313725709915161,0.9999985694885254,0.999998927116394,3.5762786865234375e-07,gamma_dark,none
D:\BTECH\PlantDiseaseProject\dataset\val\Tomato___Spider_mites Two-spotted_spider_mite\e1b32a63-c580-47e4-a2e9-d08d32923d9d___Com.G_SpM_FL 8420.JPG,0.42015430331230164,0.23100759088993073,0.908154308795929,0.0006103515625,1.52587890625e-05,0.6352941393852234,0.9997850060462952,0.9999171495437622,0.00013214349746704102,gamma_bright,none
D:\BTECH\PlantDiseaseProject\dataset\val\Tomato___Spider_mites Two-spotted_spider_mite\e1b3535e-675c-4021-a14f-75da349d6127___Com.G_SpM_FL 8757.JPG,0.45664122700691223,0.21234172582626343,0.9396404027938843,0.0046539306640625,4.57763671875e-05,0.658823549747467,0.9995771050453186,0.9997722506523132,0.0001951456069946289,gamma_dark,none
D:\BTECH\PlantDiseaseProject\dataset\val\Tomato___Spider_mites Two-spotted_spider_mite\e1c88203-3d8b-410f-9d4b-d35c7a735ddf___Com.G_SpM_FL 1267.JPG,0.5459091663360596,0.17530331015586853,0.9164931774139404,0.0003814697265625,0.000457763671875,0.6235294342041016,0.999997615814209,0.9999985694885254,9.5367431640625e-07,gamma_bright,none
D:\BTECH\PlantDiseaseProject\dataset\val\Tomato___Spider_mites Two-spotted_spider_mite\e296dcef-fb0f-4c22-856d-6918232d6682___Com.G_SpM_FL 1246.JPG,0.49506300687789917,0.19090725481510162,0.9403343200683594,0.0016937255859375,0.000518798828125,0.6509804129600525,0.9999949932098389,0.9999949932098389,0.0,none,none
D:\BTECH\PlantDiseaseProject\dataset\val\Tomato___Spider_mites Two-spotted_spider_mite\e3154893-0c83-43c8-87ae-18aa09342d51___Com.G_SpM_FL 9362.JPG,0.5542190670967102,0.14655639231204987,0.8850001096725464,7.62939453125e-05,0.0,0.501960813999176,0.9999996423721313,0.9999996423721313,0.0,none,none
D:\BTECH\PlantDiseaseProject\dataset\val\Tomato___Spider_mites Two-spotted_spider_mite\e346d87d-cd42-425f-a7a0-8fca01cb6f75___Com.G_SpM_FL 8550.JPG,0.4913432002067566,0.21925967931747437,0.9532957673072815,0.0067138671875,4.57763671875e-05,0.7215686440467834,0.3948078751564026,0.6587182879447937,0.2639104127883911,gamma_dark,gamma_dark
D:\BTECH\PlantDiseaseProject\dataset\val\Tomato___Spider_mites Two-spotted_spider_mite\e533effc-696a-45d4-b05e-43b83ae4e821___Com.G_SpM_FL 8754.JPG,0.4805580973625183,0.20659467577934265,0.9336597323417664,0.00421142578125,3.0517578125e-05,0.6549019813537598,0.9997982382774353,0.9999741315841675,0.00017589330673217773,clahe,none
D:\BTECH\PlantDiseaseProject\dataset\val\Tomato___Spider_mites Two-spotted_spider_mite\e848de1c-715f-4e90-b045-7b02433744f9___Com.G_SpM_FL 9044.JPG,0.47498542070388794,0.17102007567882538,0.9187599420547485,0.000244140625,1.52587890625e-05,0.5647059082984924,0.9995600581169128,0.9997678399085999,0.00020778179168701172,gamma_dark,none
D:\BTECH\PlantDiseaseProject\dataset\val\Tomato___Spider_mites Two-spotted_spider_mite\e917a630-3b61-4737-8adf-88c04baf2153___Com.G_SpM_FL 8881.JPG,0.4441511631011963,0.2148158848285675,0.9275071620941162,0.004486083984375,7.62939453125e-05,0.6196078658103943,0.9999935626983643,0.9999935626983643,0.0,none,none
D:\BTECH\PlantDiseaseProject\dataset\val\Tomato___Spider_mites Two-spotted_spider_mite\e9fa86d5-dc29-49a9-bb72-ce75beecd01f___Com.G_SpM_FL 8947.JPG,0.4457450211048126,0.20765067636966705,0.934569239616394,0.0017547607421875,0.0001068115234375,0.6274510025978088,0.9997683167457581,0.9999347925186157,0.00016647577285766602,gamma_dark,none
D:\BTECH\PlantDiseaseProject\dataset\val\Tomato___Spider_mites Two-spotted_spider_mite\ea1958cc-ff91-4651-966b-e85e4c7c7abe___Com.G_SpM_FL 8488.JPG,0.5041294097900391,0.23246388137340546,0.9451038241386414,0.0009613037109375,6.103515625e-05,0.6901960968971252,0.9998742341995239,0.9999363422393799,6.210803985595703e-05,clahe,none
D:\BTECH\PlantDiseaseProject\dataset\val\Tomato___Spider_mites Two-spotted_spider_mite\ed4959f6-0ad7-4e9e-a1df-09d1160780d1___Com.G_SpM_FL 8797.JPG,0.45912739634513855,0.20976851880550385,0.9255099296569824,0.000701904296875,0.00018310546875,0.6274510025978088,0.9999953508377075,0.9999953508377075,0.0,none,none
D:\BTECH\PlantDiseaseProject\dataset\val\Tomato___Spider_mites Two-spotted_spider_mite\edfb0fe5-a10c-469d-9346-802e68dfcd58___Com.G_SpM_FL 9390.JPG,0.42171794176101685,0.13333280384540558,0.8704311847686768,7.62939453125e-05,0.0,0.41960787773132324,0.9999903440475464,0.999992847442627,2.5033950805664062e-06,gamma_bright,none
D:\BTECH\PlantDiseaseProject\dataset\val\Tomato___Spider_mites Two-spotted_spider_mite\ef6e3d9d-502b-46c1-9f21-c32b54d2cb7a___Com.G_SpM_FL 9391.JPG,0.47657346725463867,0.13041147589683533,0.8719116449356079,0.0001678466796875,0.0,0.43529415130615234,0.9999905824661255,0.9999948740005493,4.291534423828125e-06,gamma_bright,none
D:\BTECH\PlantDiseaseProject\dataset\val\Tomato___Spider_mites Two-spotted_spider_mite\efd35611-5d21-4479-b279-00cfa75e8042___Com.G_SpM_FL 8429.JPG,0.508031964302063,0.2170410454273224,0.9284784197807312,3.0517578125e-05,0.0001678466796875,0.6352941393852234,0.9969559907913208,0.9984708428382874,0.0015148520469665527,clahe,none
D:\BTECH\PlantDiseaseProject\dataset\val\Tomato___Spider_mites Two-spotted_spider_mite\f2d3fadc-0142-4425-b731-6d95464a211d___Com.G_SpM_FL 8612.JPG,0.5169466733932495,0.1854194849729538,0.9313632249832153,0.0005950927734375,1.52587890625e-05,0.6392157077789307,0.9999148845672607,0.9999551773071289,4.029273986816406e-05,gamma_dark,none
D:\BTECH\PlantDiseaseProject\dataset\val\Tomato___Spider_mites Two-spotted_spider_mite\f2eb1f1a-3973-4ebf-8392-19d12f0ab759___Com.G_SpM_FL 8740.JPG,0.508659303188324,0.18239201605319977,0.9208035469055176,0.0009307861328125,1.52587890625e-05,0.615686297416687,0.999968409538269,0.999977707862854,9.298324584960938e-06,gamma_dark,none
D:\BTECH\PlantDiseaseProject\dataset\val\Tomato___Spider_mites Two-spotted_spider_mite\f3d536e0-cb34-44f8-a66f-afa559e3529e___Com.G_SpM_FL 8936.JPG,0.49454405903816223,0.16795672476291656,0.9060728549957275,0.0010833740234375,0.0,0.5607843399047852,0.999992847442627,0.9999951124191284,2.2649765014648438e-06,gamma_dark,none
D:\BTECH\PlantDiseaseProject\dataset\val\Tomato___Spider_mites Two-spotted_spider_mite\f4788089-544c-42c7-ac09-9ede28bca5f4___Com.G_SpM_FL 8799.JPG,0.4481769800186157,0.2002299427986145,0.9225291013717651,0.0014495849609375,3.0517578125e-05,0.5921568870544434,0.999997615814209,0.9999982118606567,5.960464477539062e-07,gamma_dark,none
D:\BTECH\PlantDiseaseProject\dataset\val\Tomato___Spider_mites Two-spotted_spider_mite\f4a12c44-b3a8-4419-b34e-ae6bdfa7d765___Com.G_SpM_FL 9521.JPG,0.5358422994613647,0.1668825000524521,0.9035013914108276,0.000244140625,1.52587890625e-05,0.5215686559677124,0.9999678134918213,0.9999678134918213,0.0,none,none
D:\BTECH\PlantDiseaseProject\dataset\val\Tomato___Spider_mites Two-spotted_spider_mite\f581a55f-a154-4266-8306-aa00abd9ebe8___Com.G_SpM_FL 9301.JPG,0.4301331043243408,0.11442670971155167,0.843488872051239,1.52587890625e-05,0.0,0.35686278343200684,0.9994940757751465,0.9999477863311768,0.00045371055603027344,clahe,none
D:\BTECH\PlantDiseaseProject\dataset\val\Tomato___Spider_mites Two-spotted_spider_mite\f5cf6938-855e-479f-b909-a9bc12fcb76c___Com.G_SpM_FL 8733.JPG,0.4467911720275879,0.197393998503685,0.9344332218170166,0.004180908203125,3.0517578125e-05,0.6235294342041016,0.999993085861206,0.9999963045120239,3.2186508178710938e-06,gamma_dark,none
D:\BTECH\PlantDiseaseProject\dataset\val\Tomato___Spider_mites Two-spotted_spider_mite\f726fc46-fa81-4bff-9964-496708584300___Com.G_SpM_FL 8669.JPG,0.37388187646865845,0.22356173396110535,0.939927339553833,0.012908935546875,0.0,0.658823549747467,0.9999665021896362,0.9999665021896362,0.0,none,none
D:\BTECH\PlantDiseaseProject\dataset\val\Tomato___Spider_mites Two-spotted_spider_mite\f7dfed71-b4a6-47ab-b61f-1b5326ec3821___Com.G_SpM_FL 8700.JPG,0.48422837257385254,0.21834170818328857,0.9371570348739624,0.001312255859375,4.57763671875e-05,0.6745098233222961,0.9999699592590332,0.99997878074646,8.821487426757812e-06,clahe,none
D:\BTECH\PlantDiseaseProject\dataset\val\Tomato___Spider_mites Two-spotted_spider_mite\f8505395-0291-442f-a735-f98b806f896e___Com.G_SpM_FL 1271.JPG,0.5455595254898071,0.1748647838830948,0.9145347476005554,0.0009307861328125,0.00018310546875,0.6117647290229797,0.999984860420227,0.999991774559021,6.9141387939453125e-06,hist_eq,none
D:\BTECH\PlantDiseaseProject\dataset\val\Tomato___Spider_mites Two-spotted_spider_mite\f87dde9f-b0ca-4b96-a065-545d707d72a6___Com.G_SpM_FL 8946.JPG,0.4690230190753937,0.18439501523971558,0.9184839725494385,0.0016021728515625,1.52587890625e-05,0.5882353186607361,0.9999613761901855,0.999982476234436,2.110004425048828e-05,gamma_dark,none
D:\BTECH\PlantDiseaseProject\dataset\val\Tomato___Spider_mites Two-spotted_spider_mite\f88f405a-176b-479c-9028-913957456752___Com.G_SpM_FL 9638.JPG,0.50811368227005,0.13006678223609924,0.8794662356376648,0.0001983642578125,0.0,0.40392157435417175,0.9999831914901733,0.9999831914901733,0.0,none,none
D:\BTECH\PlantDiseaseProject\dataset\val\Tomato___Spider_mites Two-spotted_spider_mite\f8f05d07-a357-4cb6-8306-f6a8fcf87f04___Com.G_SpM_FL 1559.JPG,0.5210957527160645,0.20970101654529572,0.921764612197876,0.000396728515625,0.0004730224609375,0.6990196108818054,0.9999895095825195,0.9999922513961792,2.7418136596679688e-06,gamma_dark,none
D:\BTECH\PlantDiseaseProject\dataset\val\Tomato___Spider_mites Two-spotted_spider_mite\f9493a24-68a7-4c75-b943-0fe5b69405df___Com.G_SpM_FL 8648.JPG,0.49107441306114197,0.21467174589633942,0.9224143028259277,0.0016632080078125,1.52587890625e-05,0.658823549747467,0.9996510744094849,0.9999240636825562,0.00027298927307128906,clahe,none
D:\BTECH\PlantDiseaseProject\dataset\val\Tomato___Spider_mites Two-spotted_spider_mite\f9725539-49f8-4152-9c67-cc018fca8c87___Com.G_SpM_FL 1477.JPG,0.528302013874054,0.18569709360599518,0.9304356575012207,0.001495361328125,0.0001068115234375,0.6431372761726379,0.9999791383743286,0.9999791383743286,0.0,none,none
D:\BTECH\PlantDiseaseProject\dataset\val\Tomato___Spider_mites Two-spotted_spider_mite\fa0f71aa-5583-4376-ab17-a755cf065aaf___Com.G_SpM_FL 1520.JPG,0.5600967407226562,0.1935998648405075,0.9390864968299866,0.0026397705078125,0.0008392333984375,0.6784313917160034,0.9999896287918091,0.9999896287918091,0.0,none,none
D:\BTECH\PlantDiseaseProject\dataset\val\Tomato___Spider_mites Two-spotted_spider_mite\fb5a5218-f752-49c5-8ae2-d54251b8177e___Com.G_SpM_FL 8701.JPG,0.42268288135528564,0.22204722464084625,0.9157073497772217,0.004425048828125,1.52587890625e-05,0.6509804129600525,0.9997023940086365,0.9999548196792603,0.0002524256706237793,gamma_dark,none
D:\BTECH\PlantDiseaseProject\dataset\val\Tomato___Spider_mites Two-spotted_spider_mite\fbabfa17-0b7e-4c83-bb10-ebcf80515ce7___Com.G_SpM_FL 8741.JPG,0.43712544441223145,0.20409142971038818,0.9252836108207703,0.0039215087890625,3.0517578125e-05,0.6313725709915161,0.9999691247940063,0.9999858140945435,1.6689300537109375e-05,gamma_dark,none
D:\BTECH\PlantDiseaseProject\dataset\val\Tomato___Spider_mites Two-spotted_spider_mite\fbac63f2-cfbc-4c5c-a623-e40b1314fc83___Com.G_SpM_FL 8784.JPG,0.483554482460022,0.19818472862243652,0.9228957891464233,0.0012664794921875,0.0,0.6235294342041016,0.999988317489624,0.9999978542327881,9.5367431640625e-06,hist_eq,none
D:\BTECH\PlantDiseaseProject\dataset\val\Tomato___Spider_mites Two-spotted_spider_mite\fbd05119-3078-4761-9b2b-5291e73e85ae___Com.G_SpM_FL 1292.JPG,0.5049545168876648,0.18277068436145782,0.9171723127365112,0.0026702880859375,0.0001678466796875,0.658823549747467,0.9996976852416992,0.9999449253082275,0.0002472400665283203,hist_eq,none
D:\BTECH\PlantDiseaseProject\dataset\val\Tomato___Spider_mites Two-spotted_spider_mite\fc6bc29e-ac80-4326-b8aa-94dbcdd1f086___Com.G_SpM_FL 8610.JPG,0.4803718328475952,0.20107170939445496,0.9357027411460876,0.0019683837890625,0.0,0.6431372761726379,0.9999456405639648,0.9999696016311646,2.396106719970703e-05,gamma_dark,none
D:\BTECH\PlantDiseaseProject\dataset\val\Tomato___Spider_mites Two-spotted_spider_mite\fd4f7201-2f81-4650-8681-dd56406417af___Com.G_SpM_FL 1364.JPG,0.5452994704246521,0.16594454646110535,0.9132824540138245,0.0003509521484375,4.57763671875e-05,0.572549045085907,0.9994563460350037,0.9998443126678467,0.0003879666328430176,gamma_bright,none
D:\BTECH\PlantDiseaseProject\dataset\val\Tomato___Spider_mites Two-spotted_spider_mite\fd563dc3-ebae-4a96-a700-2b28a3aee6c8___Com.G_SpM_FL 9383.JPG,0.504438042640686,0.152459517121315,0.8878313302993774,0.0007781982421875,0.0,0.545098066329956,0.999969482421875,0.9999761581420898,6.67572021484375e-06,gamma_bright,none
D:\BTECH\PlantDiseaseProject\dataset\val\Tomato___Spider_mites Two-spotted_spider_mite\fd5d5849-18dc-4850-8432-10fa95e9cf33___Com.G_SpM_FL 8417.JPG,0.5288978219032288,0.17435336112976074,0.9215409755706787,9.1552734375e-05,6.103515625e-05,0.5607843399047852,0.9999734163284302,0.9999790191650391,5.602836608886719e-06,gamma_dark,none
D:\BTECH\PlantDiseaseProject\dataset\val\Tomato___Spider_mites Two-spotted_spider_mite\fdff01c6-993c-46d0-8310-7832991220ac___Com.G_SpM_FL 1381.JPG,0.48947370052337646,0.18150360882282257,0.9254878759384155,0.0025787353515625,0.0001678466796875,0.658823549747467,0.9999927282333374,0.9999940395355225,1.3113021850585938e-06,gamma_dark,none
D:\BTECH\PlantDiseaseProject\dataset\val\Tomato___Spider_mites Two-spotted_spider_mite\fe341b0c-ce8b-4b3e-8031-2db41d446644___Com.G_SpM_FL 8668.JPG,0.49664804339408875,0.2216566652059555,0.9313437938690186,0.00750732421875,1.52587890625e-05,0.6823529601097107,0.9999895095825195,0.9999895095825195,0.0,none,none
D:\BTECH\PlantDiseaseProject\dataset\val\Tomato___Target_Spot\01e0b8b1-e713-4c6d-973b-f7636280c58a___Com.G_TgS_FL 9816.JPG,0.5323952436447144,0.1447407305240631,0.8813391923904419,0.0001678466796875,0.0,0.4470588266849518,0.9988093376159668,0.9990185499191284,0.0002092123031616211,gamma_bright,none
D:\BTECH\PlantDiseaseProject\dataset\val\Tomato___Target_Spot\01f0e0cb-83a7-4190-9645-bd06b70c8d65___Com.G_TgS_FL 8318.JPG,0.5056537389755249,0.19595785439014435,0.9290037751197815,0.0008087158203125,6.103515625e-05,0.6392157077789307,0.9998553991317749,0.9999233484268188,6.794929504394531e-05,gamma_bright,none
D:\BTECH\PlantDiseaseProject\dataset\val\Tomato___Target_Spot\025510ac-15db-4861-b02b-21da82161100___Com.G_TgS_FL 0952.JPG,0.5204050540924072,0.19876544177532196,0.9410244226455688,0.0011749267578125,0.0003662109375,0.6705882549285889,0.9999966621398926,0.9999966621398926,0.0,none,none
D:\BTECH\PlantDiseaseProject\dataset\val\Tomato___Target_Spot\03e19a2b-91f1-4404-a803-9a713c2ee618___Com.G_TgS_FL 9940.JPG,0.5570557117462158,0.17945952713489532,0.9056003093719482,0.001953125,7.62939453125e-05,0.6196078658103943,0.9686731696128845,0.982704222202301,0.014031052589416504,gamma_bright,none
D:\BTECH\PlantDiseaseProject\dataset\val\Tomato___Target_Spot\04889d08-6298-45d8-ab6c-0119fd1c2104___Com.G_TgS_FL 0778.JPG,0.5115765929222107,0.1776341199874878,0.9184345006942749,0.0015411376953125,0.00018310546875,0.6117647290229797,0.9998243451118469,0.9998620748519897,3.7729740142822266e-05,gamma_dark,none
D:\BTECH\PlantDiseaseProject\dataset\val\Tomato___Target_Spot\0504591c-2413-4965-860d-fef95a241cc4___Com.G_TgS_FL 1032.JPG,0.5027523040771484,0.19722405076026917,0.9481893181800842,0.000732421875,0.000823974609375,0.6666666865348816,0.9998701810836792,0.9999064207077026,3.62396240234375e-05,gamma_bright,none
D:\BTECH\PlantDiseaseProject\dataset\val\Tomato___Target_Spot\066c4e6b-ec9d-4762-8cad-c0ba4ebd8b44___Com.G_TgS_FL 0825.JPG,0.5246779918670654,0.23002828657627106,0.927087664604187,0.0019989013671875,0.0006866455078125,0.6980392336845398,0.9945996999740601,0.9993166923522949,0.004716992378234863,gamma_bright,none
D:\BTECH\PlantDiseaseProject\dataset\val\Tomato___Target_Spot\068f872e-1b06-423a-8f37-40e75ac14b97___Com.G_TgS_FL 0879.JPG,0.5149276256561279,0.1861783117055893,0.9224286675453186,0.002471923828125,6.103515625e-05,0.6313725709915161,0.9999728202819824,0.9999909400939941,1.811981201171875e-05,gamma_bright,none
D:\BTECH\PlantDiseaseProject\dataset\val\Tomato___Target_Spot\0a51617c-ecb5-42ce-9d34-300307be3465___Com.G_TgS_FL 0976.JPG,0.45423388481140137,0.18043753504753113,0.9067040681838989,0.0010833740234375,1.52587890625e-05,0.5843137502670288,0.9997387528419495,0.9999140501022339,0.00017529726028442383,gamma_bright,none
D:\BTECH\PlantDiseaseProject\dataset\val\Tomato___Target_Spot\0a578317-a98b-4e26-b17b-cd2930330375___Com.G_TgS_FL 0785.JPG,0.5289875864982605,0.17610007524490356,0.9154125452041626,0.0015106201171875,0.000396728515625,0.6352941393852234,0.9660354852676392,0.9755143523216248,0.009478867053985596,gamma_bright,none
D:\BTECH\PlantDiseaseProject\dataset\val\Tomato___Target_Spot\0adf2e61-79af-4129-aae0-f41f73b1725f___Com.G_TgS_FL 8275.JPG,0.4628133177757263,0.21166643500328064,0.9344653487205505,0.00360107421875,0.0006561279296875,0.6823529601097107,0.9999818801879883,0.9999850988388062,3.2186508178710938e-06,gamma_dark,none
D:\BTECH\PlantDiseaseProject\dataset\val\Tomato___Target_Spot\0c4c7140-1059-4e3a-a6e2-15c4bdd46743___Com.G_TgS_FL 8142.JPG,0.4778912365436554,0.20334134995937347,0.9218364357948303,0.0031280517578125,0.0001373291015625,0.6196078658103943,0.9999769926071167,0.9999866485595703,9.655952453613281e-06,hist_eq,none
D:\BTECH\PlantDiseaseProject\dataset\val\Tomato___Target_Spot\0d97bbcf-f322-410a-984d-935e8d2bb5d0___Com.G_TgS_FL 0748.JPG,0.5019753575325012,0.1851934939622879,0.9321093559265137,0.0016632080078125,0.0001068115234375,0.6274510025978088,0.9673293828964233,0.9989049434661865,0.031575560569763184,hist_eq,hist_eq
D:\BTECH\PlantDiseaseProject\dataset\val\Tomato___Target_Spot\0f32cb0d-8a87-4d7b-beb1-945c4e1cd374___Com.G_TgS_FL 0642.JPG,0.5354132652282715,0.19705790281295776,0.9131600260734558,0.01007080078125,7.62939453125e-05,0.6980392336845398,0.999954342842102,0.999992847442627,3.8504600524902344e-05,gamma_dark,none
D:\BTECH\PlantDiseaseProject\dataset\val\Tomato___Target_Spot\0fe7d644-dc8b-49f7-9a41-33ec029f6437___Com.G_TgS_FL 8274.JPG,0.5026281476020813,0.17499685287475586,0.9230164885520935,0.0021820068359375,6.103515625e-05,0.6078431606292725,0.9653257131576538,0.9675851464271545,0.0022594332695007324,gamma_bright,none
D:\BTECH\PlantDiseaseProject\dataset\val\Tomato___Target_Spot\0ff11bec-6751-47dc-86a0-cf28682f13d3___Com.G_TgS_FL 7907.JPG,0.5050457119941711,0.20141635835170746,0.9048348665237427,0.0015411376953125,0.0001678466796875,0.6705882549285889,0.9696007966995239,0.9819033145904541,0.012302517890930176,gamma_bright,none
D:\BTECH\PlantDiseaseProject\dataset\val\Tomato___Target_Spot\0ff32a4f-e1d2-4ab4-98ae-41ef143c56b1___Com.G_TgS_FL 1084.JPG,0.4778894782066345,0.1849176287651062,0.9307200312614441,0.0006866455078125,1.52587890625e-05,0.6039215922355652,0.9999465942382812,0.9999614953994751,1.4901161193847656e-05,gamma_bright,none
D:\BTECH\PlantDiseaseProject\dataset\val\Tomato___Target_Spot\1081a896-2b4a-447c-a882-361817ab94b8___Com.G_TgS_FL 0909.JPG,0.4638786315917969,0.20304232835769653,0.9254637956619263,0.002105712890625,0.0001068115234375,0.6509804129600525,0.9997765421867371,0.99989914894104,0.00012260675430297852,gamma_bright,none
D:\BTECH\PlantDiseaseProject\dataset\val\Tomato___Target_Spot\120190ab-fc78-47d6-94da-bc524d9e9c9a___Com.G_TgS_FL 7954.JPG,0.48390522599220276,0.2164263129234314,0.9385585188865662,0.0050048828125,9.1552734375e-05,0.7098039388656616,0.9999886751174927,0.9999886751174927,0.0,none,none
D:\BTECH\PlantDiseaseProject\dataset\val\Tomato___Target_Spot\122577a3-0f69-45f0-9e73-48528f9dea1c___Com.G_TgS_FL 8179.JPG,0.44950783252716064,0.1764111965894699,0.9115700125694275,0.0077972412109375,3.0517578125e-05,0.6000000238418579,0.9999592304229736,0.9999828338623047,2.3603439331054688e-05,clahe,none
D:\BTECH\PlantDiseaseProject\dataset\val\Tomato___Target_Spot\142bb1d4-109d-4340-991a-935f2eddbc48___Com.G_TgS_FL 7910.JPG,0.47098952531814575,0.15559734404087067,0.8937591314315796,0.002960205078125,4.57763671875e-05,0.5607843399047852,0.9999252557754517,0.9999467134475708,2.1457672119140625e-05,gamma_dark,none
D:\BTECH\PlantDiseaseProject\dataset\val\Tomato___Target_Spot\14f4965f-3d48-49a6-9399-f6f3d7646630___Com.G_TgS_FL 7963.JPG,0.4489729404449463,0.18248286843299866,0.9091262221336365,0.0006103515625,0.0,0.6000000238418579,0.9971975088119507,0.9983283877372742,0.0011308789253234863,gamma_dark,none
D:\BTECH\PlantDiseaseProject\dataset\val\Tomato___Target_Spot\152c3594-234d-4385-b487-83ea574cd860___Com.G_TgS_FL 1132.JPG,0.47723767161369324,0.1855260729789734,0.9327819347381592,0.0008392333984375,0.000274658203125,0.6117647290229797,0.9999222755432129,0.9999294281005859,7.152557373046875e-06,gamma_bright,none
D:\BTECH\PlantDiseaseProject\dataset\val\Tomato___Target_Spot\17975abb-ad00-4e50-bf84-7e5d5dd07880___Com.G_TgS_FL 0769.JPG,0.5397897362709045,0.16627566516399384,0.9181763529777527,0.00189208984375,0.0002899169921875,0.5529412031173706,0.9797055125236511,0.9883019328117371,0.008596420288085938,hist_eq,none
D:\BTECH\PlantDiseaseProject\dataset\val\Tomato___Target_Spot\18af92e6-44af-4996-a624-75d49c1ce3bb___Com.G_TgS_FL 0764.JPG,0.5100462436676025,0.2015090435743332,0.9336888790130615,0.0024261474609375,7.62939453125e-05,0.6627451181411743,0.9999958276748657,0.999996542930603,7.152557373046875e-07,gamma_bright,none
D:\BTECH\PlantDiseaseProject\dataset\val\Tomato___Target_Spot\1a3fba97-a09e-48f3-b74e-fe060a03f39b___Com.G_TgS_FL 0856.JPG,0.5293927192687988,0.20412003993988037,0.9309531450271606,0.0021514892578125,0.0001068115234375,0.6980392336845398,0.9999113082885742,0.9999716281890869,6.031990051269531e-05,gamma_bright,none
D:\BTECH\PlantDiseaseProject\dataset\val\Tomato___Target_Spot\1acc1730-96e3-476d-a25a-2c0de0a8df74___Com.G_TgS_FL 8228.JPG,0.5009102821350098,0.18600241839885712,0.9071906208992004,0.0043487548828125,3.0517578125e-05,0.6509804129600525,0.7703550457954407,0.9907735586166382,0.2204185128211975,hist_eq,hist_eq
D:\BTECH\PlantDiseaseProject\dataset\val\Tomato___Target_Spot\1d67d1c7-108d-4090-88c5-519d52963e9a___Com.G_TgS_FL 0980.JPG,0.48645615577697754,0.1780889928340912,0.9285820722579956,0.0010528564453125,0.0001220703125,0.5921568870544434,0.9999980926513672,0.9999984502792358,3.5762786865234375e-07,gamma_bright,none
D:\BTECH\PlantDiseaseProject\dataset\val\Tomato___Target_Spot\1ec7a39a-7eec-434e-94ae-c6d32923b1e2___Com.G_TgS_FL 1107.JPG,0.5016375780105591,0.19500628113746643,0.93871009349823,0.0004730224609375,0.0001678466796875,0.615686297416687,0.9991511106491089,0.9994951486587524,0.0003440380096435547,gamma_bright,none
D:\BTECH\PlantDiseaseProject\dataset\val\Tomato___Target_Spot\1f315135-8b90-4b79-ac61-c71a06ab141e___Com.G_TgS_FL 8080.JPG,0.4935946762561798,0.1877339482307434,0.9332382082939148,0.00164794921875,9.1552734375e-05,0.6549019813537598,0.9989308714866638,0.9996435642242432,0.0007126927375793457,gamma_bright,none
D:\BTECH\PlantDiseaseProject\dataset\val\Tomato___Target_Spot\1fb8b2d9-f0ac-4af2-8ac7-9304558a88e8___Com.G_TgS_FL 7998.JPG,0.4924733638763428,0.19645124673843384,0.9330002069473267,0.002716064453125,3.0517578125e-05,0.6509804129600525,0.9999672174453735,0.9999871253967285,1.990795135498047e-05,hist_eq,none
D:\BTECH\PlantDiseaseProject\dataset\val\Tomato___Target_Spot\1fef7bcc-bdc0-45dc-a8e6-1c9ee855a675___Com.G_TgS_FL 9950.JPG,0.46610474586486816,0.1634400635957718,0.9056007862091064,0.0007476806640625,0.0,0.5411764979362488,0.9997386336326599,0.9998353719711304,9.673833847045898e-05,gamma_bright,none
D:\BTECH\PlantDiseaseProject\dataset\val\Tomato___Target_Spot\20e074f5-27bb-48ac-8cb6-bb6586f3aeaa___Com.G_TgS_FL 8200.JPG,0.47910162806510925,0.17623355984687805,0.919304609298706,0.0090789794921875,0.0001373291015625,0.6323529481887817,0.9998501539230347,0.9999284744262695,7.832050323486328e-05,clahe,none
D:\BTECH\PlantDiseaseProject\dataset\val\Tomato___Target_Spot\217b15a1-dcfc-4cf5-85fa-b305f4ecd708___Com.G_TgS_FL 9919.JPG,0.4897118806838989,0.14544814825057983,0.8738501071929932,0.0004119873046875,0.0,0.4784314036369324,0.9985260963439941,0.9988161325454712,0.0002900362014770508,gamma_bright,none
D:\BTECH\PlantDiseaseProject\dataset\val\Tomato___Target_Spot\21979570-bcc3-481e-bde0-ca5e108d3844___Com.G_TgS_FL 8388.JPG,0.47683489322662354,0.21334463357925415,0.9395546913146973,0.00238037109375,0.0001678466796875,0.6470588445663452,0.9998832941055298,0.9999405145645142,5.7220458984375e-05,hist_eq,none
D:\BTECH\PlantDiseaseProject\dataset\val\Tomato___Target_Spot\27f8886b-9562-4607-a487-899046382f11___Com.G_TgS_FL 7899.JPG,0.4782751202583313,0.19171766936779022,0.9288507103919983,0.00311279296875,0.0001678466796875,0.6470588445663452,0.9997411370277405,0.9998394250869751,9.828805923461914e-05,gamma_bright,none
D:\BTECH\PlantDiseaseProject\dataset\val\Tomato___Target_Spot\2871a865-06e7-4a2e-be51-77743b1a9f72___Com.G_TgS_FL 8149.JPG,0.5130031108856201,0.1765918731689453,0.9041906595230103,0.00244140625,3.0517578125e-05,0.6196078658103943,0.9969844222068787,0.9992884397506714,0.0023040175437927246,hist_eq,none
D:\BTECH\PlantDiseaseProject\dataset\val\Tomato___Target_Spot\2914d8c0-09ba-4a50-a075-738c4a63e288___Com.G_TgS_FL 8119.JPG,0.5235586762428284,0.14801889657974243,0.8763668537139893,0.000335693359375,0.0,0.5843137502670288,0.9999172687530518,0.9999523162841797,3.504753112792969e-05,gamma_bright,none
D:\BTECH\PlantDiseaseProject\dataset\val\Tomato___Target_Spot\2a1fa2a0-b6ab-4c9b-984f-ea4108087568___Com.G_TgS_FL 8225.JPG,0.4619920253753662,0.19900453090667725,0.9264923930168152,0.003570556640625,6.103515625e-05,0.6509804129600525,0.9995662569999695,0.9999812841415405,0.0004150271415710449,hist_eq,none
D:\BTECH\PlantDiseaseProject\dataset\val\Tomato___Target_Spot\2b2c841a-f3e8-4861-83d4-c00eaace0049___Com.G_TgS_FL 9897.JPG,0.5235267281532288,0.14118871092796326,0.8832310438156128,0.001190185546875,0.0,0.458823561668396,0.9981557726860046,0.9981557726860046,0.0,none,none
D:\BTECH\PlantDiseaseProject\dataset\val\Tomato___Target_Spot\2c93d540-be61-4546-9cbc-74c776f19379___Com.G_TgS_FL 0690.JPG,0.5480390787124634,0.16277281939983368,0.9028449058532715,0.00164794921875,0.0003814697265625,0.5803921818733215,0.9999972581863403,0.9999974966049194,2.384185791015625e-07,gamma_dark,none
D:\BTECH\PlantDiseaseProject\dataset\val\Tomato___Target_Spot\2e6677ea-2788-49fd-86bc-1a3d3842725d___Com.G_TgS_FL 1092.JPG,0.4896441400051117,0.20015692710876465,0.9478060007095337,0.0011749267578125,0.0005645751953125,0.6627451181411743,0.9999185800552368,0.9999527931213379,3.421306610107422e-05,gamma_bright,none
D:\BTECH\PlantDiseaseProject\dataset\val\Tomato___Target_Spot\2e84b294-8296-4b6a-a702-22e4bb6df804___Com.G_TgS_FL 0899.JPG,0.48652756214141846,0.1820582151412964,0.9111566543579102,0.0009765625,0.0,0.6039215922355652,0.9999693632125854,0.9999788999557495,9.5367431640625e-06,clahe,none
D:\BTECH\PlantDiseaseProject\dataset\val\Tomato___Target_Spot\2e92c5f1-e71e-4d65-9fa8-6f51c242142e___Com.G_TgS_FL 0936.JPG,0.5309191346168518,0.19131790101528168,0.9356920719146729,0.001190185546875,0.0001220703125,0.658823549747467,0.9999991655349731,0.9999991655349731,0.0,none,none
D:\BTECH\PlantDiseaseProject\dataset\val\Tomato___Target_Spot\2f0011f5-50d5-4f18-8e1b-dc88391810bd___Com.G_TgS_FL 9758.JPG,0.531059741973877,0.17421068251132965,0.893373429775238,0.0015716552734375,0.0,0.6117647290229797,0.9898806810379028,0.9943183064460754,0.004437625408172607,gamma_bright,none
D:\BTECH\PlantDiseaseProject\dataset\val\Tomato___Target_Spot\3015f64d-6fe8-4673-948a-9bdb854ce207___Com.G_TgS_FL 9972.JPG,0.5193859338760376,0.18975383043289185,0.933459997177124,0.00543212890625,0.0,0.6431372761726379,0.9992151260375977,0.9992432594299316,2.8133392333984375e-05,hist_eq,none
D:\BTECH\PlantDiseaseProject\dataset\val\Tomato___Target_Spot\315fed46-d81c-4e73-9e75-b264ce20ddc6___Com.G_TgS_FL 8019.JPG,0.4926612079143524,0.18779981136322021,0.9287090301513672,0.0008544921875,3.0517578125e-05,0.6117647290229797,0.9999532699584961,0.9999649524688721,1.1682510375976562e-05,gamma_dark,none
D:\BTECH\PlantDiseaseProject\dataset\val\Tomato___Target_Spot\3217392a-7b5c-456e-980a-f89aab458a15___Com.G_TgS_FL 8327.JPG,0.4953511357307434,0.18418914079666138,0.9333491325378418,0.00048828125,7.62939453125e-05,0.5960784554481506,0.9961750507354736,0.9970443844795227,0.0008693337440490723,gamma_dark,none
D:\BTECH\PlantDiseaseProject\dataset\val\Tomato___Target_Spot\3225cfcd-1157-44d4-b5ff-61b7c61795d8___Com.G_TgS_FL 8308.JPG,0.5118334889411926,0.19420814514160156,0.9263583421707153,0.0018157958984375,0.0001068115234375,0.6352941393852234,0.9999866485595703,0.9999935626983643,6.9141387939453125e-06,gamma_bright,none
D:\BTECH\PlantDiseaseProject\dataset\val\Tomato___Target_Spot\356ff048-7937-4c55-b0d4-f831c7cb80e4___Com.G_TgS_FL 0680.JPG,0.5290164947509766,0.14457859098911285,0.888786792755127,0.0003204345703125,0.0002288818359375,0.4784314036369324,0.9977023005485535,0.999032735824585,0.0013304352760314941,gamma_bright,none
D:\BTECH\PlantDiseaseProject\dataset\val\Tomato___Target_Spot\37ab1070-e5a8-4145-8b30-d88961f835fd___Com.G_TgS_FL 8298.JPG,0.4884607791900635,0.14556773006916046,0.8988749980926514,0.0005340576171875,1.52587890625e-05,0.5098039507865906,0.9975453019142151,0.9984937906265259,0.000948488712310791,gamma_dark,none
D:\BTECH\PlantDiseaseProject\dataset\val\Tomato___Target_Spot\39c2047a-9d7b-489e-b790-45bf9340ee97___Com.G_TgS_FL 8331.JPG,0.4989302158355713,0.1637292504310608,0.9061026573181152,0.0006103515625,3.0517578125e-05,0.5647059082984924,0.9999672174453735,0.9999754428863525,8.225440979003906e-06,gamma_bright,none
D:\BTECH\PlantDiseaseProject\dataset\val\Tomato___Target_Spot\3a53fede-6ec6-4e6c-a19f-ad1324604ca8___Com.G_TgS_FL 8086.JPG,0.5206742882728577,0.18250992894172668,0.9275499582290649,0.0003509521484375,0.00030517578125,0.6392157077789307,0.9991554021835327,0.9991554021835327,0.0,none,none
D:\BTECH\PlantDiseaseProject\dataset\val\Tomato___Target_Spot\3cfe6553-5214-4227-801d-62767fbbc904___Com.G_TgS_FL 0686.JPG,0.5125007629394531,0.20611408352851868,0.9292895793914795,0.00103759765625,7.62939453125e-05,0.686274528503418,0.9999948740005493,0.9999960660934448,1.1920928955078125e-06,clahe,none
D:\BTECH\PlantDiseaseProject\dataset\val\Tomato___Target_Spot\3daec3cc-fd1d-495e-ac1b-8aaa30013d7b___Com.G_TgS_FL 8064.JPG,0.503177285194397,0.18329407274723053,0.9161109924316406,0.0001678466796875,0.000244140625,0.6313725709915161,0.9949616193771362,0.998943030834198,0.003981411457061768,gamma_bright,none
D:\BTECH\PlantDiseaseProject\dataset\val\Tomato___Target_Spot\421329db-4c95-4900-9e1f-c68be8473701___Com.G_TgS_FL 0640.JPG,0.5356128811836243,0.1932700127363205,0.9163378477096558,0.0062255859375,0.0001068115234375,0.6784313917160034,0.9994148015975952,0.9998823404312134,0.00046753883361816406,gamma_bright,none
D:\BTECH\PlantDiseaseProject\dataset\val\Tomato___Target_Spot\422f18d4-03d3-410c-97f0-f92590db890a___Com.G_TgS_FL 8085.JPG,0.47568708658218384,0.14646941423416138,0.8867213726043701,0.0010223388671875,0.0,0.5333333611488342,0.9997490048408508,0.9998310804367065,8.207559585571289e-05,gamma_dark,none
D:\BTECH\PlantDiseaseProject\dataset\val\Tomato___Target_Spot\42745c34-b8ec-44b1-8107-879222ac07d1___Com.G_TgS_FL 0866.JPG,0.5063561797142029,0.19248251616954803,0.9301329851150513,0.0016326904296875,0.000518798828125,0.6666666865348816,0.9999852180480957,0.9999852180480957,0.0,none,none
D:\BTECH\PlantDiseaseProject\dataset\val\Tomato___Target_Spot\429b6c87-4263-4e24-a10f-8d3be0fc6ebe___Com.G_TgS_FL 8262.JPG,0.5118780136108398,0.21160924434661865,0.9305182695388794,0.00457763671875,0.0004425048828125,0.686274528503418,0.9993388056755066,0.9993497729301453,1.0967254638671875e-05,hist_eq,none
D:\BTECH\PlantDiseaseProject\dataset\val\Tomato___Target_Spot\42e1947e-7fb4-42f3-9199-0489ce02289c___Com.G_TgS_FL 9724.JPG,0.5241042375564575,0.16477924585342407,0.8896392583847046,0.0018157958984375,0.0,0.5490196347236633,0.980122983455658,0.9886876344680786,0.008564651012420654,hist_eq,none
D:\BTECH\PlantDiseaseProject\dataset\val\Tomato___Target_Spot\484d73fa-4049-4c52-8468-32dcb884f889___Com.G_TgS_FL 7932.JPG,0.46930044889450073,0.2154790163040161,0.9467004537582397,0.0038909912109375,9.1552734375e-05,0.6823529601097107,0.9999028444290161,0.9999624490737915,5.9604644775390625e-05,clahe,none
D:\BTECH\PlantDiseaseProject\dataset\val\Tomato___Target_Spot\48af352f-8623-456d-a536-a68c9c99b03b___Com.G_TgS_FL 9786.JPG,0.5378031730651855,0.13287408649921417,0.8718766570091248,0.001251220703125,0.0001220703125,0.41960784792900085,0.8324915766716003,0.8901757001876831,0.057684123516082764,gamma_dark,gamma_dark
D:\BTECH\PlantDiseaseProject\dataset\val\Tomato___Target_Spot\48b4b244-cf9e-4fc2-a873-66dc712b8ea5___Com.G_TgS_FL 8344.JPG,0.47992849349975586,0.19863776862621307,0.9248131513595581,0.00091552734375,0.0001678466796875,0.6196078658103943,0.999997615814209,0.999997615814209,0.0,none,none
D:\BTECH\PlantDiseaseProject\dataset\val\Tomato___Target_Spot\4ab417ba-7f9c-44ee-a7d1-1cd78fe68b58___Com.G_TgS_FL 0046.JPG,0.5001847743988037,0.14691412448883057,0.8976113200187683,0.0001220703125,0.0,0.48235297203063965,0.9996071457862854,0.9996962547302246,8.910894393920898e-05,gamma_dark,none
D:\BTECH\PlantDiseaseProject\dataset\val\Tomato___Target_Spot\4c935699-7ce3-4aa8-8180-9c96eb190b61___Com.G_TgS_FL 7920.JPG,0.4470430910587311,0.20879967510700226,0.9337331056594849,0.00140380859375,0.0001220703125,0.6549019813537598,0.9998750686645508,0.9999067783355713,3.170967102050781e-05,gamma_bright,none
D:\BTECH\PlantDiseaseProject\dataset\val\Tomato___Target_Spot\4cba9d9a-65a4-4ebf-a11b-7995327b3f01___Com.G_TgS_FL 0862.JPG,0.5331339836120605,0.199443057179451,0.9354103803634644,0.00286865234375,0.00018310546875,0.7058823704719543,0.9999665021896362,0.9999843835830688,1.7881393432617188e-05,gamma_bright,none
D:\BTECH\PlantDiseaseProject\dataset\val\Tomato___Target_Spot\4cf7fd8f-f605-41c6-93ab-76da0119d40a___Com.G_TgS_FL 8162.JPG,0.499268501996994,0.16642488539218903,0.8892195224761963,0.0038909912109375,1.52587890625e-05,0.6078431606292725,0.988375186920166,0.9955798983573914,0.007204711437225342,gamma_bright,none
D:\BTECH\PlantDiseaseProject\dataset\val\Tomato___Target_Spot\4d1a4a12-f8e4-4ff1-bdba-362f986600e2___Com.G_TgS_FL 1064.JPG,0.5052337050437927,0.20087268948554993,0.9441803693771362,0.002777099609375,0.0002288818359375,0.686274528503418,0.999927282333374,0.999964714050293,3.743171691894531e-05,gamma_bright,none
D:\BTECH\PlantDiseaseProject\dataset\val\Tomato___Target_Spot\4d72bd56-c91d-41d7-9b7f-9c624e63c22a___Com.G_TgS_FL 0023.JPG,0.4488687813282013,0.15062569081783295,0.9038140773773193,0.0013580322265625,0.0,0.4941176772117615,0.9751037359237671,0.9950686693191528,0.019964933395385742,hist_eq,none
D:\BTECH\PlantDiseaseProject\dataset\val\Tomato___Target_Spot\4db457b0-7f30-4fe4-a34c-8ff9535b3aa0___Com.G_TgS_FL 9793.JPG,0.48246923089027405,0.18398259580135345,0.9268866777420044,0.002349853515625,4.57763671875e-05,0.615686297416687,0.9020875096321106,0.9729253649711609,0.07083785533905029,clahe,clahe
D:\BTECH\PlantDiseaseProject\dataset\val\Tomato___Target_Spot\4ec88bab-c631-438f-84dd-1645e7312905___Com.G_TgS_FL 0683.JPG,0.5209042429924011,0.17534196376800537,0.9179319739341736,0.0033111572265625,0.0003814697265625,0.6235294342041016,0.9994707703590393,0.9998317956924438,0.000361025333404541,gamma_bright,none
D:\BTECH\PlantDiseaseProject\dataset\val\Tomato___Target_Spot\4f72435f-b379-4954-8c28-27e8ec20bc76___Com.G_TgS_FL 0011.JPG,0.6066378951072693,0.17521831393241882,0.910474419593811,0.00042724609375,4.57763671875e-05,0.5607843399047852,0.9999847412109375,0.9999847412109375,0.0,none,none
D:\BTECH\PlantDiseaseProject\dataset\val\Tomato___Target_Spot\4f72eec5-805e-462f-b32a-06c70bac3351___Com.G_TgS_FL 9711.JPG,0.5174916982650757,0.17446641623973846,0.912074089050293,0.0016021728515625,1.52587890625e-05,0.5921568870544434,0.9991905093193054,0.9994009733200073,0.0002104640007019043,gamma_bright,none
D:\BTECH\PlantDiseaseProject\dataset\val\Tomato___Target_Spot\4f742898-78c7-4f18-b98b-937734263cbe___Com.G_TgS_FL 0884.JPG,0.48931989073753357,0.19991034269332886,0.9178255796432495,0.0020599365234375,0.0007171630859375,0.6901960968971252,0.999125063419342,0.9993603825569153,0.0002353191375732422,gamma_bright,none
D:\BTECH\PlantDiseaseProject\dataset\val\Tomato___Target_Spot\50d3e666-8d65-4f36-a9e8-59b136c28739___Com.G_TgS_FL 0689.JPG,0.5237735509872437,0.16804322600364685,0.9060181379318237,0.0023345947265625,0.0002593994140625,0.6117647290229797,0.9999626874923706,0.999976634979248,1.3947486877441406e-05,gamma_dark,none
D:\BTECH\PlantDiseaseProject\dataset\val\Tomato___Target_Spot\5299ecc5-d10f-4d27-a4ef-2f418d9e23dc___Com.G_TgS_FL 9973.JPG,0.49600520730018616,0.17358465492725372,0.9206319451332092,0.001617431640625,0.0,0.5735294222831726,0.9999825954437256,0.9999825954437256,0.0,none,none
D:\BTECH\PlantDiseaseProject\dataset\val\Tomato___Target_Spot\5508caf4-aea1-4792-a6e8-534788edaa7e___Com.G_TgS_FL 9946.JPG,0.4567454159259796,0.15900768339633942,0.902877688407898,0.0017547607421875,0.0,0.545098066329956,0.9999041557312012,0.9999051094055176,9.5367431640625e-07,gamma_bright,none
D:\BTECH\PlantDiseaseProject\dataset\val\Tomato___Target_Spot\55241408-ef80-443f-800d-9c1b4575609b___Com.G_TgS_FL 1046.JPG,0.510782778263092,0.19709132611751556,0.9393796920776367,0.000762939453125,0.0002593994140625,0.6823529601097107,0.9992571473121643,0.9993249177932739,6.777048110961914e-05,gamma_bright,none
D:\BTECH\PlantDiseaseProject\dataset\val\Tomato___Target_Spot\557f4be7-2557-447e-9235-b41b15f93eca___Com.G_TgS_FL 8267.JPG,0.22955358028411865,0.1245361939072609,0.842991828918457,0.0954132080078125,0.0,0.3921568691730499,0.9832083582878113,0.9944016337394714,0.011193275451660156,hist_eq,none
D:\BTECH\PlantDiseaseProject\dataset\val\Tomato___Target_Spot\57e21b61-a295-4a80-a499-a52e29546eb2___Com.G_TgS_FL 8087.JPG,0.554448127746582,0.17009945213794708,0.9182969927787781,0.00030517578125,0.0001068115234375,0.5764706134796143,0.9999970197677612,0.9999970197677612,0.0,none,none
D:\BTECH\PlantDiseaseProject\dataset\val\Tomato___Target_Spot\582711d1-3e8a-4c21-be14-76327079e3b0___Com.G_TgS_FL 8218.JPG,0.5101189017295837,0.205501988530159,0.9255267381668091,0.005035400390625,0.000244140625,0.6941176652908325,0.9991340041160583,0.9996895790100098,0.000555574893951416,gamma_dark,none
D:\BTECH\PlantDiseaseProject\dataset\val\Tomato___Target_Spot\59334a76-8e36-4c68-bd5e-4b181b710305___Com.G_TgS_FL 9778.JPG,0.5204524397850037,0.16260427236557007,0.9121044278144836,0.0018768310546875,0.0,0.5215686559677124,0.9825401902198792,0.9861947298049927,0.0036545395851135254,gamma_bright,none
D:\BTECH\PlantDiseaseProject\dataset\val\Tomato___Target_Spot\599977a3-0c46-46f5-aa5c-ed293caf7a09___Com.G_TgS_FL 9806.JPG,0.5446491241455078,0.15346373617649078,0.8931265473365784,0.0007476806640625,0.0,0.48235294222831726,0.9754485487937927,0.9910215735435486,0.01557302474975586,gamma_bright,none
D:\BTECH\PlantDiseaseProject\dataset\val\Tomato___Target_Spot\5c100cff-1203-48a8-9acc-927b18a2e168___Com.G_TgS_FL 0799.JPG,0.4838923513889313,0.23609179258346558,0.931279182434082,0.0042572021484375,0.000152587890625,0.7098039388656616,0.9998828172683716,0.99997878074646,9.59634780883789e-05,hist_eq,none
D:\BTECH\PlantDiseaseProject\dataset\val\Tomato___Target_Spot\613ecdcf-3895-498b-b095-76eab9dacb58___Com.G_TgS_FL 0698.JPG,0.553062379360199,0.14583991467952728,0.8919196128845215,0.000885009765625,0.0001220703125,0.46666666865348816,0.9726683497428894,0.9753923416137695,0.002723991870880127,gamma_dark,none
D:\BTECH\PlantDiseaseProject\dataset\val\Tomato___Target_Spot\634cade6-c20e-4e8c-bc9a-54b1c37d1f2d___Com.G_TgS_FL 7877.JPG,0.5324510335922241,0.1612779200077057,0.8811221122741699,0.001190185546875,9.1552734375e-05,0.6049019694328308,0.9999611377716064,0.9999737739562988,1.2636184692382812e-05,gamma_dark,none
D:\BTECH\PlantDiseaseProject\dataset\val\Tomato___Target_Spot\64670b92-3354-4e40-97dd-cb84f7e4500f___Com.G_TgS_FL 8021.JPG,0.4596588909626007,0.1696435511112213,0.9067819118499756,0.0014801025390625,3.0517578125e-05,0.5882353186607361,0.9998471736907959,0.9998705387115479,2.3365020751953125e-05,gamma_bright,none
D:\BTECH\PlantDiseaseProject\dataset\val\Tomato___Target_Spot\649f0256-39b3-4400-b460-611f1fd2124f___Com.G_TgS_FL 0950.JPG,0.5217713713645935,0.20303291082382202,0.9456664323806763,0.0005035400390625,0.000579833984375,0.7098039388656616,0.9999980926513672,0.9999986886978149,5.960464477539062e-07,gamma_bright,none
D:\BTECH\PlantDiseaseProject\dataset\val\Tomato___Target_Spot\651129cc-a2d0-4fe6-9d19-87295852ea79___Com.G_TgS_FL 9670.JPG,0.5146669745445251,0.15181860327720642,0.8942359685897827,0.0005340576171875,0.0,0.501960813999176,0.9964995384216309,0.9964995384216309,0.0,none,none
D:\BTECH\PlantDiseaseProject\dataset\val\Tomato___Target_Spot\6681f454-b2c1-4209-9a2f-f09b4aeace5d___Com.G_TgS_FL 0006.JPG,0.45813727378845215,0.1491418182849884,0.896044135093689,0.001129150390625,0.0,0.5058823823928833,0.9946622252464294,0.9946622252464294,0.0,none,none
D:\BTECH\PlantDiseaseProject\dataset\val\Tomato___Target_Spot\68bd8fa2-f798-44ea-8e9f-5fa7a2c115ee___Com.G_TgS_FL 0009.JPG,0.5200017690658569,0.17402343451976776,0.9200416803359985,0.0006103515625,0.0,0.572549045085907,0.9999663829803467,0.9999707937240601,4.410743713378906e-06,gamma_dark,none
D:\BTECH\PlantDiseaseProject\dataset\val\Tomato___Target_Spot\6998ef13-97ec-408c-830d-1019206cc623___Com.G_TgS_FL 0753.JPG,0.5092233419418335,0.21013250946998596,0.9435041546821594,0.002532958984375,0.0005950927734375,0.6745098233222961,0.9999390840530396,0.9999810457229614,4.1961669921875e-05,clahe,none
D:\BTECH\PlantDiseaseProject\dataset\val\Tomato___Target_Spot\6bd21bee-4648-43fc-b481-dc4913a8c9be___Com.G_TgS_FL 0841.JPG,0.5105595588684082,0.19976040720939636,0.9243897795677185,0.002288818359375,0.000579833984375,0.686274528503418,0.9877170920372009,0.9992877840995789,0.01157069206237793,gamma_bright,none
D:\BTECH\PlantDiseaseProject\dataset\val\Tomato___Target_Spot\6c213594-9828-4c8e-ad0a-4e5cb6276f4b___Com.G_TgS_FL 7924.JPG,0.47965380549430847,0.20571304857730865,0.9287757277488708,0.0010986328125,0.0001220703125,0.6666666865348816,0.9996776580810547,0.9998489618301392,0.00017130374908447266,clahe,none
D:\BTECH\PlantDiseaseProject\dataset\val\Tomato___Target_Spot\6d6769c2-371e-4de1-ac82-9df516a5543f___Com.G_TgS_FL 9763.JPG,0.5186951160430908,0.1615535169839859,0.9037811756134033,0.000885009765625,3.0517578125e-05,0.5490196347236633,0.9292662143707275,0.971356987953186,0.042090773582458496,gamma_bright,gamma_bright
D:\BTECH\PlantDiseaseProject\dataset\val\Tomato___Target_Spot\6edeac14-5ac4-4810-a3c0-ff35feb176fb___Com.G_TgS_FL 7911.JPG,0.4585629403591156,0.18188057839870453,0.9303222894668579,0.002197265625,7.62939453125e-05,0.615686297416687,0.999995231628418,0.9999960660934448,8.344650268554688e-07,gamma_bright,none
D:\BTECH\PlantDiseaseProject\dataset\val\Tomato___Target_Spot\6f77cfc3-4bb5-4692-920a-2d0ea476d1e7___Com.G_TgS_FL 0829.JPG,0.5168040990829468,0.19766069948673248,0.9314485788345337,0.001068115234375,0.0003814697265625,0.6627451181411743,0.9989299178123474,0.9998706579208374,0.0009407401084899902,hist_eq,none
D:\BTECH\PlantDiseaseProject\dataset\val\Tomato___Target_Spot\6f7becd5-4b98-490a-b929-926d75053295___Com.G_TgS_FL 0881.JPG,0.5389243960380554,0.18125516176223755,0.9200670123100281,0.00225830078125,0.0006256103515625,0.6549019813537598,0.9980158805847168,0.9993166923522949,0.001300811767578125,gamma_bright,none
D:\BTECH\PlantDiseaseProject\dataset\val\Tomato___Target_Spot\71e6574c-3c0b-4091-aa23-27abd39a8849___Com.G_TgS_FL 9770.JPG,0.522758960723877,0.151371568441391,0.8999755382537842,0.00048828125,9.1552734375e-05,0.501960813999176,0.7872493863105774,0.8969011306762695,0.10965174436569214,gamma_bright,gamma_bright
D:\BTECH\PlantDiseaseProject\dataset\val\Tomato___Target_Spot\7427608f-e981-4d2a-8683-c6ff0d0be911___Com.G_TgS_FL 1030.JPG,0.524433970451355,0.1962946057319641,0.9438775777816772,0.0008087158203125,0.000335693359375,0.6666666865348816,0.9985893368721008,0.9991534948348999,0.0005641579627990723,gamma_dark,none
D:\BTECH\PlantDiseaseProject\dataset\val\Tomato___Target_Spot\74aecabd-84ee-44f2-8a1f-695f17e15530___Com.G_TgS_FL 1076.JPG,0.4503687620162964,0.2127801924943924,0.9437628984451294,0.0008697509765625,0.0001983642578125,0.658823549747467,0.999908447265625,0.9999415874481201,3.314018249511719e-05,gamma_bright,none
D:\BTECH\PlantDiseaseProject\dataset\val\Tomato___Target_Spot\7723f266-8f6d-421e-ae24-fa6a7b292e13___Com.G_TgS_FL 0818.JPG,0.5101600289344788,0.18305091559886932,0.9262484908103943,0.0012664794921875,0.00018310546875,0.6352941393852234,0.9998931884765625,0.9999492168426514,5.602836608886719e-05,gamma_bright,none
D:\BTECH\PlantDiseaseProject\dataset\val\Tomato___Target_Spot\78e5cdd7-6d20-4666-8483-6a101e0d3fc4___Com.G_TgS_FL 8266.JPG,0.5250688791275024,0.21222184598445892,0.9165380597114563,0.0045318603515625,0.0003509521484375,0.7019608020782471,0.9994334578514099,0.9998927116394043,0.00045925378799438477,gamma_dark,none
D:\BTECH\PlantDiseaseProject\dataset\val\Tomato___Target_Spot\7a154040-f4a1-4821-989c-d1904eaccf4d___Com.G_TgS_FL 8109.JPG,0.4911755919456482,0.1790170669555664,0.9155128002166748,0.000396728515625,6.103515625e-05,0.5921568870544434,0.9963920712471008,0.9981750249862671,0.0017829537391662598,clahe,none
D:\BTECH\PlantDiseaseProject\dataset\val\Tomato___Target_Spot\7a911998-4bc2-4949-93a1-050d7cedca01___Com.G_TgS_FL 0768.JPG,0.5433998703956604,0.15644212067127228,0.9067119359970093,0.001251220703125,4.57763671875e-05,0.529411792755127,0.9972706437110901,0.9987189769744873,0.0014483332633972168,gamma_bright,none
D:\BTECH\PlantDiseaseProject\dataset\val\Tomato___Target_Spot\7b199548-cc65-468a-9cf7-51db805dfdeb___Com.G_TgS_FL 1068.JPG,0.4785277247428894,0.19147266447544098,0.9437655806541443,0.001007080078125,6.103515625e-05,0.6509804129600525,0.9999479055404663,0.9999479055404663,0.0,none,none
D:\BTECH\PlantDiseaseProject\dataset\val\Tomato___Target_Spot\7dee92b9-b5b8-4ef7-b2de-81b83e4451e0___Com.G_TgS_FL 7946.JPG,0.4740152359008789,0.19409342110157013,0.9247108697891235,0.0041656494140625,3.0517578125e-05,0.658823549747467,0.9991880059242249,0.9995371103286743,0.0003491044044494629,gamma_bright,none
D:\BTECH\PlantDiseaseProject\dataset\val\Tomato___Target_Spot\7f97b6e8-dcd8-484c-8eb1-cbadad030d5c___Com.G_TgS_FL 8125.JPG,0.5073963403701782,0.19440333545207977,0.9411237835884094,0.00079345703125,0.0003662109375,0.6745098233222961,0.9999948740005493,0.9999963045120239,1.430511474609375e-06,gamma_bright,none
D:\BTECH\PlantDiseaseProject\dataset\val\Tomato___Target_Spot\802c8015-a04f-438c-b781-f53da69501ea___Com.G_TgS_FL 9906.JPG,0.5494030117988586,0.1523093581199646,0.8903427124023438,0.000701904296875,4.57763671875e-05,0.5058823823928833,0.9992715716362,0.9993354678153992,6.389617919921875e-05,gamma_bright,none
D:\BTECH\PlantDiseaseProject\dataset\val\Tomato___Target_Spot\81639fec-2694-4e2b-a0cd-bbbfc2eb3c7f___Com.G_TgS_FL 8057.JPG,0.4358415901660919,0.17070652544498444,0.9023169279098511,0.0028839111328125,1.52587890625e-05,0.5803921818733215,0.9999456405639648,0.9999788999557495,3.325939178466797e-05,clahe,none
D:\BTECH\PlantDiseaseProject\dataset\val\Tomato___Target_Spot\8284cba7-30b7-401d-923d-65f7786d7aae___Com.G_TgS_FL 8333.JPG,0.5067480802536011,0.1519993245601654,0.8973431587219238,9.1552734375e-05,0.0,0.5215686559677124,0.9999417066574097,0.999942421913147,7.152557373046875e-07,gamma_bright,none
D:\BTECH\PlantDiseaseProject\dataset\val\Tomato___Target_Spot\84f8fd9a-fb45-4322-8ee3-17e42be6b0e0___Com.G_TgS_FL 9773.JPG,0.534271776676178,0.14434848725795746,0.8857026100158691,0.0006256103515625,1.52587890625e-05,0.4705882668495178,0.08485954999923706,0.16167999804019928,0.07682044804096222,hist_eq,hist_eq
D:\BTECH\PlantDiseaseProject\dataset\val\Tomato___Target_Spot\856076c1-50ec-478d-81a2-4cb3fd26b5af___Com.G_TgS_FL 0750.JPG,0.5098591446876526,0.18558327853679657,0.9202254414558411,0.0009613037109375,0.000244140625,0.6470588445663452,0.9995896220207214,0.9998457431793213,0.0002561211585998535,gamma_bright,none
D:\BTECH\PlantDiseaseProject\dataset\val\Tomato___Target_Spot\85d80ed8-3de5-480f-a235-dda0352a65d3___Com.G_TgS_FL 0890.JPG,0.5254223346710205,0.19921813905239105,0.9324084520339966,0.003509521484375,0.00030517578125,0.6901960968971252,0.9999468326568604,0.9999897480010986,4.291534423828125e-05,gamma_bright,none
D:\BTECH\PlantDiseaseProject\dataset\val\Tomato___Target_Spot\86fc4cf2-717a-4a8d-a1f1-3234c235a25e___Com.G_TgS_FL 8082.JPG,0.4170745611190796,0.19347697496414185,0.9128154516220093,0.0014801025390625,9.1552734375e-05,0.6117647290229797,0.9990288019180298,0.9995785355567932,0.0005497336387634277,gamma_bright,none
D:\BTECH\PlantDiseaseProject\dataset\val\Tomato___Target_Spot\8775dff7-94da-4c38-91f0-d28ad12b1610___Com.G_TgS_FL 9971.JPG,0.5071513652801514,0.15878379344940186,0.9072076082229614,0.0006103515625,0.0,0.5098039507865906,0.9999022483825684,0.9999091625213623,6.9141387939453125e-06,gamma_bright,none
D:\BTECH\PlantDiseaseProject\dataset\val\Tomato___Target_Spot\87a68b92-1fd4-4cb8-abb2-1e5be151d6c3___Com.G_TgS_FL 0939.JPG,0.49220162630081177,0.1675713062286377,0.906757116317749,0.000579833984375,7.62939453125e-05,0.5803921818733215,0.9999947547912598,0.9999964237213135,1.6689300537109375e-06,gamma_bright,none
D:\BTECH\PlantDiseaseProject\dataset\val\Tomato___Target_Spot\87e11f81-b582-488c-8191-ff82b487badc___Com.G_TgS_FL 8305.JPG,0.4918217062950134,0.18831437826156616,0.9191759824752808,0.0017242431640625,0.0001983642578125,0.5921568870544434,0.9999996423721313,0.9999998807907104,2.384185791015625e-07,gamma_bright,none
D:\BTECH\PlantDiseaseProject\dataset\val\Tomato___Target_Spot\896c8c3f-6c56-4d7d-910e-3cca0e047f19___Com.G_TgS_FL 0699.JPG,0.5374475717544556,0.17494182288646698,0.9142491221427917,0.003631591796875,0.0001678466796875,0.6352941393852234,0.999744713306427,0.999782145023346,3.743171691894531e-05,gamma_dark,none
D:\BTECH\PlantDiseaseProject\dataset\val\Tomato___Target_Spot\8a5b87db-6aa8-4f1b-96bc-a98bcce04b1c___Com.G_TgS_FL 8042.JPG,0.5421663522720337,0.15734659135341644,0.9077197313308716,0.0004730224609375,9.1552734375e-05,0.5176470875740051,0.9990047812461853,0.9990047812461853,0.0,none,none
D:\BTECH\PlantDiseaseProject\dataset\val\Tomato___Target_Spot\8bf33883-751c-4b5c-b50f-a955a4e0d8b7___Com.G_TgS_FL 1116.JPG,0.4974721670150757,0.21251647174358368,0.9527739882469177,0.0002593994140625,0.000457763671875,0.686274528503418,0.9996258020401001,0.9997538924217224,0.00012809038162231445,gamma_bright,none
D:\BTECH\PlantDiseaseProject\dataset\val\Tomato___Target_Spot\8c034f61-0b93-4b14-b5d6-5ed385cb93b1___Com.G_TgS_FL 7892.JPG,0.45646464824676514,0.16014890372753143,0.9039533734321594,0.0042266845703125,1.52587890625e-05,0.5764706134796143,0.9999878406524658,0.9999935626983643,5.7220458984375e-06,gamma_bright,none
D:\BTECH\PlantDiseaseProject\dataset\val\Tomato___Target_Spot\8c24d828-453c-4a03-8899-c7358d6da8c1___Com.G_TgS_FL 8401.JPG,0.5230554342269897,0.20245622098445892,0.9392507672309875,0.000152587890625,0.0002899169921875,0.6431372761726379,0.9999998807907104,0.9999998807907104,0.0,none,none
D:\BTECH\PlantDiseaseProject\dataset\val\Tomato___Target_Spot\8ef53996-d440-40b6-8665-2e3acf4f6b7b___Com.G_TgS_FL 9875.JPG,0.480532169342041,0.13726572692394257,0.8701087236404419,0.0006866455078125,1.52587890625e-05,0.4392157196998596,0.9997361302375793,0.9997361302375793,0.0,none,none
D:\BTECH\PlantDiseaseProject\dataset\val\Tomato___Target_Spot\902b00e9-f2b1-45e3-bd13-4f4428fd0833___Com.G_TgS_FL 0871.JPG,0.5176490545272827,0.18136250972747803,0.9275943636894226,0.0025482177734375,0.000274658203125,0.6235294342041016,0.9999970197677612,0.9999980926513672,1.0728836059570312e-06,gamma_bright,none
D:\BTECH\PlantDiseaseProject\dataset\val\Tomato___Target_Spot\90eecef5-da97-4905-8144-e4ad2f2680b1___Com.G_TgS_FL 9937.JPG,0.5268210768699646,0.14738650619983673,0.889283299446106,0.0009613037109375,0.0,0.4941176772117615,0.9996482133865356,0.999792754650116,0.00014454126358032227,gamma_bright,none
D:\BTECH\PlantDiseaseProject\dataset\val\Tomato___Target_Spot\9365125f-1687-4a9b-ba71-e92a869b774c___Com.G_TgS_FL 1120.JPG,0.4832777976989746,0.20782352983951569,0.9491528272628784,0.0020751953125,0.0003509521484375,0.6823529601097107,0.9999728202819824,0.9999778270721436,5.0067901611328125e-06,gamma_bright,none
D:\BTECH\PlantDiseaseProject\dataset\val\Tomato___Target_Spot\942dbcb4-7c9e-4ec7-beea-cd11383c7d83___Com.G_TgS_FL 0835.JPG,0.49288374185562134,0.22044700384140015,0.9314451813697815,0.0029144287109375,6.103515625e-05,0.6745098233222961,0.9996939897537231,0.999847412109375,0.00015342235565185547,gamma_bright,none
D:\BTECH\PlantDiseaseProject\dataset\val\Tomato___Target_Spot\95557bdf-e933-4181-a2b2-5fce8bccac51___Com.G_TgS_FL 8229.JPG,0.5144835710525513,0.17848457396030426,0.9202241897583008,0.0042572021484375,0.000335693359375,0.6274510025978088,0.9973978996276855,0.9992358684539795,0.0018379688262939453,clahe,none
D:\BTECH\PlantDiseaseProject\dataset\val\Tomato___Target_Spot\96630998-2348-43ab-856e-34fe02398463___Com.G_TgS_FL 8227.JPG,0.4725780487060547,0.21183374524116516,0.9257137179374695,0.0056915283203125,3.0517578125e-05,0.6705882549285889,0.9999421834945679,0.9999877214431763,4.553794860839844e-05,gamma_dark,none
D:\BTECH\PlantDiseaseProject\dataset\val\Tomato___Target_Spot\96c75932-74b2-4571-b668-f50f1526950d___Com.G_TgS_FL 0726.JPG,0.5146323442459106,0.20179909467697144,0.9287388324737549,0.0030670166015625,7.62939453125e-05,0.6784313917160034,0.9968936443328857,0.9986814856529236,0.0017878413200378418,gamma_dark,none
D:\BTECH\PlantDiseaseProject\dataset\val\Tomato___Target_Spot\97aef801-dfae-4670-b148-3a7cd50bede0___Com.G_TgS_FL 8040.JPG,0.4962881803512573,0.1523422747850418,0.8989531993865967,0.00115966796875,1.52587890625e-05,0.5647059082984924,0.9998995065689087,0.9999392032623291,3.9696693420410156e-05,gamma_bright,none
D:\BTECH\PlantDiseaseProject\dataset\val\Tomato___Target_Spot\9939cceb-a336-4bc0-9f0b-438bc418d157___Com.G_TgS_FL 9982.JPG,0.5270907878875732,0.17655573785305023,0.9232328534126282,0.00555419921875,0.0,0.6117647290229797,0.9981997013092041,0.9981997013092041,0.0,none,none
D:\BTECH\PlantDiseaseProject\dataset\val\Tomato___Target_Spot\9a8a98fe-5fd4-4630-bd49-35cfd3672e8b___Com.G_TgS_FL 9706.JPG,0.5278370380401611,0.15469664335250854,0.8948153257369995,0.000732421875,0.0,0.5254902243614197,0.9927912950515747,0.9927912950515747,0.0,none,none
D:\BTECH\PlantDiseaseProject\dataset\val\Tomato___Target_Spot\9ab320dc-b7f4-42ef-82ed-77c6431d0468___Com.G_TgS_FL 0817.JPG,0.574820876121521,0.18904916942119598,0.9160411953926086,0.0005035400390625,0.0006103515625,0.6627451181411743,0.9869369864463806,0.9957410097122192,0.008804023265838623,gamma_bright,none
D:\BTECH\PlantDiseaseProject\dataset\val\Tomato___Target_Spot\9b48e330-216d-4da6-89ce-10425eeb8578___Com.G_TgS_FL 8007.JPG,0.41936808824539185,0.18087729811668396,0.9166256189346313,0.0052490234375,3.0517578125e-05,0.5882353186607361,0.9999769926071167,0.9999885559082031,1.1563301086425781e-05,hist_eq,none
D:\BTECH\PlantDiseaseProject\dataset\val\Tomato___Target_Spot\9f1ddd8c-a80d-4869-8cea-09b78bd16eb4___Com.G_TgS_FL 9987.JPG,0.5646110773086548,0.1546095311641693,0.8956331610679626,0.000701904296875,0.0,0.4941176474094391,0.9961740374565125,0.9980362057685852,0.001862168312072754,hist_eq,none
D:\BTECH\PlantDiseaseProject\dataset\val\Tomato___Target_Spot\a13d28b1-7cdf-4d10-bd16-e01cefbe9e0e___Com.G_TgS_FL 9779.JPG,0.5113813877105713,0.1632518768310547,0.911605954170227,0.001129150390625,3.0517578125e-05,0.5568627715110779,0.6639367938041687,0.7398731112480164,0.07593631744384766,gamma_bright,gamma_bright
D:\BTECH\PlantDiseaseProject\dataset\val\Tomato___Target_Spot\a6630e8e-c6df-499c-b8ff-ee077812f9f4___Com.G_TgS_FL 9915.JPG,0.47640562057495117,0.13799124956130981,0.8787965774536133,0.0001068115234375,0.0,0.43529415130615234,0.9960456490516663,0.9967924952507019,0.0007468461990356445,hist_eq,none
D:\BTECH\PlantDiseaseProject\dataset\val\Tomato___Target_Spot\a7132fc4-1fd0-4848-9514-381a60edc288___Com.G_TgS_FL 8157.JPG,0.7009555101394653,0.17444606125354767,0.8872658014297485,0.0002899169921875,0.0025787353515625,0.611764669418335,0.9994481205940247,0.9995619654655457,0.0001138448715209961,gamma_bright,none
D:\BTECH\PlantDiseaseProject\dataset\val\Tomato___Target_Spot\a7c38861-0e57-41a6-85f6-fed91d10d703___Com.G_TgS_FL 0851.JPG,0.5016995668411255,0.2160247266292572,0.9284427165985107,0.0027923583984375,0.00042724609375,0.7019608020782471,0.9999840259552002,0.9999885559082031,4.5299530029296875e-06,gamma_bright,none
D:\BTECH\PlantDiseaseProject\dataset\val\Tomato___Target_Spot\a873d860-abf2-4cce-8661-034d87ca61af___Com.G_TgS_FL 0964.JPG,0.4852938652038574,0.1885078400373459,0.9180067777633667,0.00067138671875,0.0001678466796875,0.6313725709915161,0.999962329864502,0.9999784231185913,1.609325408935547e-05,gamma_bright,none
D:\BTECH\PlantDiseaseProject\dataset\val\Tomato___Target_Spot\a9409c3d-dbfc-4679-84b6-e671906e8c3a___Com.G_TgS_FL 9780.JPG,0.4980396628379822,0.1627584993839264,0.9127910733222961,0.00067138671875,0.0,0.5333333611488342,0.9964314699172974,0.9964314699172974,0.0,none,none
D:\BTECH\PlantDiseaseProject\dataset\val\Tomato___Target_Spot\aaad08ef-d75b-434a-83e2-d8b1cc519636___Com.G_TgS_FL 1109.JPG,0.49281659722328186,0.19780182838439941,0.9380985498428345,0.000762939453125,0.0002288818359375,0.6235294342041016,0.9990149736404419,0.9995040893554688,0.0004891157150268555,gamma_bright,none
D:\BTECH\PlantDiseaseProject\dataset\val\Tomato___Target_Spot\abf4ab5c-808d-48a7-a372-018b3ccc2351___Com.G_TgS_FL 0760.JPG,0.5137102603912354,0.16378766298294067,0.9106776118278503,0.001434326171875,6.103515625e-05,0.5490196347236633,0.9999366998672485,0.9999783039093018,4.1604042053222656e-05,hist_eq,none
D:\BTECH\PlantDiseaseProject\dataset\val\Tomato___Target_Spot\ad431cb2-5bf6-4fe4-870d-dbe2b92ba49d___Com.G_TgS_FL 0988.JPG,0.45927637815475464,0.19283659756183624,0.919734537601471,0.0014495849609375,6.103515625e-05,0.6039215922355652,0.9985960125923157,0.9996277093887329,0.0010316967964172363,clahe,none
D:\BTECH\PlantDiseaseProject\dataset\val\Tomato___Target_Spot\b0724e2b-9a46-4907-a500-0571e072dc25___Com.G_TgS_FL 9715.JPG,0.4937596321105957,0.16116829216480255,0.895509660243988,0.001190185546875,3.0517578125e-05,0.5607843399047852,0.9997640252113342,0.9997640252113342,0.0,none,none
D:\BTECH\PlantDiseaseProject\dataset\val\Tomato___Target_Spot\b1c84bc2-ad42-4d49-915b-98c54071a0f5___Com.G_TgS_FL 9831.JPG,0.5240921974182129,0.13777756690979004,0.8747882843017578,0.0002593994140625,0.0,0.45098039507865906,0.9981456995010376,0.9996343851089478,0.0014886856079101562,hist_eq,none
D:\BTECH\PlantDiseaseProject\dataset\val\Tomato___Target_Spot\b21a4d9d-2b2c-4698-b756-7538037d67bd___Com.G_TgS_FL 9705.JPG,0.5466431975364685,0.19463476538658142,0.897175669670105,0.0016326904296875,0.0,0.6470588445663452,0.9898115992546082,0.9947016835212708,0.004890084266662598,gamma_bright,none
D:\BTECH\PlantDiseaseProject\dataset\val\Tomato___Target_Spot\b32b022a-3404-4ebb-9456-d9fdfa7bfd27___Com.G_TgS_FL 7989.JPG,0.4572334587574005,0.17679819464683533,0.9191663265228271,0.00628662109375,3.0517578125e-05,0.6313725709915161,0.9999886751174927,0.9999915361404419,2.86102294921875e-06,gamma_bright,none
D:\BTECH\PlantDiseaseProject\dataset\val\Tomato___Target_Spot\b3ce350d-9052-44d2-82cd-af671d1d4141___Com.G_TgS_FL 0772.JPG,0.5389004945755005,0.19123469293117523,0.9224246740341187,0.0010223388671875,0.0002593994140625,0.6666666865348816,0.999968409538269,0.9999840259552002,1.5616416931152344e-05,gamma_bright,none
D:\BTECH\PlantDiseaseProject\dataset\val\Tomato___Target_Spot\b49ac002-7dfe-44c4-8041-c4564b77420c___Com.G_TgS_FL 8366.JPG,0.41363662481307983,0.18631914258003235,0.9353533983230591,0.0025177001953125,0.000244140625,0.5960784554481506,0.9998382329940796,0.9999160766601562,7.784366607666016e-05,gamma_bright,none
D:\BTECH\PlantDiseaseProject\dataset\val\Tomato___Target_Spot\b6d3a3ba-01d8-4c1b-9b0e-9a9fe1e7331d___Com.G_TgS_FL 7896.JPG,0.4861789345741272,0.1635189801454544,0.8963181376457214,0.0041351318359375,3.0517578125e-05,0.5921568870544434,0.999996542930603,0.9999983310699463,1.7881393432617188e-06,clahe,none
D:\BTECH\PlantDiseaseProject\dataset\val\Tomato___Target_Spot\b8514357-a1cf-454c-b6c3-9873b8a1bab9___Com.G_TgS_FL 9903.JPG,0.5431790351867676,0.13264471292495728,0.8705408573150635,0.00030517578125,0.0,0.4274509847164154,0.996504545211792,0.9977109432220459,0.0012063980102539062,gamma_bright,none
D:\BTECH\PlantDiseaseProject\dataset\val\Tomato___Target_Spot\b9ca3f45-dbc3-43ac-b345-4b81c5fcb2b6___Com.G_TgS_FL 7916.JPG,0.40190213918685913,0.21393315494060516,0.9278603792190552,0.0050048828125,3.0517578125e-05,0.6352941393852234,0.9958129525184631,0.9977026581764221,0.0018897056579589844,hist_eq,none
D:\BTECH\PlantDiseaseProject\dataset\val\Tomato___Target_Spot\bd79fc1d-d6f8-4e0d-9a03-5f3ef8f68d55___Com.G_TgS_FL 0029.JPG,0.4839567542076111,0.12277340143918991,0.8714497685432434,9.1552734375e-05,0.0,0.3960784375667572,0.8541560769081116,0.9493944048881531,0.0952383279800415,hist_eq,hist_eq
D:\BTECH\PlantDiseaseProject\dataset\val\Tomato___Target_Spot\be820223-83c6-497a-8c54-b433ae7ae496___Com.G_TgS_FL 7969.JPG,0.4185314178466797,0.15445369482040405,0.9003711938858032,0.004241943359375,0.0,0.5490196347236633,0.9999775886535645,0.999980092048645,2.5033950805664062e-06,clahe,none
D:\BTECH\PlantDiseaseProject\dataset\val\Tomato___Target_Spot\c13a16d9-d079-4fb5-8316-dcc589a88cf0___Com.G_TgS_FL 9930.JPG,0.42469608783721924,0.1207311823964119,0.8693454265594482,0.0008087158203125,0.0,0.3921568989753723,0.9630836844444275,0.9630836844444275,0.0,none,none
D:\BTECH\PlantDiseaseProject\dataset\val\Tomato___Target_Spot\c413ab97-c72d-4e20-a7de-c6faddd64bc1___Com.G_TgS_FL 7947.JPG,0.5496118664741516,0.2031097710132599,0.9288049340248108,0.0008544921875,0.000274658203125,0.6784313917160034,0.9999853372573853,0.9999853372573853,0.0,none,none
D:\BTECH\PlantDiseaseProject\dataset\val\Tomato___Target_Spot\c60898be-3a20-4132-a973-aa270bf8e692___Com.G_TgS_FL 7961.JPG,0.45979753136634827,0.19876915216445923,0.9113167524337769,0.0028839111328125,7.62939453125e-05,0.6352941393852234,0.9999649524688721,0.999992847442627,2.7894973754882812e-05,clahe,none
D:\BTECH\PlantDiseaseProject\dataset\val\Tomato___Target_Spot\c656883a-6fb2-497e-ac61-bd6416444325___Com.G_TgS_FL 1103.JPG,0.5112413763999939,0.18960502743721008,0.9330385327339172,0.0005340576171875,0.00030517578125,0.6039215922355652,0.995721697807312,0.9962804913520813,0.0005587935447692871,gamma_bright,none
D:\BTECH\PlantDiseaseProject\dataset\val\Tomato___Target_Spot\c799a079-5151-4d82-bc0f-23979da84d4b___Com.G_TgS_FL 0798.JPG,0.4987449049949646,0.225340336561203,0.924838662147522,0.007049560546875,0.0001068115234375,0.7215686440467834,0.9999865293502808,0.9999960660934448,9.5367431640625e-06,clahe,none
D:\BTECH\PlantDiseaseProject\dataset\val\Tomato___Target_Spot\c848bd9d-1639-4ca5-ac87-8d2342138764___Com.G_TgS_FL 8380.JPG,0.4329150319099426,0.18696780502796173,0.9214773774147034,0.0071563720703125,6.103515625e-05,0.6000000238418579,0.999995231628418,0.999995231628418,0.0,none,none
D:\BTECH\PlantDiseaseProject\dataset\val\Tomato___Target_Spot\c883bf3a-7ad1-428c-aaa7-cecc51ddbd5d___Com.G_TgS_FL 9702.JPG,0.5276213884353638,0.15156874060630798,0.8920589685440063,0.0007171630859375,0.0,0.4941176772117615,0.9829459190368652,0.9887680411338806,0.005822122097015381,gamma_dark,none
D:\BTECH\PlantDiseaseProject\dataset\val\Tomato___Target_Spot\c8b59053-241f-4119-aa1f-9f01f2931f4b___Com.G_TgS_FL 8280.JPG,0.4760909378528595,0.2082120180130005,0.9334788918495178,0.00115966796875,0.00018310546875,0.6431372761726379,0.999976634979248,0.9999790191650391,2.384185791015625e-06,hist_eq,none
D:\BTECH\PlantDiseaseProject\dataset\val\Tomato___Target_Spot\ca2def38-d29a-47d7-995a-96459b532fc9___Com.G_TgS_FL 8174.JPG,0.510409414768219,0.17911645770072937,0.9084561467170715,0.003448486328125,6.103515625e-05,0.6235294342041016,0.5378391146659851,0.9272297620773315,0.38939064741134644,hist_eq,hist_eq
D:\BTECH\PlantDiseaseProject\dataset\val\Tomato___Target_Spot\cec49ee8-8ed3-40c6-80e5-d7ebff28dd45___Com.G_TgS_FL 8340.JPG,0.4726763963699341,0.20008884370326996,0.9366612434387207,0.0015106201171875,0.0001983642578125,0.6274510025978088,0.9999608993530273,0.9999743700027466,1.3470649719238281e-05,gamma_bright,none
D:\BTECH\PlantDiseaseProject\dataset\val\Tomato___Target_Spot\d0c861e0-aae7-4847-84cc-880ecc5a8aa1___Com.G_TgS_FL 8005.JPG,0.4650176763534546,0.1808675229549408,0.9165651798248291,0.001007080078125,0.0,0.6000000238418579,0.9996379613876343,0.9997813105583191,0.00014334917068481445,gamma_bright,none
D:\BTECH\PlantDiseaseProject\dataset\val\Tomato___Target_Spot\d10a8e5b-bf53-45de-adbe-ea42f9bcb937___Com.G_TgS_FL 9910.JPG,0.43873849511146545,0.15309752523899078,0.8987675309181213,0.0001068115234375,0.0,0.49803924560546875,0.8454136848449707,0.9054651856422424,0.06005150079727173,hist_eq,hist_eq
D:\BTECH\PlantDiseaseProject\dataset\val\Tomato___Target_Spot\d14316d2-f733-4b05-933e-bb29ab3af867___Com.G_TgS_FL 1128.JPG,0.46937644481658936,0.21688291430473328,0.9500328898429871,0.000946044921875,0.0009918212890625,0.6598039269447327,0.9999854564666748,0.9999879598617554,2.5033950805664062e-06,gamma_bright,none
D:\BTECH\PlantDiseaseProject\dataset\val\Tomato___Target_Spot\d1d80c6c-3fe9-4e82-9802-151bc468e862___Com.G_TgS_FL 0660.JPG,0.44050079584121704,0.1686335802078247,0.9132137298583984,0.0050201416015625,4.57763671875e-05,0.572549045085907,0.6416536569595337,0.9224961400032043,0.28084248304367065,gamma_dark,gamma_dark
D:\BTECH\PlantDiseaseProject\dataset\val\Tomato___Target_Spot\d256a215-0bb3-4269-abbd-521f98ec06e4___Com.G_TgS_FL 0756.JPG,0.5438638925552368,0.2000555545091629,0.9343564510345459,0.002899169921875,0.000152587890625,0.6745098233222961,0.9998251795768738,0.9999707937240601,0.0001456141471862793,gamma_bright,none
D:\BTECH\PlantDiseaseProject\dataset\val\Tomato___Target_Spot\d3d9fe25-5624-4799-8632-bd52bfa759f5___Com.G_TgS_FL 8185.JPG,0.5001665949821472,0.2210342437028885,0.9228384494781494,0.005889892578125,9.1552734375e-05,0.6901960968971252,0.9999473094940186,0.9999673366546631,2.002716064453125e-05,gamma_bright,none
D:\BTECH\PlantDiseaseProject\dataset\val\Tomato___Target_Spot\d5e4f102-a26c-4b7c-abe1-34a9c32cee96___Com.G_TgS_FL 8383.JPG,0.5034050941467285,0.1695113331079483,0.9182248115539551,0.00177001953125,4.57763671875e-05,0.5882353186607361,0.9999936819076538,0.9999949932098389,1.3113021850585938e-06,gamma_bright,none
D:\BTECH\PlantDiseaseProject\dataset\val\Tomato___Target_Spot\d6173a52-0492-46db-80d3-806a2124bdfa___Com.G_TgS_FL 0007.JPG,0.47974270582199097,0.1704670935869217,0.9124426245689392,0.0010223388671875,0.0,0.5647059082984924,0.9995818734169006,0.9996832609176636,0.00010138750076293945,gamma_bright,none
D:\BTECH\PlantDiseaseProject\dataset\val\Tomato___Target_Spot\d6412b9a-8a7e-458b-bf28-d3b56d3d8972___Com.G_TgS_FL 0731.JPG,0.5148969888687134,0.1898302435874939,0.9264599680900574,0.0019073486328125,0.0001678466796875,0.6274510025978088,0.9999896287918091,0.9999926090240479,2.9802322387695312e-06,gamma_bright,none
D:\BTECH\PlantDiseaseProject\dataset\val\Tomato___Target_Spot\d7568e5a-2ce8-4851-85db-bcf229d1ab5f___Com.G_TgS_FL 9961.JPG,0.5217444896697998,0.14761963486671448,0.8918823003768921,0.000579833984375,0.0,0.48235297203063965,0.9953565001487732,0.9970223307609558,0.0016658306121826172,gamma_bright,none
D:\BTECH\PlantDiseaseProject\dataset\val\Tomato___Target_Spot\d8d78885-7101-4e1a-b1fb-e2dc4a61b976___Com.G_TgS_FL 9783.JPG,0.4899546504020691,0.15714500844478607,0.9050321578979492,0.001861572265625,0.0,0.5333333611488342,0.9995972514152527,0.9996563196182251,5.906820297241211e-05,gamma_bright,none
D:\BTECH\PlantDiseaseProject\dataset\val\Tomato___Target_Spot\db7652fb-4f04-41a3-abdd-f0d0f6795233___Com.G_TgS_FL 9998.JPG,0.5895394682884216,0.1964951902627945,0.9277612566947937,0.000244140625,0.000274658203125,0.6470588445663452,0.9997945427894592,0.9999134540557861,0.0001189112663269043,gamma_bright,none
D:\BTECH\PlantDiseaseProject\dataset\val\Tomato___Target_Spot\dc5a8cae-e762-467c-b23f-93c8c60c10b5___Com.G_TgS_FL 9954.JPG,0.44182464480400085,0.13968521356582642,0.8770173788070679,0.001129150390625,0.0,0.4941176772117615,0.9999840259552002,0.999991774559021,7.748603820800781e-06,gamma_bright,none
D:\BTECH\PlantDiseaseProject\dataset\val\Tomato___Target_Spot\dcfa6eed-1321-4f35-a7d2-4790b3263ea1___Com.G_TgS_FL 8385.JPG,0.5076111555099487,0.20171518623828888,0.9412137269973755,0.0065765380859375,9.1552734375e-05,0.6784313917160034,0.9999768733978271,0.9999815225601196,4.649162292480469e-06,gamma_bright,none
D:\BTECH\PlantDiseaseProject\dataset\val\Tomato___Target_Spot\debfce8a-5cf0-47c4-992e-c019799d4e3a___Com.G_TgS_FL 1026.JPG,0.5214484333992004,0.19970577955245972,0.9396163821220398,0.001068115234375,4.57763671875e-05,0.6470588445663452,0.9999903440475464,0.9999926090240479,2.2649765014648438e-06,gamma_bright,none
D:\BTECH\PlantDiseaseProject\dataset\val\Tomato___Target_Spot\e03a71a2-18aa-4b80-98d3-da93062682be___Com.G_TgS_FL 7927.JPG,0.5047609806060791,0.1805167943239212,0.9264569878578186,0.000518798828125,3.0517578125e-05,0.6000000238418579,0.9997665286064148,0.9998137354850769,4.7206878662109375e-05,gamma_bright,none
D:\BTECH\PlantDiseaseProject\dataset\val\Tomato___Target_Spot\e099b3b9-31d7-479d-9469-9973d6cd3f69___Com.G_TgS_FL 0918.JPG,0.5144490599632263,0.188486248254776,0.9384750127792358,0.00091552734375,0.0001678466796875,0.6549019813537598,0.9997956156730652,0.9999135732650757,0.00011795759201049805,gamma_bright,none
D:\BTECH\PlantDiseaseProject\dataset\val\Tomato___Target_Spot\e2998cee-2749-4ab4-8c8b-ddcd836f7f14___Com.G_TgS_FL 0666.JPG,0.4927549958229065,0.21852895617485046,0.9366225004196167,0.0035552978515625,0.0001983642578125,0.7098039388656616,0.9997610449790955,0.9997610449790955,0.0,none,none
D:\BTECH\PlantDiseaseProject\dataset\val\Tomato___Target_Spot\e48c8974-65a6-47a1-9b6a-439ac2e69eef___Com.G_TgS_FL 8411.JPG,0.5085701942443848,0.21473154425621033,0.9415160417556763,0.000579833984375,0.0002288818359375,0.6627451181411743,0.9997745156288147,0.9997974038124084,2.288818359375e-05,gamma_bright,none
D:\BTECH\PlantDiseaseProject\dataset\val\Tomato___Target_Spot\e56c1e39-3815-4735-bf2b-2b3fa8747235___Com.G_TgS_FL 0012.JPG,0.43528780341148376,0.16006654500961304,0.9046552181243896,0.0010528564453125,0.0,0.5098039507865906,0.9922508597373962,0.9939811825752258,0.0017303228378295898,gamma_dark,none
D:\BTECH\PlantDiseaseProject\dataset\val\Tomato___Target_Spot\e771a274-87c8-4342-8b63-f67f220a672e___Com.G_TgS_FL 9832.JPG,0.4963354766368866,0.13919349014759064,0.8777235150337219,0.0002288818359375,0.0,0.4313725531101227,0.9992837309837341,0.9996435642242432,0.0003598332405090332,gamma_dark,none
D:\BTECH\PlantDiseaseProject\dataset\val\Tomato___Target_Spot\eaf057ea-2195-4a6c-9bcf-1f5bcad4b430___Com.G_TgS_FL 9848.JPG,0.45773473381996155,0.14130134880542755,0.8914936780929565,0.0004730224609375,0.0,0.458823561668396,0.9691187143325806,0.9824474453926086,0.013328731060028076,hist_eq,none
D:\BTECH\PlantDiseaseProject\dataset\val\Tomato___Target_Spot\ee3e7aed-3223-4911-aa80-3ec36732a47a___Com.G_TgS_FL 8089.JPG,0.48490363359451294,0.15574204921722412,0.9043041467666626,0.0005035400390625,1.52587890625e-05,0.5333333611488342,0.9999963045120239,0.9999963045120239,0.0,none,none
D:\BTECH\PlantDiseaseProject\dataset\val\Tomato___Target_Spot\efa8a3d8-caf5-438e-bcce-ad8ed2f2929f___Com.G_TgS_FL 7881.JPG,0.4653133749961853,0.17291751503944397,0.9053884148597717,0.0019683837890625,3.0517578125e-05,0.5843137502670288,0.9997639060020447,0.9999837875366211,0.00021988153457641602,hist_eq,none
D:\BTECH\PlantDiseaseProject\dataset\val\Tomato___Target_Spot\f02e6633-416e-4eb1-bfaa-26b4ede06758___Com.G_TgS_FL 1085.JPG,0.5067459344863892,0.20113396644592285,0.9384278655052185,0.000244140625,0.000274658203125,0.6274510025978088,0.9994838237762451,0.999702513217926,0.0002186894416809082,gamma_bright,none
D:\BTECH\PlantDiseaseProject\dataset\val\Tomato___Target_Spot\f1e53807-691f-4ca1-9444-35377f3ad898___Com.G_TgS_FL 8409.JPG,0.477214515209198,0.20323297381401062,0.9415253400802612,0.001708984375,0.0001678466796875,0.6666666865348816,0.9997629523277283,0.9997959733009338,3.3020973205566406e-05,gamma_bright,none
D:\BTECH\PlantDiseaseProject\dataset\val\Tomato___Target_Spot\f252ed58-7e35-499e-861a-c94005d7df94___Com.G_TgS_FL 7912.JPG,0.508833646774292,0.16950403153896332,0.9128533005714417,0.00152587890625,9.1552734375e-05,0.5921568870544434,0.9999908208847046,0.9999964237213135,5.602836608886719e-06,gamma_bright,none
D:\BTECH\PlantDiseaseProject\dataset\val\Tomato___Target_Spot\f276f16a-6fd5-4822-b5df-d035633a28d2___Com.G_TgS_FL 9980.JPG,0.557170033454895,0.1930633783340454,0.9399626851081848,0.002410888671875,4.57763671875e-05,0.6431372761726379,0.998069703578949,0.9986705780029297,0.0006008744239807129,clahe,none
D:\BTECH\PlantDiseaseProject\dataset\val\Tomato___Target_Spot\f2bd96d9-8610-42aa-9630-a4998bac7f42___Com.G_TgS_FL 0931.JPG,0.4682438373565674,0.18423676490783691,0.9199566841125488,0.0021209716796875,7.62939453125e-05,0.6117647290229797,0.9999814033508301,0.9999887943267822,7.3909759521484375e-06,clahe,none
D:\BTECH\PlantDiseaseProject\dataset\val\Tomato___Target_Spot\f36508ae-5375-40da-b127-17f3ee0fd837___Com.G_TgS_FL 8369.JPG,0.4851122498512268,0.2083999216556549,0.9489147663116455,0.0019378662109375,0.0001373291015625,0.686274528503418,0.9999874830245972,0.999993085861206,5.602836608886719e-06,gamma_bright,none
D:\BTECH\PlantDiseaseProject\dataset\val\Tomato___Target_Spot\f3878705-b6ce-448d-868c-5c8016047e57___Com.G_TgS_FL 9736.JPG,0.47363758087158203,0.15698958933353424,0.8860352039337158,0.00360107421875,0.0,0.545098066329956,0.9994520545005798,0.9997208714485168,0.0002688169479370117,hist_eq,none
D:\BTECH\PlantDiseaseProject\dataset\val\Tomato___Target_Spot\f3e4c805-e288-408d-860f-ddf0ee23fead___Com.G_TgS_FL 0968.JPG,0.4599575400352478,0.1650768220424652,0.9057345986366272,0.0015869140625,4.57763671875e-05,0.572549045085907,0.9999996423721313,0.9999996423721313,0.0,none,none
D:\BTECH\PlantDiseaseProject\dataset\val\Tomato___Target_Spot\f5cef24e-7c7d-4394-b6b8-bf183f23eb74___Com.G_TgS_FL 0674.JPG,0.5366992950439453,0.15410156548023224,0.8975406289100647,0.00067138671875,0.0001068115234375,0.5254902243614197,0.9996529817581177,0.9998630285263062,0.00021004676818847656,gamma_bright,none
D:\BTECH\PlantDiseaseProject\dataset\val\Tomato___Target_Spot\f6f5c1f8-beed-4eb2-8366-5aed3c9b27bc___Com.G_TgS_FL 0033.JPG,0.4575210213661194,0.12387879192829132,0.8695664405822754,0.0001068115234375,0.0,0.4078431725502014,0.9924862384796143,0.9966745376586914,0.0041882991790771484,hist_eq,none
D:\BTECH\PlantDiseaseProject\dataset\val\Tomato___Target_Spot\f6f8f785-0d6e-4b6a-a206-68c65dcf9bc4___Com.G_TgS_FL 9669.JPG,0.51360023021698,0.16062237322330475,0.907950222492218,0.00201416015625,1.52587890625e-05,0.5568627715110779,0.8654724955558777,0.8654724955558777,0.0,none,none
D:\BTECH\PlantDiseaseProject\dataset\val\Tomato___Target_Spot\f7f90078-4728-4ee5-a383-0174afba2020___Com.G_TgS_FL 7894.JPG,0.4899556040763855,0.1681378036737442,0.9095627665519714,0.0038299560546875,4.57763671875e-05,0.5882353186607361,0.9997813105583191,0.9998127818107605,3.147125244140625e-05,gamma_dark,none
D:\BTECH\PlantDiseaseProject\dataset\val\Tomato___Target_Spot\f83ffde3-b817-44cb-a397-979a9eb0d747___Com.G_TgS_FL 9825.JPG,0.4696861505508423,0.13830825686454773,0.8685186505317688,0.0003662109375,0.0,0.45098042488098145,0.9997778534889221,0.9997778534889221,0.0,none,none
D:\BTECH\PlantDiseaseProject\dataset\val\Tomato___Target_Spot\f9bf89e2-3e30-4b63-832b-ad6247a3ab06___Com.G_TgS_FL 0869.JPG,0.5001217126846313,0.18666653335094452,0.9352111220359802,0.004302978515625,0.0001983642578125,0.6352941393852234,0.998598039150238,0.9995005130767822,0.0009024739265441895,hist_eq,none
D:\BTECH\PlantDiseaseProject\dataset\val\Tomato___Target_Spot\fa0e012a-0bb8-4b98-9a4b-b414d64caca4___Com.G_TgS_FL 8232.JPG,0.48623359203338623,0.18562404811382294,0.9057889580726624,0.0036468505859375,7.62939453125e-05,0.6313725709915161,0.9984562397003174,0.9996675252914429,0.0012112855911254883,gamma_bright,none
D:\BTECH\PlantDiseaseProject\dataset\val\Tomato___Target_Spot\fa4ca95f-7e31-42d0-9b16-b2b4fcfdae59___Com.G_TgS_FL 7974.JPG,0.5076434016227722,0.19660872220993042,0.9354246854782104,0.0055694580078125,7.62939453125e-05,0.686274528503418,0.9992685914039612,0.9995085000991821,0.00023990869522094727,hist_eq,none
D:\BTECH\PlantDiseaseProject\dataset\val\Tomato___Target_Spot\fa844a5e-8301-40cb-a39f-bc83b935d008___Com.G_TgS_FL 9728.JPG,0.5007562041282654,0.18153908848762512,0.9028955698013306,0.00079345703125,6.103515625e-05,0.6117647290229797,0.9999175071716309,0.9999769926071167,5.9485435485839844e-05,gamma_bright,none
D:\BTECH\PlantDiseaseProject\dataset\val\Tomato___Target_Spot\facfaefa-628d-4e71-8174-9aa24d43724d___Com.G_TgS_FL 9767.JPG,0.5112103819847107,0.16371245682239532,0.9086371064186096,0.0012359619140625,0.0,0.5529412031173706,0.7013351321220398,0.8827431797981262,0.18140804767608643,hist_eq,hist_eq
D:\BTECH\PlantDiseaseProject\dataset\val\Tomato___Target_Spot\faf529ef-0d4a-4f6d-9a17-27498eae98a5___Com.G_TgS_FL 8208.JPG,0.42282891273498535,0.19681090116500854,0.9097367525100708,0.0033721923828125,1.52587890625e-05,0.6274510025978088,0.9676730632781982,0.9940020442008972,0.026328980922698975,hist_eq,hist_eq
D:\BTECH\PlantDiseaseProject\dataset\val\Tomato___Target_Spot\fcc525e6-8f18-4b9f-bc77-e5c26cebf974___Com.G_TgS_FL 7925.JPG,0.445201575756073,0.19878464937210083,0.9164440631866455,0.0015869140625,1.52587890625e-05,0.6000000238418579,0.9993928670883179,0.9995356798171997,0.00014281272888183594,clahe,none
D:\BTECH\PlantDiseaseProject\dataset\val\Tomato___Tomato_Yellow_Leaf_Curl_Virus\01512b8e-6589-41ce-82f1-e16a24da38e7___YLCV_GCREC 2099.JPG,0.43595972657203674,0.1897570788860321,0.8749289512634277,0.00079345703125,0.0,0.5411764979362488,0.9999980926513672,0.9999990463256836,9.5367431640625e-07,clahe,none
D:\BTECH\PlantDiseaseProject\dataset\val\Tomato___Tomato_Yellow_Leaf_Curl_Virus\01717e9f-ac1b-4d16-8c9d-4ad09e95d832___YLCV_NREC 2463.JPG,0.4736025333404541,0.21232914924621582,0.9136002063751221,0.0068817138671875,3.0517578125e-05,0.6392157077789307,0.9999994039535522,1.0,5.960464477539062e-07,gamma_dark,none
D:\BTECH\PlantDiseaseProject\dataset\val\Tomato___Tomato_Yellow_Leaf_Curl_Virus\01ce3a43-e874-4317-b4fe-dea4402cb7ce___UF.GRC_YLCV_Lab 09572.JPG,0.6064679026603699,0.1296360045671463,0.854224681854248,0.0,0.0,0.38823530077934265,1.0,1.0,0.0,none,none
D:\BTECH\PlantDiseaseProject\dataset\val\Tomato___Tomato_Yellow_Leaf_Curl_Virus\021c4cd6-30ea-465e-9396-515520ead6b2___YLCV_GCREC 2422.JPG,0.4457618296146393,0.14807170629501343,0.890855610370636,0.000518798828125,0.0,0.4705882668495178,0.9999996423721313,0.9999996423721313,0.0,none,none
D:\BTECH\PlantDiseaseProject\dataset\val\Tomato___Tomato_Yellow_Leaf_Curl_Virus\0223bec0-2d13-42aa-b653-3aa3ee502b85___YLCV_GCREC 2507.JPG,0.45480841398239136,0.1291843056678772,0.8626942038536072,6.103515625e-05,0.0,0.4117647409439087,0.9999996423721313,0.9999998807907104,2.384185791015625e-07,clahe,none
D:\BTECH\PlantDiseaseProject\dataset\val\Tomato___Tomato_Yellow_Leaf_Curl_Virus\029fb65e-a006-4a5d-8ee1-9f848e1f0eef___UF.GRC_YLCV_Lab 03243.JPG,0.44935664534568787,0.12957225739955902,0.8740308880805969,0.0,0.0,0.3960784673690796,0.9999920129776001,0.9999954700469971,3.4570693969726562e-06,clahe,none
D:\BTECH\PlantDiseaseProject\dataset\val\Tomato___Tomato_Yellow_Leaf_Curl_Virus\02cee277-e491-468a-8ffc-f64227d33b4c___YLCV_GCREC 2197.JPG,0.48442816734313965,0.14712703227996826,0.884840190410614,3.0517578125e-05,0.0,0.4745098352432251,0.9999908208847046,0.9999980926513672,7.271766662597656e-06,gamma_dark,none
D:\BTECH\PlantDiseaseProject\dataset\val\Tomato___Tomato_Yellow_Leaf_Curl_Virus\02dec71c-6051-4b2c-8a08-24efbe306766___YLCV_GCREC 5340.JPG,0.45323997735977173,0.14672817289829254,0.886008083820343,1.52587890625e-05,0.0,0.458823561668396,0.999995231628418,0.9999958276748657,5.960464477539062e-07,gamma_bright,none
D:\BTECH\PlantDiseaseProject\dataset\val\Tomato___Tomato_Yellow_Leaf_Curl_Virus\031014d0-92fb-40a7-87d0-f000697551ef___YLCV_NREC 2679.JPG,0.44652053713798523,0.20222540199756622,0.9304136037826538,0.00213623046875,6.103515625e-05,0.6039215922355652,1.0,1.0,0.0,none,none
D:\BTECH\PlantDiseaseProject\dataset\val\Tomato___Tomato_Yellow_Leaf_Curl_Virus\043a8ff7-67cb-413a-8389-17dd37ed5c5a___UF.GRC_YLCV_Lab 01625.JPG,0.5147261619567871,0.13043484091758728,0.8664841651916504,0.0,0.0,0.43921568989753723,0.9999992847442627,1.0,7.152557373046875e-07,clahe,none
D:\BTECH\PlantDiseaseProject\dataset\val\Tomato___Tomato_Yellow_Leaf_Curl_Virus\04a2f285-b805-4c90-853a-3ee683becb85___UF.GRC_YLCV_Lab 02040.JPG,0.6003895401954651,0.08264786005020142,0.7572749853134155,0.0,0.0,0.2745097875595093,1.0,1.0,0.0,none,none
D:\BTECH\PlantDiseaseProject\dataset\val\Tomato___Tomato_Yellow_Leaf_Curl_Virus\04a49853-05df-44c6-ad25-c90adddd9bcb___YLCV_NREC 2192.JPG,0.5054446458816528,0.21616122126579285,0.9438073635101318,0.0047607421875,0.0001678466796875,0.7019608020782471,1.0,1.0,0.0,none,none
D:\BTECH\PlantDiseaseProject\dataset\val\Tomato___Tomato_Yellow_Leaf_Curl_Virus\04f5d2d8-e08a-4c02-b7fb-89d1edd51110___UF.GRC_YLCV_Lab 09578.JPG,0.5406705141067505,0.10101590305566788,0.8291261196136475,0.0,0.0,0.33725491166114807,0.9999979734420776,0.9999998807907104,1.9073486328125e-06,clahe,none
D:\BTECH\PlantDiseaseProject\dataset\val\Tomato___Tomato_Yellow_Leaf_Curl_Virus\0500c04e-5514-4ce1-a9e9-e4069d2b57e2___YLCV_GCREC 2630.JPG,0.40745809674263,0.13404160737991333,0.8736762404441833,0.0005340576171875,0.0,0.43137258291244507,1.0,1.0,0.0,none,none
D:\BTECH\PlantDiseaseProject\dataset\val\Tomato___Tomato_Yellow_Leaf_Curl_Virus\0596712d-eb13-43b5-bd6b-2bef0c35dbe2___YLCV_GCREC 5198.JPG,0.5162694454193115,0.170109361410141,0.8782941102981567,0.0004425048828125,4.57763671875e-05,0.5764706134796143,0.9999998807907104,1.0,1.1920928955078125e-07,clahe,none
D:\BTECH\PlantDiseaseProject\dataset\val\Tomato___Tomato_Yellow_Leaf_Curl_Virus\059cfdda-02f3-4f6a-9ab9-d87638de50b0___YLCV_NREC 2582.JPG,0.4552561640739441,0.14360710978507996,0.8870407342910767,6.103515625e-05,0.0,0.458823561668396,0.999998927116394,0.999998927116394,0.0,none,none
D:\BTECH\PlantDiseaseProject\dataset\val\Tomato___Tomato_Yellow_Leaf_Curl_Virus\05c7f371-7278-4d67-9bbf-9c21096b6044___YLCV_GCREC 2425.JPG,0.4507794976234436,0.16322211921215057,0.907192587852478,0.0004119873046875,0.0,0.5098039507865906,0.9999998807907104,0.9999998807907104,0.0,none,none
D:\BTECH\PlantDiseaseProject\dataset\val\Tomato___Tomato_Yellow_Leaf_Curl_Virus\05e34d35-6039-44e8-919b-fe1eb112c331___UF.GRC_YLCV_Lab 02325.JPG,0.3822028636932373,0.120775505900383,0.8548642992973328,0.0,0.0,0.38823533058166504,0.9999942779541016,0.9999977350234985,3.4570693969726562e-06,clahe,none
D:\BTECH\PlantDiseaseProject\dataset\val\Tomato___Tomato_Yellow_Leaf_Curl_Virus\05fcb411-6673-4c9a-a028-6cf70a8033a6___YLCV_NREC 0197.JPG,0.4453255534172058,0.12994572520256042,0.8805633187294006,0.0005950927734375,0.0,0.4431372880935669,0.9999995231628418,0.9999995231628418,0.0,none,none
D:\BTECH\PlantDiseaseProject\dataset\val\Tomato___Tomato_Yellow_Leaf_Curl_Virus\0667f15c-7f32-4f32-a669-f09dfbc9535a___UF.GRC_YLCV_Lab 08561.JPG,0.6012729406356812,0.10754425078630447,0.8098720908164978,0.0,0.0,0.27843138575553894,0.9999985694885254,0.9999998807907104,1.3113021850585938e-06,clahe,none
D:\BTECH\PlantDiseaseProject\dataset\val\Tomato___Tomato_Yellow_Leaf_Curl_Virus\06dc54d9-c691-4fe9-a424-57b34f0fa172___YLCV_GCREC 2173.JPG,0.39696741104125977,0.1904168576002121,0.9194982647895813,0.000640869140625,0.0,0.5882353186607361,0.9999877214431763,0.9999942779541016,6.556510925292969e-06,gamma_bright,none
D:\BTECH\PlantDiseaseProject\dataset\val\Tomato___Tomato_Yellow_Leaf_Curl_Virus\07814785-df21-4b4c-9e52-b43131eaaa76___UF.GRC_YLCV_Lab 09327.JPG,0.5947113037109375,0.08617722988128662,0.7969071865081787,0.0,0.0,0.2823529541492462,0.9999995231628418,0.9999998807907104,3.5762786865234375e-07,clahe,none
D:\BTECH\PlantDiseaseProject\dataset\val\Tomato___Tomato_Yellow_Leaf_Curl_Virus\07aadcd9-330a-4600-a4d7-a638498c022d___YLCV_GCREC 2291.JPG,0.4800604581832886,0.15891312062740326,0.899733304977417,0.000213623046875,0.0,0.5215686559677124,0.9999998807907104,1.0,1.1920928955078125e-07,gamma_dark,none
D:\BTECH\PlantDiseaseProject\dataset\val\Tomato___Tomato_Yellow_Leaf_Curl_Virus\07b76767-2537-474e-8fba-8c8dd29537a0___UF.GRC_YLCV_Lab 09587.JPG,0.43353646993637085,0.1609387844800949,0.9040824770927429,0.0,0.0,0.5058823823928833,1.0,1.0,0.0,none,none
D:\BTECH\PlantDiseaseProject\dataset\val\Tomato___Tomato_Yellow_Leaf_Curl_Virus\07ee388e-0206-49a8-bc3a-f53406a49be3___YLCV_GCREC 2920.JPG,0.44544070959091187,0.13795968890190125,0.8816714286804199,0.0002288818359375,0.0,0.4705882668495178,0.9999935626983643,0.9999958276748657,2.2649765014648438e-06,hist_eq,none
D:\BTECH\PlantDiseaseProject\dataset\val\Tomato___Tomato_Yellow_Leaf_Curl_Virus\087a92c4-5479-4cea-85f1-f0c3cc67a5a7___YLCV_GCREC 5399.JPG,0.39939001202583313,0.1534658521413803,0.8903607130050659,6.103515625e-05,0.0,0.4901961088180542,0.9999146461486816,0.9999146461486816,0.0,none,none
D:\BTECH\PlantDiseaseProject\dataset\val\Tomato___Tomato_Yellow_Leaf_Curl_Virus\089806a4-72a6-4a9d-aed1-5ae29f2bfa2e___YLCV_NREC 2193.JPG,0.46439892053604126,0.23325930535793304,0.9394262433052063,0.0035400390625,0.0001220703125,0.6901960968971252,0.9999995231628418,0.9999998807907104,3.5762786865234375e-07,gamma_dark,none
D:\BTECH\PlantDiseaseProject\dataset\val\Tomato___Tomato_Yellow_Leaf_Curl_Virus\08a52166-1435-4602-9d59-5dc6ef93c549___YLCV_NREC 0224.JPG,0.4537963569164276,0.1354144662618637,0.8876500129699707,0.0006561279296875,0.0,0.4392157196998596,0.9999994039535522,0.9999998807907104,4.76837158203125e-07,gamma_dark,none
D:\BTECH\PlantDiseaseProject\dataset\val\Tomato___Tomato_Yellow_Leaf_Curl_Virus\08b0de32-ab59-46cc-81e2-cef690a3e2b7___YLCV_GCREC 2401.JPG,0.45104923844337463,0.16259363293647766,0.8958436250686646,0.0,0.0,0.4941176772117615,1.0,1.0,0.0,none,none
D:\BTECH\PlantDiseaseProject\dataset\val\Tomato___Tomato_Yellow_Leaf_Curl_Virus\0922e026-b563-438d-b9ed-7476153023ce___YLCV_GCREC 2258.JPG,0.46157389879226685,0.1709866225719452,0.9025681018829346,0.0018157958984375,9.1552734375e-05,0.5921568870544434,0.9999996423721313,1.0,3.5762786865234375e-07,gamma_dark,none
D:\BTECH\PlantDiseaseProject\dataset\val\Tomato___Tomato_Yellow_Leaf_Curl_Virus\09454f5d-73ed-4311-a8f5-6baebadb232f___UF.GRC_YLCV_Lab 09387.JPG,0.4913925230503082,0.1407569795846939,0.8695518970489502,0.0,0.0,0.42352941632270813,1.0,1.0,0.0,none,none
D:\BTECH\PlantDiseaseProject\dataset\val\Tomato___Tomato_Yellow_Leaf_Curl_Virus\09b590da-39d7-43fc-8bf8-1d27633afa7d___UF.GRC_YLCV_Lab 02476.JPG,0.4679107069969177,0.10465884208679199,0.8288692831993103,0.0,0.0,0.3019607961177826,0.9999915361404419,0.9999979734420776,6.4373016357421875e-06,clahe,none
D:\BTECH\PlantDiseaseProject\dataset\val\Tomato___Tomato_Yellow_Leaf_Curl_Virus\09f1a64a-addd-4216-aa34-58d250ac0ace___YLCV_GCREC 5517.JPG,0.41200730204582214,0.1389709860086441,0.8714435696601868,6.103515625e-05,0.0,0.41960787773132324,0.9999998807907104,1.0,1.1920928955078125e-07,gamma_dark,none
D:\BTECH\PlantDiseaseProject\dataset\val\Tomato___Tomato_Yellow_Leaf_Curl_Virus\09f556e6-ee96-4397-90c7-e491169ad065___UF.GRC_YLCV_Lab 03121.JPG,0.49328693747520447,0.11830928176641464,0.8534183502197266,0.0,0.0,0.35686275362968445,0.9999866485595703,0.9999998807907104,1.3232231140136719e-05,hist_eq,none
D:\BTECH\PlantDiseaseProject\dataset\val\Tomato___Tomato_Yellow_Leaf_Curl_Virus\0a3befdb-c654-435b-b834-d3451436afd3___YLCV_NREC 2313.JPG,0.480915367603302,0.20299182832241058,0.9205378293991089,0.00079345703125,0.0001068115234375,0.6352941393852234,1.0,1.0,0.0,none,none
D:\BTECH\PlantDiseaseProject\dataset\val\Tomato___Tomato_Yellow_Leaf_Curl_Virus\0a972298-84e7-47b4-9968-a77369063b02___YLCV_GCREC 1977.JPG,0.5035845041275024,0.185499370098114,0.9151709079742432,0.0,3.0517578125e-05,0.5529412031173706,0.9999996423721313,0.9999996423721313,0.0,none,none
D:\BTECH\PlantDiseaseProject\dataset\val\Tomato___Tomato_Yellow_Leaf_Curl_Virus\0adad6ca-4983-4c80-b19f-6be9d47400ea___YLCV_GCREC 5341.JPG,0.4846351146697998,0.13937097787857056,0.8794999122619629,3.0517578125e-05,0.0,0.4745098352432251,1.0,1.0,0.0,none,none
D:\BTECH\PlantDiseaseProject\dataset\val\Tomato___Tomato_Yellow_Leaf_Curl_Virus\0ae828f5-e6e8-4100-b297-52f98dfc6109___UF.GRC_YLCV_Lab 01958.JPG,0.5450125932693481,0.14590966701507568,0.8761568069458008,0.0,0.0,0.5490196347236633,1.0,1.0,0.0,none,none
D:\BTECH\PlantDiseaseProject\dataset\val\Tomato___Tomato_Yellow_Leaf_Curl_Virus\0b117366-e274-4379-a660-d0affe75c975___UF.GRC_YLCV_Lab 02904.JPG,0.547360897064209,0.08848890662193298,0.8115321397781372,0.0,0.0,0.29411765933036804,1.0,1.0,0.0,none,none
D:\BTECH\PlantDiseaseProject\dataset\val\Tomato___Tomato_Yellow_Leaf_Curl_Virus\0b1dcb63-9519-4b34-af8f-cd2292c86df5___YLCV_GCREC 5294.JPG,0.4661795496940613,0.18697626888751984,0.9026721715927124,0.001190185546875,1.52587890625e-05,0.5803921818733215,1.0,1.0,0.0,none,none
D:\BTECH\PlantDiseaseProject\dataset\val\Tomato___Tomato_Yellow_Leaf_Curl_Virus\0b33ec9a-3f2e-4fee-b663-472c143e3951___YLCV_GCREC 2631.JPG,0.4313081204891205,0.13972611725330353,0.8704891204833984,0.000701904296875,0.0,0.43529415130615234,1.0,1.0,0.0,none,none
D:\BTECH\PlantDiseaseProject\dataset\val\Tomato___Tomato_Yellow_Leaf_Curl_Virus\0b3778d6-b81e-43eb-9512-7e9067a9ca8f___UF.GRC_YLCV_Lab 08551.JPG,0.5115384459495544,0.11846804618835449,0.8331676721572876,0.0,0.0,0.4274510145187378,0.999996542930603,0.9999974966049194,9.5367431640625e-07,clahe,none
D:\BTECH\PlantDiseaseProject\dataset\val\Tomato___Tomato_Yellow_Leaf_Curl_Virus\0b65e4d3-9a6e-463a-b930-814c787d01c6___UF.GRC_YLCV_Lab 01910.JPG,0.5743236541748047,0.13860034942626953,0.8837779760360718,0.0,0.0,0.48627451062202454,1.0,1.0,0.0,none,none
D:\BTECH\PlantDiseaseProject\dataset\val\Tomato___Tomato_Yellow_Leaf_Curl_Virus\0be8de3c-4851-46ec-86d9-65688d4aad7f___YLCV_NREC 2410.JPG,0.6167516708374023,0.2206273376941681,0.9384562969207764,0.000335693359375,0.0001220703125,0.7058823704719543,0.9999701976776123,0.9999855756759644,1.537799835205078e-05,gamma_dark,none
D:\BTECH\PlantDiseaseProject\dataset\val\Tomato___Tomato_Yellow_Leaf_Curl_Virus\0c9ad7ef-1db7-4a0b-864d-7b6ca98a0282___UF.GRC_YLCV_Lab 01506.JPG,0.5812467336654663,0.07614857703447342,0.7360625267028809,0.0,0.0,0.23529410362243652,0.9999988079071045,1.0,1.1920928955078125e-06,clahe,none
D:\BTECH\PlantDiseaseProject\dataset\val\Tomato___Tomato_Yellow_Leaf_Curl_Virus\0ce66ec5-0bb7-4fde-9c61-750a1a150f75___UF.GRC_YLCV_Lab 02219.JPG,0.5755470991134644,0.10393157601356506,0.8118572235107422,0.0,0.0,0.3294117748737335,0.9999998807907104,1.0,1.1920928955078125e-07,clahe,none
D:\BTECH\PlantDiseaseProject\dataset\val\Tomato___Tomato_Yellow_Leaf_Curl_Virus\0e09d4f6-8101-4913-b543-1df3510793a0___YLCV_GCREC 2618.JPG,0.4449702799320221,0.11795807629823685,0.849226713180542,0.0001678466796875,0.0,0.38823533058166504,0.9999998807907104,0.9999998807907104,0.0,none,none
D:\BTECH\PlantDiseaseProject\dataset\val\Tomato___Tomato_Yellow_Leaf_Curl_Virus\0ea977a7-c7b3-429a-b7cf-a9656070c0a7___UF.GRC_YLCV_Lab 02249.JPG,0.5058411359786987,0.09554287791252136,0.7899439930915833,0.0,0.0,0.29509806632995605,1.0,1.0,0.0,none,none
D:\BTECH\PlantDiseaseProject\dataset\val\Tomato___Tomato_Yellow_Leaf_Curl_Virus\0ec3e86a-8c2a-4f66-9c29-ee995dc88a7e___UF.GRC_YLCV_Lab 02980.JPG,0.448031485080719,0.09410269558429718,0.778367280960083,0.0,0.0,0.33725491166114807,1.0,1.0,0.0,none,none
D:\BTECH\PlantDiseaseProject\dataset\val\Tomato___Tomato_Yellow_Leaf_Curl_Virus\0ee45ebe-5685-40d8-962c-e9f83b6af513___YLCV_NREC 2034.JPG,0.5201012492179871,0.1995203047990799,0.9209766387939453,0.0014495849609375,0.000274658203125,0.6509804129600525,0.9999995231628418,1.0,4.76837158203125e-07,gamma_dark,none
D:\BTECH\PlantDiseaseProject\dataset\val\Tomato___Tomato_Yellow_Leaf_Curl_Virus\0f0da02f-84af-4fba-a236-ee4be8a35884___UF.GRC_YLCV_Lab 03086.JPG,0.4168170690536499,0.0977131575345993,0.8251469135284424,0.0,0.0,0.30980393290519714,1.0,1.0,0.0,none,none
D:\BTECH\PlantDiseaseProject\dataset\val\Tomato___Tomato_Yellow_Leaf_Curl_Virus\0f61a675-b540-49d3-9ef4-86a73228dcc8___UF.GRC_YLCV_Lab 09337.JPG,0.665367603302002,0.07938773185014725,0.7774744033813477,0.0,0.0,0.2588235139846802,0.9999955892562866,0.9999996423721313,4.0531158447265625e-06,clahe,none
D:\BTECH\PlantDiseaseProject\dataset\val\Tomato___Tomato_Yellow_Leaf_Curl_Virus\0f934304-9bca-4c2e-a198-ab667b8e7687___YLCV_GCREC 2683.JPG,0.4084712862968445,0.16778619587421417,0.8936119675636292,0.0009307861328125,0.0,0.501960813999176,1.0,1.0,0.0,none,none
D:\BTECH\PlantDiseaseProject\dataset\val\Tomato___Tomato_Yellow_Leaf_Curl_Virus\10239cd2-1e83-45d0-b40d-816316d705d4___YLCV_GCREC 2393.JPG,0.41873547434806824,0.16628101468086243,0.9113439321517944,6.103515625e-05,0.0,0.5058823823928833,1.0,1.0,0.0,none,none
D:\BTECH\PlantDiseaseProject\dataset\val\Tomato___Tomato_Yellow_Leaf_Curl_Virus\10f63c22-2aee-4b78-96e3-b265a5c25d41___UF.GRC_YLCV_Lab 02578.JPG,0.515045166015625,0.12429409474134445,0.8705368041992188,0.0,0.0,0.4117647111415863,0.9999994039535522,0.9999994039535522,0.0,none,none
D:\BTECH\PlantDiseaseProject\dataset\val\Tomato___Tomato_Yellow_Leaf_Curl_Virus\1114e83e-5477-483c-8bed-847b2c169c9f___YLCV_NREC 2257.JPG,0.552818775177002,0.20778235793113708,0.9406031370162964,0.000732421875,0.00018310546875,0.6941176652908325,1.0,1.0,0.0,none,none
D:\BTECH\PlantDiseaseProject\dataset\val\Tomato___Tomato_Yellow_Leaf_Curl_Virus\11565eea-c48c-4727-b880-7c9a76fb3e35___UF.GRC_YLCV_Lab 01799.JPG,0.5533285140991211,0.13486185669898987,0.869359016418457,0.0,0.0,0.49803921580314636,1.0,1.0,0.0,none,none
D:\BTECH\PlantDiseaseProject\dataset\val\Tomato___Tomato_Yellow_Leaf_Curl_Virus\11796227-f10e-4502-a849-ddff117a083c___UF.GRC_YLCV_Lab 03130.JPG,0.5346598625183105,0.1342359036207199,0.863976776599884,3.0517578125e-05,0.0,0.4000000059604645,1.0,1.0,0.0,none,none
D:\BTECH\PlantDiseaseProject\dataset\val\Tomato___Tomato_Yellow_Leaf_Curl_Virus\119b516b-277b-47ae-bf89-5a61a54f7cd3___YLCV_GCREC 1969.JPG,0.5016939640045166,0.2030504047870636,0.9232538938522339,0.0003509521484375,0.0001220703125,0.6117647290229797,1.0,1.0,0.0,none,none
D:\BTECH\PlantDiseaseProject\dataset\val\Tomato___Tomato_Yellow_Leaf_Curl_Virus\11afb190-14bc-4406-b29d-45ccdcc25317___UF.GRC_YLCV_Lab 08553.JPG,0.5741233825683594,0.12153591215610504,0.825685977935791,0.0,0.0,0.364705890417099,0.9994747042655945,0.9995187520980835,4.404783248901367e-05,hist_eq,none
D:\BTECH\PlantDiseaseProject\dataset\val\Tomato___Tomato_Yellow_Leaf_Curl_Virus\11b71e53-8d68-4b37-8b71-3a83e7961f1e___YLCV_NREC 2645.JPG,0.500589907169342,0.22715111076831818,0.9440014958381653,0.0086517333984375,0.0001678466796875,0.7098039388656616,0.999019980430603,0.9999300241470337,0.0009100437164306641,gamma_dark,none
D:\BTECH\PlantDiseaseProject\dataset\val\Tomato___Tomato_Yellow_Leaf_Curl_Virus\11df3c88-1959-4747-b159-a753b69caee6___UF.GRC_YLCV_Lab 01712.JPG,0.5846447348594666,0.1531355232000351,0.8926807641983032,0.0,0.0,0.48235294222831726,0.9998961687088013,0.9999998807907104,0.00010371208190917969,clahe,none
D:\BTECH\PlantDiseaseProject\dataset\val\Tomato___Tomato_Yellow_Leaf_Curl_Virus\1270c061-02e6-4853-8f09-4bb718e1fbca___UF.GRC_YLCV_Lab 01767.JPG,0.41273587942123413,0.13566909730434418,0.8700356483459473,0.0,0.0,0.458823561668396,0.9999966621398926,0.9999998807907104,3.2186508178710938e-06,clahe,none
D:\BTECH\PlantDiseaseProject\dataset\val\Tomato___Tomato_Yellow_Leaf_Curl_Virus\12a87d9e-367c-491c-a7bf-534dd723678b___UF.GRC_YLCV_Lab 01447.JPG,0.6290696263313293,0.14147409796714783,0.8270294070243835,0.0,0.0,0.43921568989753723,1.0,1.0,0.0,none,none
D:\BTECH\PlantDiseaseProject\dataset\val\Tomato___Tomato_Yellow_Leaf_Curl_Virus\12b2b901-0356-4460-ad3c-074bcd2f4ea2___UF.GRC_YLCV_Lab 02858.JPG,0.4554515480995178,0.11507439613342285,0.8489936590194702,0.0,0.0,0.42352941632270813,0.9999622106552124,0.9999960660934448,3.3855438232421875e-05,hist_eq,none
D:\BTECH\PlantDiseaseProject\dataset\val\Tomato___Tomato_Yellow_Leaf_Curl_Virus\12f9f83e-78d4-465f-9987-569cd1e39237___UF.GRC_YLCV_Lab 02867.JPG,0.5674380660057068,0.09371526539325714,0.8159446120262146,0.0,0.0,0.30980393290519714,0.9999955892562866,0.9999992847442627,3.6954879760742188e-06,hist_eq,none
D:\BTECH\PlantDiseaseProject\dataset\val\Tomato___Tomato_Yellow_Leaf_Curl_Virus\13046b34-7d6d-4fc1-a48c-e0bffc8921a3___YLCV_GCREC 2942.JPG,0.49108007550239563,0.167061910033226,0.8738237023353577,0.0007476806640625,3.0517578125e-05,0.5254902243614197,0.9999997615814209,1.0,2.384185791015625e-07,gamma_dark,none
D:\BTECH\PlantDiseaseProject\dataset\val\Tomato___Tomato_Yellow_Leaf_Curl_Virus\130c7662-d387-4698-aa65-f66a0cda7859___UF.GRC_YLCV_Lab 01702.JPG,0.3560861647129059,0.14697401225566864,0.8973551392555237,7.62939453125e-05,0.0,0.49803924560546875,0.9999997615814209,0.9999998807907104,1.1920928955078125e-07,clahe,none
D:\BTECH\PlantDiseaseProject\dataset\val\Tomato___Tomato_Yellow_Leaf_Curl_Virus\13af4744-9e18-4571-a288-4ebd8fa1a7be___UF.GRC_YLCV_Lab 08585.JPG,0.5548646450042725,0.0859009250998497,0.782092273235321,0.0,0.0,0.25882354378700256,0.9999992847442627,0.9999997615814209,4.76837158203125e-07,clahe,none
D:\BTECH\PlantDiseaseProject\dataset\val\Tomato___Tomato_Yellow_Leaf_Curl_Virus\13e11d2f-2dca-4cb4-a6df-ec46e1e583d5___UF.GRC_YLCV_Lab 02116.JPG,0.6299669742584229,0.06606249511241913,0.7437112927436829,0.0,0.0,0.2196078598499298,0.9999929666519165,0.9999994039535522,6.4373016357421875e-06,hist_eq,none
D:\BTECH\PlantDiseaseProject\dataset\val\Tomato___Tomato_Yellow_Leaf_Curl_Virus\13eb8a09-0087-4bb5-b2b8-a768b070e71c___YLCV_GCREC 2918.JPG,0.40737807750701904,0.13568733632564545,0.879435658454895,1.52587890625e-05,0.0,0.43137258291244507,0.9999948740005493,0.9999948740005493,0.0,none,none
D:\BTECH\PlantDiseaseProject\dataset\val\Tomato___Tomato_Yellow_Leaf_Curl_Virus\14bbb9b7-a9a6-493e-93f1-a56062e754d5___UF.GRC_YLCV_Lab 01392.JPG,0.4886677861213684,0.1055266410112381,0.8126551508903503,0.0,0.0,0.3450980484485626,0.9999798536300659,0.9999924898147583,1.2636184692382812e-05,clahe,none
D:\BTECH\PlantDiseaseProject\dataset\val\Tomato___Tomato_Yellow_Leaf_Curl_Virus\15c05db3-f640-4e63-a4b7-c2f3e6ce0133___YLCV_NREC 2781.JPG,0.41532808542251587,0.18085870146751404,0.9094040393829346,0.0076446533203125,0.0,0.5568627715110779,0.9982044696807861,0.9982044696807861,0.0,none,none
D:\BTECH\PlantDiseaseProject\dataset\val\Tomato___Tomato_Yellow_Leaf_Curl_Virus\162a2c9a-53ec-468c-bbaa-145e7acdb8db___UF.GRC_YLCV_Lab 02537.JPG,0.4845280051231384,0.10823710262775421,0.8356546759605408,0.0,0.0,0.364705890417099,1.0,1.0,0.0,none,none
D:\BTECH\PlantDiseaseProject\dataset\val\Tomato___Tomato_Yellow_Leaf_Curl_Virus\163157d0-4fa7-451f-a86b-af06e3e456bd___YLCV_NREC 2901.JPG,0.4509578049182892,0.13712267577648163,0.8795815110206604,0.00048828125,0.0,0.45098042488098145,0.9999996423721313,0.9999996423721313,0.0,none,none
D:\BTECH\PlantDiseaseProject\dataset\val\Tomato___Tomato_Yellow_Leaf_Curl_Virus\165fe4f2-8a94-448c-bcd3-c86a687f6f1a___YLCV_GCREC 5370.JPG,0.41075894236564636,0.16715556383132935,0.9025761485099792,6.103515625e-05,0.0,0.5098039507865906,1.0,1.0,0.0,none,none
D:\BTECH\PlantDiseaseProject\dataset\val\Tomato___Tomato_Yellow_Leaf_Curl_Virus\172cb996-a7ad-45a3-9d3b-0be425414d94___YLCV_GCREC 2323.JPG,0.47770005464553833,0.1574663370847702,0.8822698593139648,0.0014801025390625,1.52587890625e-05,0.501960813999176,1.0,1.0,0.0,none,none
D:\BTECH\PlantDiseaseProject\dataset\val\Tomato___Tomato_Yellow_Leaf_Curl_Virus\1769b9d8-5077-4d78-ac4a-623abc2b17d5___YLCV_GCREC 2619.JPG,0.4379569888114929,0.13076698780059814,0.8703133463859558,0.00054931640625,0.0,0.43529415130615234,0.9999998807907104,0.9999998807907104,0.0,none,none
D:\BTECH\PlantDiseaseProject\dataset\val\Tomato___Tomato_Yellow_Leaf_Curl_Virus\17be2856-5362-4e6e-8d00-db0cbe1b80ce___UF.GRC_YLCV_Lab 01498.JPG,0.49011296033859253,0.12985950708389282,0.8365288972854614,6.103515625e-05,0.0,0.5186274647712708,0.9999963045120239,0.9999996423721313,3.337860107421875e-06,clahe,none
D:\BTECH\PlantDiseaseProject\dataset\val\Tomato___Tomato_Yellow_Leaf_Curl_Virus\17e67b5d-d635-40ef-8c7a-fd10e08c9421___YLCV_GCREC 2647.JPG,0.3825432062149048,0.1538723111152649,0.8966774344444275,0.0018463134765625,0.0,0.4901961088180542,0.9999997615814209,1.0,2.384185791015625e-07,gamma_dark,none
D:\BTECH\PlantDiseaseProject\dataset\val\Tomato___Tomato_Yellow_Leaf_Curl_Virus\18485daf-ca1e-47d2-9d60-6f118c4086df___UF.GRC_YLCV_Lab 01483.JPG,0.49406906962394714,0.09826141595840454,0.8140089511871338,0.0,0.0,0.3294117748737335,0.9999939203262329,0.9999997615814209,5.841255187988281e-06,clahe,none
D:\BTECH\PlantDiseaseProject\dataset\val\Tomato___Tomato_Yellow_Leaf_Curl_Virus\1874ab4f-3257-49d0-83ca-170c25ad7a33___UF.GRC_YLCV_Lab 01323.JPG,0.5325682759284973,0.15788534283638,0.8550646305084229,0.0002593994140625,0.0,0.572549045085907,1.0,1.0,0.0,none,none
D:\BTECH\PlantDiseaseProject\dataset\val\Tomato___Tomato_Yellow_Leaf_Curl_Virus\18f2ca28-91b4-4475-b6b1-18cf33031f39___YLCV_GCREC 2054.JPG,0.42690449953079224,0.1754213273525238,0.8928916454315186,7.62939453125e-05,0.0,0.501960813999176,0.9999997615814209,0.9999997615814209,0.0,none,none
D:\BTECH\PlantDiseaseProject\dataset\val\Tomato___Tomato_Yellow_Leaf_Curl_Virus\19a20587-f100-4b2e-9c07-d07143b3b7d7___YLCV_NREC 2567.JPG,0.42547160387039185,0.17190852761268616,0.9129594564437866,0.00469970703125,0.0,0.5529412031173706,1.0,1.0,0.0,none,none
D:\BTECH\PlantDiseaseProject\dataset\val\Tomato___Tomato_Yellow_Leaf_Curl_Virus\1a799611-3397-4cce-843f-f62058b5a1e4___YLCV_GCREC 2424.JPG,0.4909154772758484,0.1331053525209427,0.871894359588623,0.0,0.0,0.4392157196998596,0.9999998807907104,0.9999998807907104,0.0,none,none
D:\BTECH\PlantDiseaseProject\dataset\val\Tomato___Tomato_Yellow_Leaf_Curl_Virus\1a804c91-77ce-4688-9786-0464b82aa992___UF.GRC_YLCV_Lab 01869.JPG,0.4208570718765259,0.13639536499977112,0.8867995142936707,0.0,0.0,0.45098042488098145,0.9999998807907104,1.0,1.1920928955078125e-07,clahe,none
D:\BTECH\PlantDiseaseProject\dataset\val\Tomato___Tomato_Yellow_Leaf_Curl_Virus\1aad6939-57e8-47e3-8951-10a3556c4941___UF.GRC_YLCV_Lab 08453.JPG,0.5207682847976685,0.09873355180025101,0.8247866034507751,0.0,0.0,0.34117648005485535,0.9956426620483398,0.9997660517692566,0.004123389720916748,hist_eq,none
D:\BTECH\PlantDiseaseProject\dataset\val\Tomato___Tomato_Yellow_Leaf_Curl_Virus\1b02f13d-08c6-4f7b-b0ae-2bc026a92759___YLCV_NREC 2961.JPG,0.4480600655078888,0.17098098993301392,0.9006384611129761,0.0027008056640625,0.0,0.529411792755127,1.0,1.0,0.0,none,none
D:\BTECH\PlantDiseaseProject\dataset\val\Tomato___Tomato_Yellow_Leaf_Curl_Virus\1b2e9df8-8584-4ec3-bdee-a24b054a3529___YLCV_GCREC 2127.JPG,0.43406158685684204,0.1265958696603775,0.8509759902954102,0.000457763671875,0.0,0.4078431725502014,0.9999998807907104,1.0,1.1920928955078125e-07,gamma_dark,none
D:\BTECH\PlantDiseaseProject\dataset\val\Tomato___Tomato_Yellow_Leaf_Curl_Virus\1b80b934-9b73-4c3b-8306-8058b59e766b___YLCV_GCREC 2027.JPG,0.46743398904800415,0.16448451578617096,0.8996351957321167,4.57763671875e-05,3.0517578125e-05,0.5372549295425415,0.9999996423721313,1.0,3.5762786865234375e-07,gamma_dark,none
D:\BTECH\PlantDiseaseProject\dataset\val\Tomato___Tomato_Yellow_Leaf_Curl_Virus\1bc2555a-b8c3-4be6-9ce2-f52573f6eea0___UF.GRC_YLCV_Lab 09562.JPG,0.47635728120803833,0.10718336701393127,0.83900386095047,0.0,0.0,0.364705890417099,1.0,1.0,0.0,none,none
D:\BTECH\PlantDiseaseProject\dataset\val\Tomato___Tomato_Yellow_Leaf_Curl_Virus\1c70bf65-e808-49de-bea2-7e47ef01c139___UF.GRC_YLCV_Lab 02768.JPG,0.4824490547180176,0.09704923629760742,0.8264122009277344,0.0,0.0,0.33725491166114807,0.9999929666519165,0.9999996423721313,6.67572021484375e-06,hist_eq,none
D:\BTECH\PlantDiseaseProject\dataset\val\Tomato___Tomato_Yellow_Leaf_Curl_Virus\1caefc52-d9d0-4493-8f35-4c366a041d93___YLCV_NREC 2803.JPG,0.4225851595401764,0.16977523267269135,0.8984711766242981,0.000732421875,0.0,0.5176470875740051,0.9999998807907104,0.9999998807907104,0.0,none,none
D:\BTECH\PlantDiseaseProject\dataset\val\Tomato___Tomato_Yellow_Leaf_Curl_Virus\1cc5fa35-fde4-4b2d-b543-f0b7e6f5eb79___UF.GRC_YLCV_Lab 02152.JPG,0.5944915413856506,0.08230547606945038,0.7637653946876526,0.0,0.0,0.2862745225429535,0.9998530149459839,0.9999984502792358,0.00014543533325195312,hist_eq,none
D:\BTECH\PlantDiseaseProject\dataset\val\Tomato___Tomato_Yellow_Leaf_Curl_Virus\1d1d75b8-9cf7-4df5-be43-47aedb745b6a___YLCV_GCREC 2000.JPG,0.4954930543899536,0.13796383142471313,0.864712655544281,0.000274658203125,3.0517578125e-05,0.4941176772117615,0.9999966621398926,0.9999991655349731,2.5033950805664062e-06,hist_eq,none
D:\BTECH\PlantDiseaseProject\dataset\val\Tomato___Tomato_Yellow_Leaf_Curl_Virus\1d4fd3e9-0b14-4eb4-8034-699cf0c4ca3e___YLCV_NREC 2583.JPG,0.46247950196266174,0.16351452469825745,0.9027243256568909,0.0,0.0,0.5107843279838562,0.9999154806137085,0.9999154806137085,0.0,none,none
D:\BTECH\PlantDiseaseProject\dataset\val\Tomato___Tomato_Yellow_Leaf_Curl_Virus\1da4146e-31fa-4361-9ee9-dbd1545f85ec___UF.GRC_YLCV_Lab 02047.JPG,0.5898892283439636,0.06480925530195236,0.6891785264015198,0.0,0.0,0.19607841968536377,0.9999998807907104,1.0,1.1920928955078125e-07,clahe,none
D:\BTECH\PlantDiseaseProject\dataset\val\Tomato___Tomato_Yellow_Leaf_Curl_Virus\1da736d4-1d24-47f8-9989-bfed656a7e9d___YLCV_NREC 1989.JPG,0.5340306758880615,0.17094619572162628,0.9107768535614014,0.0001983642578125,4.57763671875e-05,0.5921568870544434,0.9976536631584167,0.9991776347160339,0.0015239715576171875,gamma_dark,none
D:\BTECH\PlantDiseaseProject\dataset\val\Tomato___Tomato_Yellow_Leaf_Curl_Virus\1dd0d62f-7ef7-477f-b781-83423446a1f5___UF.GRC_YLCV_Lab 01580.JPG,0.5367505550384521,0.11456889659166336,0.8089837431907654,0.0,0.0,0.4470588266849518,1.0,1.0,0.0,none,none
D:\BTECH\PlantDiseaseProject\dataset\val\Tomato___Tomato_Yellow_Leaf_Curl_Virus\1df30f7b-fece-4855-b82d-4abe8351a4ef___YLCV_NREC 2591.JPG,0.5022748708724976,0.21495124697685242,0.9401497840881348,0.007232666015625,9.1552734375e-05,0.6666666865348816,0.999994158744812,0.9999972581863403,3.0994415283203125e-06,gamma_dark,none
D:\BTECH\PlantDiseaseProject\dataset\val\Tomato___Tomato_Yellow_Leaf_Curl_Virus\1e23b687-67ac-466c-b14e-49f0fe717ac0___UF.GRC_YLCV_Lab 01647.JPG,0.44695645570755005,0.10730649530887604,0.8359805345535278,0.0,0.0,0.34117650985717773,0.9999991655349731,0.9999992847442627,1.1920928955078125e-07,clahe,none
D:\BTECH\PlantDiseaseProject\dataset\val\Tomato___Tomato_Yellow_Leaf_Curl_Virus\1eac2879-1201-4d11-8652-547787cff379___YLCV_GCREC 5357.JPG,0.45336028933525085,0.12583886086940765,0.8642346858978271,3.0517578125e-05,0.0,0.40392160415649414,0.9999998807907104,1.0,1.1920928955078125e-07,gamma_dark,none
D:\BTECH\PlantDiseaseProject\dataset\val\Tomato___Tomato_Yellow_Leaf_Curl_Virus\1fb17deb-a5a4-46d8-9026-a1fec9b24bec___YLCV_GCREC 5199.JPG,0.5206740498542786,0.1765662282705307,0.9038922190666199,0.00189208984375,9.1552734375e-05,0.5843137502670288,1.0,1.0,0.0,none,none
D:\BTECH\PlantDiseaseProject\dataset\val\Tomato___Tomato_Yellow_Leaf_Curl_Virus\1ff39e2a-e4e5-4090-a87d-245171c14f5b___UF.GRC_YLCV_Lab 01340.JPG,0.49625885486602783,0.1477552205324173,0.8763659000396729,0.0,0.0,0.5137255191802979,1.0,1.0,0.0,none,none
D:\BTECH\PlantDiseaseProject\dataset\val\Tomato___Tomato_Yellow_Leaf_Curl_Virus\207fc955-4430-4829-b860-d3044662115a___UF.GRC_YLCV_Lab 01930.JPG,0.36441412568092346,0.13082553446292877,0.874632716178894,9.1552734375e-05,0.0,0.43137258291244507,0.9999675750732422,0.9999818801879883,1.430511474609375e-05,gamma_dark,none
D:\BTECH\PlantDiseaseProject\dataset\val\Tomato___Tomato_Yellow_Leaf_Curl_Virus\212ecbe4-9f9d-4eb9-aa9c-07b57cff3a35___YLCV_GCREC 1910.JPG,0.49416208267211914,0.17639008164405823,0.8896764516830444,0.0005645751953125,3.0517578125e-05,0.5607843399047852,0.9999998807907104,1.0,1.1920928955078125e-07,clahe,none
D:\BTECH\PlantDiseaseProject\dataset\val\Tomato___Tomato_Yellow_Leaf_Curl_Virus\215dc59b-8b01-4d24-b9a3-50381c85dc68___UF.GRC_YLCV_Lab 08516.JPG,0.5545211434364319,0.09573585540056229,0.8079537749290466,0.0,0.0,0.29411765933036804,0.9998270869255066,0.9998270869255066,0.0,none,none
D:\BTECH\PlantDiseaseProject\dataset\val\Tomato___Tomato_Yellow_Leaf_Curl_Virus\217dfd47-7d8c-44f0-addb-c05b218d3735___YLCV_NREC 2691.JPG,0.3918628394603729,0.21035343408584595,0.938109815120697,0.010345458984375,0.0,0.6313725709915161,0.9999996423721313,0.9999998807907104,2.384185791015625e-07,gamma_bright,none
D:\BTECH\PlantDiseaseProject\dataset\val\Tomato___Tomato_Yellow_Leaf_Curl_Virus\21ba34bc-59e1-4ecf-9cad-fed76e711b45___YLCV_GCREC 2885.JPG,0.4245656728744507,0.16141051054000854,0.9026284217834473,0.0002288818359375,0.0,0.4941176772117615,1.0,1.0,0.0,none,none
D:\BTECH\PlantDiseaseProject\dataset\val\Tomato___Tomato_Yellow_Leaf_Curl_Virus\21c98d84-e4be-42c6-9b94-73d51455fe8b___UF.GRC_YLCV_Lab 02670.JPG,0.5200046300888062,0.10963897407054901,0.8281527757644653,0.0,0.0,0.34117648005485535,1.0,1.0,0.0,none,none
D:\BTECH\PlantDiseaseProject\dataset\val\Tomato___Tomato_Yellow_Leaf_Curl_Virus\21ce68f7-9035-4d91-8e9d-0e2b47840239___YLCV_GCREC 5293.JPG,0.45032721757888794,0.19598253071308136,0.9115238785743713,0.0017852783203125,1.52587890625e-05,0.5921568870544434,1.0,1.0,0.0,none,none
D:\BTECH\PlantDiseaseProject\dataset\val\Tomato___Tomato_Yellow_Leaf_Curl_Virus\21fb518f-e625-4a5c-b75e-b0749ab1ce1f___YLCV_NREC 2451.JPG,0.5115711688995361,0.197106271982193,0.9110387563705444,0.0020751953125,0.0001678466796875,0.6235294342041016,0.9999990463256836,0.9999995231628418,4.76837158203125e-07,gamma_bright,none
D:\BTECH\PlantDiseaseProject\dataset\val\Tomato___Tomato_Yellow_Leaf_Curl_Virus\22062fea-5f67-45d8-b795-7f7dae68e32f___YLCV_GCREC 5367.JPG,0.420867383480072,0.14551877975463867,0.8875341415405273,0.0,0.0,0.45098042488098145,1.0,1.0,0.0,none,none
D:\BTECH\PlantDiseaseProject\dataset\val\Tomato___Tomato_Yellow_Leaf_Curl_Virus\2227bc9c-8176-4e12-be5e-0f527209900e___UF.GRC_YLCV_Lab 02693.JPG,0.52476567029953,0.09283283352851868,0.797849714756012,0.0,0.0,0.29411765933036804,0.9999998807907104,1.0,1.1920928955078125e-07,hist_eq,none
D:\BTECH\PlantDiseaseProject\dataset\val\Tomato___Tomato_Yellow_Leaf_Curl_Virus\2355b3f5-c0c2-46f1-9ce5-07f84b46b9bd___UF.GRC_YLCV_Lab 09556.JPG,0.551859974861145,0.13979561626911163,0.8785260915756226,0.0,0.0,0.4431372582912445,0.9999973773956299,0.9999995231628418,2.1457672119140625e-06,hist_eq,none
D:\BTECH\PlantDiseaseProject\dataset\val\Tomato___Tomato_Yellow_Leaf_Curl_Virus\23697628-24f9-408a-935e-85b1ccfde9c8___YLCV_NREC 2967.JPG,0.46621453762054443,0.1520175039768219,0.8675169348716736,0.001678466796875,0.0,0.46666669845581055,1.0,1.0,0.0,none,none
D:\BTECH\PlantDiseaseProject\dataset\val\Tomato___Tomato_Yellow_Leaf_Curl_Virus\23e7dc1b-0066-4955-adf3-564f97770919___YLCV_GCREC 5368.JPG,0.4551347494125366,0.1645941287279129,0.9049626588821411,1.52587890625e-05,0.0,0.5176470875740051,0.9999998807907104,0.9999998807907104,0.0,none,none
D:\BTECH\PlantDiseaseProject\dataset\val\Tomato___Tomato_Yellow_Leaf_Curl_Virus\24d4945c-8dfd-4bce-9eb1-ba57718f959b___YLCV_GCREC 2485.JPG,0.3976101875305176,0.14018771052360535,0.8838857412338257,7.62939453125e-05,0.0,0.4392157196998596,0.9999960660934448,0.9999985694885254,2.5033950805664062e-06,gamma_dark,none
D:\BTECH\PlantDiseaseProject\dataset\val\Tomato___Tomato_Yellow_Leaf_Curl_Virus\24e68d61-7f48-413c-b72e-6df8267d608f___UF.GRC_YLCV_Lab 01399.JPG,0.5266702175140381,0.10216468572616577,0.8262310028076172,0.0,0.0,0.3294117748737335,0.9999918937683105,0.9999994039535522,7.510185241699219e-06,hist_eq,none
D:\BTECH\PlantDiseaseProject\dataset\val\Tomato___Tomato_Yellow_Leaf_Curl_Virus\258a3644-5db6-44b9-8408-0c67999b6588___UF.GRC_YLCV_Lab 02354.JPG,0.5396902561187744,0.14811186492443085,0.8666985034942627,0.0,0.0,0.4313725531101227,1.0,1.0,0.0,none,none
D:\BTECH\PlantDiseaseProject\dataset\val\Tomato___Tomato_Yellow_Leaf_Curl_Virus\25fe4750-d82d-48a0-b592-ff7c42e01d25___UF.GRC_YLCV_Lab 03315.JPG,0.5982438325881958,0.09433931857347488,0.7865328788757324,0.0,0.0,0.30980393290519714,0.9997615218162537,1.0,0.0002384781837463379,clahe,none
D:\BTECH\PlantDiseaseProject\dataset\val\Tomato___Tomato_Yellow_Leaf_Curl_Virus\2669130b-d44c-4ed6-bd47-2e0deb8e5b34___UF.GRC_YLCV_Lab 03299.JPG,0.5018084645271301,0.11764083802700043,0.8593046069145203,0.0,0.0,0.3764705955982208,0.9999994039535522,1.0,5.960464477539062e-07,clahe,none
D:\BTECH\PlantDiseaseProject\dataset\val\Tomato___Tomato_Yellow_Leaf_Curl_Virus\26b752ab-21d6-40d5-aaa2-9f3e2a6beeb8___YLCV_GCREC 5342.JPG,0.47695332765579224,0.14490172266960144,0.8780534267425537,3.0517578125e-05,0.0,0.4705882668495178,1.0,1.0,0.0,none,none
D:\BTECH\PlantDiseaseProject\dataset\val\Tomato___Tomato_Yellow_Leaf_Curl_Virus\26d30da3-8034-4676-9600-04bd349075cd___YLCV_GCREC 2053.JPG,0.44558173418045044,0.18139499425888062,0.9162406921386719,0.0004425048828125,9.1552734375e-05,0.5686274766921997,1.0,1.0,0.0,none,none
D:\BTECH\PlantDiseaseProject\dataset\val\Tomato___Tomato_Yellow_Leaf_Curl_Virus\26df0b3a-ed4f-4f41-a016-942e76039753___UF.GRC_YLCV_Lab 09555.JPG,0.5509158372879028,0.15206179022789001,0.8983157873153687,0.0,0.0,0.47058823704719543,1.0,1.0,0.0,none,none
D:\BTECH\PlantDiseaseProject\dataset\val\Tomato___Tomato_Yellow_Leaf_Curl_Virus\27cfa018-0a7d-4140-bf76-ebc4752c3ff0___UF.GRC_YLCV_Lab 01283.JPG,0.445652574300766,0.12925463914871216,0.8605852723121643,0.0,0.0,0.46274513006210327,1.0,1.0,0.0,none,none
D:\BTECH\PlantDiseaseProject\dataset\val\Tomato___Tomato_Yellow_Leaf_Curl_Virus\28e4159d-d813-4422-9805-406b4fd141ac___UF.GRC_YLCV_Lab 02491.JPG,0.5142186284065247,0.13484011590480804,0.8693419098854065,1.52587890625e-05,0.0,0.3960784375667572,1.0,1.0,0.0,none,none
D:\BTECH\PlantDiseaseProject\dataset\val\Tomato___Tomato_Yellow_Leaf_Curl_Virus\2938ae9a-ba4d-4e2b-8a21-2851e010eeb8___UF.GRC_YLCV_Lab 03290.JPG,0.5293067693710327,0.10196703672409058,0.8026586771011353,3.0517578125e-05,0.0,0.30980393290519714,1.0,1.0,0.0,none,none
D:\BTECH\PlantDiseaseProject\dataset\val\Tomato___Tomato_Yellow_Leaf_Curl_Virus\29492ed6-7448-40d6-927c-ec61f77a37af___UF.GRC_YLCV_Lab 03126.JPG,0.5719150304794312,0.12291289865970612,0.8644272089004517,0.0,0.0,0.38823530077934265,1.0,1.0,0.0,none,none
D:\BTECH\PlantDiseaseProject\dataset\val\Tomato___Tomato_Yellow_Leaf_Curl_Virus\295e5153-a392-45ea-9945-ce357e344695___YLCV_NREC 2437.JPG,0.5263324975967407,0.17787830531597137,0.9145289659500122,0.0015869140625,0.0001068115234375,0.6235294342041016,0.9999998807907104,1.0,1.1920928955078125e-07,clahe,none
D:\BTECH\PlantDiseaseProject\dataset\val\Tomato___Tomato_Yellow_Leaf_Curl_Virus\2a433ab0-4ff3-4991-8a34-c0536ba5ba5f___YLCV_GCREC 5383.JPG,0.41179603338241577,0.14618876576423645,0.8881182074546814,0.000213623046875,0.0,0.4745098352432251,0.9999996423721313,0.9999997615814209,1.1920928955078125e-07,gamma_bright,none
D:\BTECH\PlantDiseaseProject\dataset\val\Tomato___Tomato_Yellow_Leaf_Curl_Virus\2ac22b20-1bfe-463c-b43d-006e5becb0ef___YLCV_GCREC 2508.JPG,0.4653778672218323,0.12451213598251343,0.870970606803894,1.52587890625e-05,0.0,0.4117647409439087,1.0,1.0,0.0,none,none
D:\BTECH\PlantDiseaseProject\dataset\val\Tomato___Tomato_Yellow_Leaf_Curl_Virus\2b48038c-a3a2-4920-8ac8-5ff3ee3cb622___YLCV_NREC 2282.JPG,0.536961019039154,0.15215566754341125,0.8937467336654663,0.00030517578125,6.103515625e-05,0.545098066329956,0.9999970197677612,0.9999996423721313,2.6226043701171875e-06,hist_eq,none
D:\BTECH\PlantDiseaseProject\dataset\val\Tomato___Tomato_Yellow_Leaf_Curl_Virus\2ba77bb3-aec1-4fff-bc95-99e28c7b85f7___UF.GRC_YLCV_Lab 08483.JPG,0.6434813141822815,0.09727219492197037,0.7774741053581238,0.0,0.0,0.26764702796936035,1.0,1.0,0.0,none,none
D:\BTECH\PlantDiseaseProject\dataset\val\Tomato___Tomato_Yellow_Leaf_Curl_Virus\2bbe6fb5-d83b-427e-a757-06b0aa54df99___YLCV_NREC 2089.JPG,0.49959221482276917,0.20064230263233185,0.9299129247665405,0.001861572265625,0.0002899169921875,0.6509804129600525,1.0,1.0,0.0,none,none
D:\BTECH\PlantDiseaseProject\dataset\val\Tomato___Tomato_Yellow_Leaf_Curl_Virus\2be75df5-bbeb-46a0-909e-4be2d8d6a369___UF.GRC_YLCV_Lab 02321.JPG,0.4303865432739258,0.12036027014255524,0.8567444682121277,0.0,0.0,0.36862748861312866,1.0,1.0,0.0,none,none
D:\BTECH\PlantDiseaseProject\dataset\val\Tomato___Tomato_Yellow_Leaf_Curl_Virus\2be8c906-36de-4290-9003-cc717511cab9___YLCV_GCREC 2334.JPG,0.45906326174736023,0.1843101680278778,0.8935664296150208,0.0007171630859375,0.0,0.5803921818733215,0.9999988079071045,0.9999995231628418,7.152557373046875e-07,clahe,none
D:\BTECH\PlantDiseaseProject\dataset\val\Tomato___Tomato_Yellow_Leaf_Curl_Virus\2c17e2dd-98aa-4416-b221-bb1f306f626c___YLCV_NREC 2088.JPG,0.5007405281066895,0.2087431252002716,0.9314101338386536,0.0027923583984375,0.0001678466796875,0.6470588445663452,1.0,1.0,0.0,none,none
D:\BTECH\PlantDiseaseProject\dataset\val\Tomato___Tomato_Yellow_Leaf_Curl_Virus\2c2cb9ca-97fd-4897-84d2-e37c6adc2ce2___YLCV_NREC 2832.JPG,0.41023603081703186,0.1856173425912857,0.9181624054908752,0.00518798828125,0.0,0.572549045085907,1.0,1.0,0.0,none,none
D:\BTECH\PlantDiseaseProject\dataset\val\Tomato___Tomato_Yellow_Leaf_Curl_Virus\2c3648eb-a27a-4066-9ee1-7a35425219bd___YLCV_GCREC 2556.JPG,0.4632854461669922,0.1360122114419937,0.8754750490188599,3.0517578125e-05,0.0,0.4431372880935669,1.0,1.0,0.0,none,none
D:\BTECH\PlantDiseaseProject\dataset\val\Tomato___Tomato_Yellow_Leaf_Curl_Virus\2c63abde-6c3f-422f-861d-ef78dce24a3c___UF.GRC_YLCV_Lab 02630.JPG,0.45487695932388306,0.12616580724716187,0.8660898208618164,0.0,0.0,0.43921568989753723,0.999995231628418,0.9999959468841553,7.152557373046875e-07,gamma_dark,none
D:\BTECH\PlantDiseaseProject\dataset\val\Tomato___Tomato_Yellow_Leaf_Curl_Virus\2c64b813-02ac-48e1-a9be-35414a31a76a___UF.GRC_YLCV_Lab 03234.JPG,0.5044862627983093,0.12013571709394455,0.8552513718605042,0.0,0.0,0.364705890417099,0.9999990463256836,1.0,9.5367431640625e-07,clahe,none
D:\BTECH\PlantDiseaseProject\dataset\val\Tomato___Tomato_Yellow_Leaf_Curl_Virus\2cdc89df-d398-4dd6-98ff-d3433a681af0___UF.GRC_YLCV_Lab 01410.JPG,0.49128803610801697,0.1283116191625595,0.8427378535270691,0.000732421875,0.0,0.4078431725502014,0.9999998807907104,1.0,1.1920928955078125e-07,clahe,none
D:\BTECH\PlantDiseaseProject\dataset\val\Tomato___Tomato_Yellow_Leaf_Curl_Virus\2ced8bb2-5756-4c99-837f-3cb3a2e831ff___YLCV_GCREC 5430.JPG,0.3720933198928833,0.16674087941646576,0.9022607803344727,9.1552734375e-05,0.0,0.5176470875740051,0.9933930039405823,0.9969837069511414,0.003590703010559082,gamma_dark,none
D:\BTECH\PlantDiseaseProject\dataset\val\Tomato___Tomato_Yellow_Leaf_Curl_Virus\2d5a0c64-0567-4860-9d64-be45f8ede045___YLCV_GCREC 2882.JPG,0.4890429973602295,0.19210462272167206,0.9152792692184448,0.0006103515625,0.0,0.6000000238418579,1.0,1.0,0.0,none,none
D:\BTECH\PlantDiseaseProject\dataset\val\Tomato___Tomato_Yellow_Leaf_Curl_Virus\2e19c515-4c23-418c-8a54-0f06a4b037cb___UF.GRC_YLCV_Lab 01769.JPG,0.5116870999336243,0.15776798129081726,0.8847043514251709,0.0,0.0,0.49803921580314636,0.9999942779541016,0.9999998807907104,5.602836608886719e-06,clahe,none
D:\BTECH\PlantDiseaseProject\dataset\val\Tomato___Tomato_Yellow_Leaf_Curl_Virus\2e2a99f3-c01f-4c31-bf0a-a75e9a8e3274___UF.GRC_YLCV_Lab 02547.JPG,0.47036242485046387,0.12233632802963257,0.8526692390441895,1.52587890625e-05,0.0,0.3921568989753723,0.9999932050704956,0.9999996423721313,6.4373016357421875e-06,hist_eq,none
D:\BTECH\PlantDiseaseProject\dataset\val\Tomato___Tomato_Yellow_Leaf_Curl_Virus\2f682534-8b9b-42e8-9e24-b806d93d0747___UF.GRC_YLCV_Lab 02289.JPG,0.5778701305389404,0.08831185847520828,0.7916117310523987,0.0,0.0,0.2980392277240753,1.0,1.0,0.0,none,none
D:\BTECH\PlantDiseaseProject\dataset\val\Tomato___Tomato_Yellow_Leaf_Curl_Virus\2f942c02-a2ed-470c-a632-a307a3592851___YLCV_NREC 2225.JPG,0.4376298189163208,0.17614905536174774,0.9195950031280518,0.00140380859375,0.0,0.5686274766921997,0.9999998807907104,1.0,1.1920928955078125e-07,gamma_dark,none
D:\BTECH\PlantDiseaseProject\dataset\val\Tomato___Tomato_Yellow_Leaf_Curl_Virus\2ff17453-2560-4ec3-bedb-0bee2f46ce8f___UF.GRC_YLCV_Lab 01286.JPG,0.5467876195907593,0.18285708129405975,0.877443790435791,0.0025482177734375,0.0,0.6470588445663452,1.0,1.0,0.0,none,none
D:\BTECH\PlantDiseaseProject\dataset\val\Tomato___Tomato_Yellow_Leaf_Curl_Virus\2ff9d604-2e15-4baa-974d-2038df4501e1___UF.GRC_YLCV_Lab 01577.JPG,0.5407920479774475,0.10745331645011902,0.8048521876335144,0.0,0.0,0.40392157435417175,0.9999996423721313,1.0,3.5762786865234375e-07,clahe,none
D:\BTECH\PlantDiseaseProject\dataset\val\Tomato___Tomato_Yellow_Leaf_Curl_Virus\300ebe96-b729-4553-91b3-7955a03e3070___YLCV_GCREC 2028.JPG,0.46849119663238525,0.16436374187469482,0.8913426399230957,0.00018310546875,1.52587890625e-05,0.5254902243614197,1.0,1.0,0.0,none,none
D:\BTECH\PlantDiseaseProject\dataset\val\Tomato___Tomato_Yellow_Leaf_Curl_Virus\306974f5-cc73-48ea-b8c6-274b260ea9e5___YLCV_GCREC 2337.JPG,0.41082680225372314,0.1623777598142624,0.9027121663093567,0.0039520263671875,0.0,0.5176470875740051,1.0,1.0,0.0,none,none
D:\BTECH\PlantDiseaseProject\dataset\val\Tomato___Tomato_Yellow_Leaf_Curl_Virus\306ea7af-ad33-45cd-bbc5-cf92c16c73f9___YLCV_GCREC 5385.JPG,0.39727282524108887,0.15233728289604187,0.8882070183753967,7.62939453125e-05,0.0,0.4862745404243469,1.0,1.0,0.0,none,none
D:\BTECH\PlantDiseaseProject\dataset\val\Tomato___Tomato_Yellow_Leaf_Curl_Virus\30d443da-4727-4e57-8bde-e3da406e15f2___UF.GRC_YLCV_Lab 02518.JPG,0.4590756297111511,0.12060017883777618,0.8603621125221252,0.0,0.0,0.37254902720451355,1.0,1.0,0.0,none,none
D:\BTECH\PlantDiseaseProject\dataset\val\Tomato___Tomato_Yellow_Leaf_Curl_Virus\31104960-ccf3-41eb-a690-873b0663de4e___UF.GRC_YLCV_Lab 03056.JPG,0.5929266810417175,0.16189132630825043,0.9045623540878296,0.0,0.0,0.5215686559677124,1.0,1.0,0.0,none,none
D:\BTECH\PlantDiseaseProject\dataset\val\Tomato___Tomato_Yellow_Leaf_Curl_Virus\3115327e-438d-4a81-8b42-28278f6c104e___YLCV_GCREC 2534.JPG,0.41698333621025085,0.16376377642154694,0.9086159467697144,0.0013275146484375,0.0,0.5215686559677124,0.9999995231628418,0.9999998807907104,3.5762786865234375e-07,gamma_dark,none
D:\BTECH\PlantDiseaseProject\dataset\val\Tomato___Tomato_Yellow_Leaf_Curl_Virus\31d86770-9b8a-45ca-bfca-01fb29a73aa3___UF.GRC_YLCV_Lab 03107.JPG,0.5944827795028687,0.11379428207874298,0.8178994059562683,0.0,0.0,0.34117648005485535,0.9999992847442627,1.0,7.152557373046875e-07,clahe,none
D:\BTECH\PlantDiseaseProject\dataset\val\Tomato___Tomato_Yellow_Leaf_Curl_Virus\32d4782a-b7df-40f5-95d0-2a6173627193___UF.GRC_YLCV_Lab 03281.JPG,0.49155324697494507,0.12397242337465286,0.8629326224327087,0.0,0.0,0.38823530077934265,0.9999978542327881,0.9999998807907104,2.0265579223632812e-06,hist_eq,none
D:\BTECH\PlantDiseaseProject\dataset\val\Tomato___Tomato_Yellow_Leaf_Curl_Virus\32f6c332-c6c2-4746-ae52-1c10a26e9889___YLCV_GCREC 1970.JPG,0.4885554313659668,0.18247760832309723,0.907988429069519,0.000213623046875,3.0517578125e-05,0.572549045085907,1.0,1.0,0.0,none,none
D:\BTECH\PlantDiseaseProject\dataset\val\Tomato___Tomato_Yellow_Leaf_Curl_Virus\33408001-e14f-41c8-9757-e085698d7467___UF.GRC_YLCV_Lab 03165.JPG,0.5321403741836548,0.1244434043765068,0.8377195000648499,7.62939453125e-05,0.0,0.38823530077934265,0.9999992847442627,1.0,7.152557373046875e-07,clahe,none
D:\BTECH\PlantDiseaseProject\dataset\val\Tomato___Tomato_Yellow_Leaf_Curl_Virus\3369c284-ac18-414e-809c-0096a8242fa0___UF.GRC_YLCV_Lab 03210.JPG,0.5389023423194885,0.12256445735692978,0.8524656891822815,0.0,0.0,0.41960784792900085,1.0,1.0,0.0,none,none
D:\BTECH\PlantDiseaseProject\dataset\val\Tomato___Tomato_Yellow_Leaf_Curl_Virus\33a21d8f-cd67-4923-96a3-8b605a88a550___YLCV_NREC 2528.JPG,0.5385079383850098,0.23084434866905212,0.9537374973297119,0.0049896240234375,0.0004425048828125,0.7333333492279053,1.0,1.0,0.0,none,none
D:\BTECH\PlantDiseaseProject\dataset\val\Tomato___Tomato_Yellow_Leaf_Curl_Virus\347a0845-117b-4389-8265-8c635a362e90___YLCV_GCREC 2649.JPG,0.385596364736557,0.1509270817041397,0.8929948210716248,0.00054931640625,0.0,0.4745098352432251,1.0,1.0,0.0,none,none
D:\BTECH\PlantDiseaseProject\dataset\val\Tomato___Tomato_Yellow_Leaf_Curl_Virus\35254318-a11d-4fb1-9d77-dd85b8a96700___YLCV_NREC 2940.JPG,0.41613781452178955,0.15572793781757355,0.9034824371337891,0.00225830078125,0.0,0.5098039507865906,1.0,1.0,0.0,none,none
D:\BTECH\PlantDiseaseProject\dataset\val\Tomato___Tomato_Yellow_Leaf_Curl_Virus\35515968-5714-4c60-ac4d-c3e74500012a___UF.GRC_YLCV_Lab 08532.JPG,0.5451482534408569,0.08101484179496765,0.7788791656494141,0.0,0.0,0.2705882489681244,0.9999712705612183,0.9999903440475464,1.9073486328125e-05,hist_eq,none
D:\BTECH\PlantDiseaseProject\dataset\val\Tomato___Tomato_Yellow_Leaf_Curl_Virus\35b7e85b-a3b2-4e34-96a1-cd9fd35e6c39___YLCV_NREC 2831.JPG,0.4282410442829132,0.15680061280727386,0.8963226675987244,0.001861572265625,0.0,0.5215686559677124,0.9999988079071045,0.9999998807907104,1.0728836059570312e-06,hist_eq,none
D:\BTECH\PlantDiseaseProject\dataset\val\Tomato___Tomato_Yellow_Leaf_Curl_Virus\36511288-7cbb-4ee0-911f-bb3e341c8f32___UF.GRC_YLCV_Lab 01272.JPG,0.5484452843666077,0.09981828927993774,0.8354947566986084,0.0,0.0,0.33725491166114807,0.9999998807907104,0.9999998807907104,0.0,none,none
D:\BTECH\PlantDiseaseProject\dataset\val\Tomato___Tomato_Yellow_Leaf_Curl_Virus\3681ae42-6f07-426d-b3cc-97824401e018___UF.GRC_YLCV_Lab 03224.JPG,0.4758108854293823,0.1273714154958725,0.8711977601051331,0.0,0.0,0.40784314274787903,1.0,1.0,0.0,none,none
D:\BTECH\PlantDiseaseProject\dataset\val\Tomato___Tomato_Yellow_Leaf_Curl_Virus\370dd3ef-247b-480f-9602-9c5b97c6bfe2___YLCV_NREC 2619.JPG,0.5009505748748779,0.20978334546089172,0.9371898770332336,0.0058441162109375,0.0001678466796875,0.6666666865348816,0.9999995231628418,1.0,4.76837158203125e-07,gamma_dark,none
D:\BTECH\PlantDiseaseProject\dataset\val\Tomato___Tomato_Yellow_Leaf_Curl_Virus\37b9b782-f68d-4bc8-8c7b-616627c9303c___UF.GRC_YLCV_Lab 02273.JPG,0.5026059746742249,0.07350675016641617,0.7687891125679016,0.0,0.0,0.22745099663734436,1.0,1.0,0.0,none,none
D:\BTECH\PlantDiseaseProject\dataset\val\Tomato___Tomato_Yellow_Leaf_Curl_Virus\37c875ff-bb1a-4efd-b65a-9e4aa6bed2a6___UF.GRC_YLCV_Lab 09463.JPG,0.4871993660926819,0.09120314568281174,0.8171235918998718,0.0,0.0,0.30980393290519714,1.0,1.0,0.0,none,none
D:\BTECH\PlantDiseaseProject\dataset\val\Tomato___Tomato_Yellow_Leaf_Curl_Virus\389e8805-adfb-4426-98c3-e693752b3050___UF.GRC_YLCV_Lab 03301.JPG,0.49811798334121704,0.1471749097108841,0.8646014928817749,0.0,0.0,0.4431372880935669,0.9999998807907104,1.0,1.1920928955078125e-07,clahe,none
D:\BTECH\PlantDiseaseProject\dataset\val\Tomato___Tomato_Yellow_Leaf_Curl_Virus\39084a62-b048-481f-aa85-59bf129fa862___YLCV_NREC 2281.JPG,0.5189392566680908,0.18571129441261292,0.8940448760986328,0.000823974609375,0.0,0.5921568870544434,0.9999992847442627,1.0,7.152557373046875e-07,hist_eq,none
D:\BTECH\PlantDiseaseProject\dataset\val\Tomato___Tomato_Yellow_Leaf_Curl_Virus\3963a2e9-e6cc-4c8c-b8d2-96c7b2aa2f5a___UF.GRC_YLCV_Lab 01587.JPG,0.5450435876846313,0.06656761467456818,0.7511852979660034,0.0,0.0,0.21568629145622253,0.9999493360519409,0.9999643564224243,1.5020370483398438e-05,gamma_bright,none
D:\BTECH\PlantDiseaseProject\dataset\val\Tomato___Tomato_Yellow_Leaf_Curl_Virus\397268be-3d46-4e86-ac2d-90f8de6f8390___UF.GRC_YLCV_Lab 09348.JPG,0.4914281666278839,0.13815173506736755,0.8878450393676758,0.0,0.0,0.4431372582912445,0.999996542930603,0.999998927116394,2.384185791015625e-06,hist_eq,none
D:\BTECH\PlantDiseaseProject\dataset\val\Tomato___Tomato_Yellow_Leaf_Curl_Virus\398e4f78-5ae3-48c3-944c-b24e6c411c1b___UF.GRC_YLCV_Lab 02055.JPG,0.6188107132911682,0.07301145792007446,0.7296341061592102,0.0,0.0,0.23137253522872925,0.9999889135360718,0.9999974966049194,8.58306884765625e-06,gamma_bright,none
D:\BTECH\PlantDiseaseProject\dataset\val\Tomato___Tomato_Yellow_Leaf_Curl_Virus\3a6b3050-21ca-4384-808c-32358bfc8b90___UF.GRC_YLCV_Lab 01312.JPG,0.42991894483566284,0.15842512249946594,0.8965959548950195,0.00030517578125,0.0,0.5058823823928833,1.0,1.0,0.0,none,none
D:\BTECH\PlantDiseaseProject\dataset\val\Tomato___Tomato_Yellow_Leaf_Curl_Virus\3ad489b2-272b-4c12-b2fd-4b0a74bdf0d5___UF.GRC_YLCV_Lab 02850.JPG,0.48957207798957825,0.10951993614435196,0.8386293053627014,0.0,0.0,0.3764705955982208,0.9999991655349731,1.0,8.344650268554688e-07,clahe,none
D:\BTECH\PlantDiseaseProject\dataset\val\Tomato___Tomato_Yellow_Leaf_Curl_Virus\3b237621-09df-4dda-9a96-d37fbfee2831___UF.GRC_YLCV_Lab 02213.JPG,0.5745878219604492,0.12156970798969269,0.8230761289596558,0.0,0.0,0.4588235318660736,0.9996028542518616,0.9999672174453735,0.0003643631935119629,clahe,none
D:\BTECH\PlantDiseaseProject\dataset\val\Tomato___Tomato_Yellow_Leaf_Curl_Virus\3b27410a-09a4-4d3f-b33b-a867a5a5a9a6___UF.GRC_YLCV_Lab 09589.JPG,0.45706528425216675,0.08739958703517914,0.8089262247085571,0.0,0.0,0.29019609093666077,0.9999986886978149,0.9999998807907104,1.1920928955078125e-06,hist_eq,none
D:\BTECH\PlantDiseaseProject\dataset\val\Tomato___Tomato_Yellow_Leaf_Curl_Virus\3bacf94d-311e-4403-8cee-8f9c63cd1aaa___UF.GRC_YLCV_Lab 02739.JPG,0.5511475801467896,0.11473581194877625,0.8540761470794678,0.0,0.0,0.35686275362968445,0.9999998807907104,1.0,1.1920928955078125e-07,clahe,none
D:\BTECH\PlantDiseaseProject\dataset\val\Tomato___Tomato_Yellow_Leaf_Curl_Virus\3c6bd94d-921c-4860-b355-9cc8f4e0f8cc___YLCV_GCREC 2378.JPG,0.5189332962036133,0.1578454226255417,0.8732254505157471,3.0517578125e-05,0.0,0.5098039507865906,0.9999969005584717,0.9999979734420776,1.0728836059570312e-06,clahe,none
D:\BTECH\PlantDiseaseProject\dataset\val\Tomato___Tomato_Yellow_Leaf_Curl_Virus\3c81738c-1241-4bc8-a55a-dc0efb3250ce___YLCV_GCREC 2390.JPG,0.4110648036003113,0.1561196744441986,0.8953896164894104,1.52587890625e-05,0.0,0.48235297203063965,0.9999998807907104,0.9999998807907104,0.0,none,none
D:\BTECH\PlantDiseaseProject\dataset\val\Tomato___Tomato_Yellow_Leaf_Curl_Virus\3d14acd6-7729-4375-ac73-4177cd5e504b___UF.GRC_YLCV_Lab 02994.JPG,0.4383501410484314,0.11675470322370529,0.8595461845397949,0.0,0.0,0.4078431725502014,0.9999998807907104,1.0,1.1920928955078125e-07,gamma_bright,none
D:\BTECH\PlantDiseaseProject\dataset\val\Tomato___Tomato_Yellow_Leaf_Curl_Virus\3d4dc600-d3cd-445c-a156-3f81773e6804___UF.GRC_YLCV_Lab 01377.JPG,0.4589617848396301,0.11743195354938507,0.830115795135498,0.0,0.0,0.3764706254005432,1.0,1.0,0.0,none,none
D:\BTECH\PlantDiseaseProject\dataset\val\Tomato___Tomato_Yellow_Leaf_Curl_Virus\3d5f3d2d-eaf2-4848-bbf2-c9f8e87c5158___YLCV_GCREC 5143.JPG,0.5134242177009583,0.14114801585674286,0.850077748298645,0.0010986328125,0.0,0.49803924560546875,0.9999996423721313,0.9999998807907104,2.384185791015625e-07,gamma_dark,none
D:\BTECH\PlantDiseaseProject\dataset\val\Tomato___Tomato_Yellow_Leaf_Curl_Virus\3d6ab6a7-de7d-4450-a73c-4310a75f15f6___UF.GRC_YLCV_Lab 02938.JPG,0.49086326360702515,0.12495866417884827,0.8679644465446472,0.0,0.0,0.3843137323856354,0.9999997615814209,1.0,2.384185791015625e-07,gamma_dark,none
D:\BTECH\PlantDiseaseProject\dataset\val\Tomato___Tomato_Yellow_Leaf_Curl_Virus\3d91e43d-fe47-490a-b89f-acf52e0161a4___YLCV_GCREC 2944.JPG,0.5752012729644775,0.1651710718870163,0.8724401593208313,3.0517578125e-05,6.103515625e-05,0.5215686559677124,0.9999957084655762,0.9999983310699463,2.6226043701171875e-06,gamma_bright,none
D:\BTECH\PlantDiseaseProject\dataset\val\Tomato___Tomato_Yellow_Leaf_Curl_Virus\3e5ce27b-7e44-4290-a4a4-ef96f22badd3___YLCV_NREC 1990.JPG,0.4619067907333374,0.202639639377594,0.9205656051635742,0.000885009765625,3.0517578125e-05,0.6313725709915161,0.9885674715042114,0.9974738955497742,0.008906424045562744,gamma_dark,none
D:\BTECH\PlantDiseaseProject\dataset\val\Tomato___Tomato_Yellow_Leaf_Curl_Virus\3f47ceff-19ca-4b32-aa85-9d3a44c12667___UF.GRC_YLCV_Lab 03171.JPG,0.5397254228591919,0.11095297336578369,0.8483529686927795,0.0,0.0,0.364705890417099,0.9999973773956299,0.9999994039535522,2.0265579223632812e-06,hist_eq,none
D:\BTECH\PlantDiseaseProject\dataset\val\Tomato___Tomato_Yellow_Leaf_Curl_Virus\401ddcf1-6af4-4caf-a185-1d920167b214___UF.GRC_YLCV_Lab 01541.JPG,0.49251729249954224,0.09057360142469406,0.8009440302848816,0.0,0.0,0.2980392277240753,0.999855637550354,0.9999991655349731,0.00014352798461914062,hist_eq,none
D:\BTECH\PlantDiseaseProject\dataset\val\Tomato___Tomato_Yellow_Leaf_Curl_Virus\406a82f8-91ec-4729-9ac7-4d28122208bf___UF.GRC_YLCV_Lab 02453.JPG,0.49059826135635376,0.10048557072877884,0.827933132648468,0.0,0.0,0.30980393290519714,0.9998586177825928,0.9999985694885254,0.0001399517059326172,hist_eq,none
D:\BTECH\PlantDiseaseProject\dataset\val\Tomato___Tomato_Yellow_Leaf_Curl_Virus\40726129-3f95-4a8d-b0c6-865c12889fd9___UF.GRC_YLCV_Lab 01586.JPG,0.5051704049110413,0.11650136858224869,0.8275734186172485,0.0,0.0,0.4274509847164154,1.0,1.0,0.0,none,none
D:\BTECH\PlantDiseaseProject\dataset\val\Tomato___Tomato_Yellow_Leaf_Curl_Virus\409fcfd3-cc6f-483e-9a32-c161c3ed0e67___YLCV_GCREC 2306.JPG,0.44514405727386475,0.1391633152961731,0.8566104173660278,0.0011138916015625,0.0,0.4392157196998596,0.9999891519546509,0.9999936819076538,4.5299530029296875e-06,gamma_dark,none
D:\BTECH\PlantDiseaseProject\dataset\val\Tomato___Tomato_Yellow_Leaf_Curl_Virus\40a35c35-7e27-44bb-8a94-ce0bd642a12c___UF.GRC_YLCV_Lab 09473.JPG,0.5542373061180115,0.11683131754398346,0.8580180406570435,0.0,0.0,0.3607843220233917,0.9999998807907104,1.0,1.1920928955078125e-07,clahe,none
D:\BTECH\PlantDiseaseProject\dataset\val\Tomato___Tomato_Yellow_Leaf_Curl_Virus\40e1fc16-bdc1-497e-8931-8b274cb4f187___YLCV_NREC 2358.JPG,0.4785088002681732,0.14639048278331757,0.8849223256111145,0.0002593994140625,0.0,0.4705882668495178,1.0,1.0,0.0,none,none
D:\BTECH\PlantDiseaseProject\dataset\val\Tomato___Tomato_Yellow_Leaf_Curl_Virus\41e2c35b-460c-424f-b42e-68a47c5d9258___UF.GRC_YLCV_Lab 02026.JPG,0.5829395651817322,0.0760129913687706,0.7152633666992188,0.0,0.0,0.21176472306251526,1.0,1.0,0.0,none,none
D:\BTECH\PlantDiseaseProject\dataset\val\Tomato___Tomato_Yellow_Leaf_Curl_Virus\41f5165f-d265-4f1f-b14b-8391223c4288___YLCV_NREC 2461.JPG,0.4877513349056244,0.2025999128818512,0.9289107322692871,0.00341796875,0.0001068115234375,0.6470588445663452,1.0,1.0,0.0,none,none
D:\BTECH\PlantDiseaseProject\dataset\val\Tomato___Tomato_Yellow_Leaf_Curl_Virus\4204ecd6-8639-4fc4-92b2-cb1370c8b846___UF.GRC_YLCV_Lab 08460.JPG,0.55748051404953,0.14572016894817352,0.861102283000946,0.00067138671875,0.0,0.4313725531101227,0.9999997615814209,1.0,2.384185791015625e-07,clahe,none
D:\BTECH\PlantDiseaseProject\dataset\val\Tomato___Tomato_Yellow_Leaf_Curl_Virus\423ec8f2-4225-45e8-a085-8e017fb49df5___UF.GRC_YLCV_Lab 01687.JPG,0.5221089124679565,0.10988730192184448,0.8386407494544983,0.000274658203125,0.0,0.3137255012989044,0.9999861717224121,0.9999990463256836,1.2874603271484375e-05,hist_eq,none
D:\BTECH\PlantDiseaseProject\dataset\val\Tomato___Tomato_Yellow_Leaf_Curl_Virus\4261d968-939e-4606-897e-49c562022202___UF.GRC_YLCV_Lab 01636.JPG,0.5559840202331543,0.08187087625265121,0.7851118445396423,0.0,0.0,0.23137256503105164,0.9999997615814209,1.0,2.384185791015625e-07,clahe,none
D:\BTECH\PlantDiseaseProject\dataset\val\Tomato___Tomato_Yellow_Leaf_Curl_Virus\42862484-6670-48fc-9d8e-ae2bca45a739___UF.GRC_YLCV_Lab 02005.JPG,0.562497615814209,0.11800152063369751,0.8215053081512451,0.0,0.0,0.4274509847164154,1.0,1.0,0.0,none,none
D:\BTECH\PlantDiseaseProject\dataset\val\Tomato___Tomato_Yellow_Leaf_Curl_Virus\42cdc8a5-8010-4486-8dcd-46fc67290412___YLCV_GCREC 2305.JPG,0.4526580572128296,0.14461520314216614,0.8574637174606323,0.000274658203125,0.0,0.46274513006210327,0.9999998807907104,0.9999998807907104,0.0,none,none
D:\BTECH\PlantDiseaseProject\dataset\val\Tomato___Tomato_Yellow_Leaf_Curl_Virus\42eb6375-c2bd-437b-8390-d22411cf58b2___UF.GRC_YLCV_Lab 01674.JPG,0.4594259262084961,0.11105547100305557,0.8499295711517334,0.0,0.0,0.37254902720451355,0.9999923706054688,0.999998927116394,6.556510925292969e-06,clahe,none
D:\BTECH\PlantDiseaseProject\dataset\val\Tomato___Tomato_Yellow_Leaf_Curl_Virus\42f6a52d-abac-47f2-983b-dc083c92fe13___UF.GRC_YLCV_Lab 01899.JPG,0.38441964983940125,0.12624363601207733,0.852096676826477,0.0,0.0,0.40000003576278687,1.0,1.0,0.0,none,none
D:\BTECH\PlantDiseaseProject\dataset\val\Tomato___Tomato_Yellow_Leaf_Curl_Virus\43942641-100d-409a-a349-99175f84c629___YLCV_NREC 2938.JPG,0.3890800476074219,0.1660340577363968,0.8979233503341675,0.00372314453125,0.0,0.5137255191802979,0.9999997615814209,0.9999998807907104,1.1920928955078125e-07,gamma_dark,none
D:\BTECH\PlantDiseaseProject\dataset\val\Tomato___Tomato_Yellow_Leaf_Curl_Virus\43a5145b-57e9-4605-8ba3-1fb90f61d460___YLCV_NREC 0108.JPG,0.4861551523208618,0.13863429427146912,0.8612977862358093,1.52587890625e-05,0.0,0.43137258291244507,0.9859391450881958,0.9991907477378845,0.01325160264968872,clahe,none
D:\BTECH\PlantDiseaseProject\dataset\val\Tomato___Tomato_Yellow_Leaf_Curl_Virus\43a73727-237f-40e0-b7e1-95bf4d0eb756___YLCV_GCREC 5343.JPG,0.46521466970443726,0.14848843216896057,0.8852026462554932,3.0517578125e-05,0.0,0.4784314036369324,1.0,1.0,0.0,none,none
D:\BTECH\PlantDiseaseProject\dataset\val\Tomato___Tomato_Yellow_Leaf_Curl_Virus\43f3a314-03d4-407a-8443-18065bb4ac85___UF.GRC_YLCV_Lab 02207.JPG,0.6065734624862671,0.1341579407453537,0.8513696193695068,0.0,0.0,0.40784314274787903,0.9989997744560242,0.9999837875366211,0.0009840130805969238,clahe,none
D:\BTECH\PlantDiseaseProject\dataset\val\Tomato___Tomato_Yellow_Leaf_Curl_Virus\445a32e1-7a18-47e6-9041-3de6707b7ca9___YLCV_NREC 2232.JPG,0.4185282588005066,0.18329431116580963,0.924652636051178,0.003173828125,4.57763671875e-05,0.6078431606292725,1.0,1.0,0.0,none,none
D:\BTECH\PlantDiseaseProject\dataset\val\Tomato___Tomato_Yellow_Leaf_Curl_Virus\4492f84b-c696-4b8b-95a8-002d2a9f8a8c___UF.GRC_YLCV_Lab 09459.JPG,0.44968166947364807,0.12759073078632355,0.8589344024658203,0.0,0.0,0.3803921937942505,0.9999995231628418,1.0,4.76837158203125e-07,clahe,none
D:\BTECH\PlantDiseaseProject\dataset\val\Tomato___Tomato_Yellow_Leaf_Curl_Virus\4498c692-7474-4021-b713-5360050469c7___UF.GRC_YLCV_Lab 08450.JPG,0.48275870084762573,0.17339950799942017,0.8914501667022705,0.0001983642578125,0.0,0.5568627715110779,0.9960284233093262,0.9998034834861755,0.0037750601768493652,hist_eq,none
D:\BTECH\PlantDiseaseProject\dataset\val\Tomato___Tomato_Yellow_Leaf_Curl_Virus\44fb2e9a-d988-4760-8f56-50b120a955ef___YLCV_NREC 0189.JPG,0.43910038471221924,0.13471920788288116,0.8788658380508423,1.52587890625e-05,0.0,0.4431372880935669,0.9999659061431885,0.999974250793457,8.344650268554688e-06,gamma_bright,none
D:\BTECH\PlantDiseaseProject\dataset\val\Tomato___Tomato_Yellow_Leaf_Curl_Virus\450f4e21-c1c0-48a2-aa7c-dd8109d652ba___YLCV_GCREC 2514.JPG,0.38693615794181824,0.13887131214141846,0.8867716789245605,7.62939453125e-05,0.0,0.46274513006210327,1.0,1.0,0.0,none,none
D:\BTECH\PlantDiseaseProject\dataset\val\Tomato___Tomato_Yellow_Leaf_Curl_Virus\4512698b-9655-41dc-a398-3e133aea517e___UF.GRC_YLCV_Lab 01576.JPG,0.5558590888977051,0.11310652643442154,0.7726242542266846,0.0,0.0,0.4000000059604645,0.9999995231628418,0.9999997615814209,2.384185791015625e-07,clahe,none
D:\BTECH\PlantDiseaseProject\dataset\val\Tomato___Tomato_Yellow_Leaf_Curl_Virus\45905c3d-0614-4ae5-ae8e-7d0f3589bea6___YLCV_GCREC 2199.JPG,0.44185906648635864,0.1477183848619461,0.8893701434135437,1.52587890625e-05,0.0,0.4705882668495178,0.9999994039535522,0.9999997615814209,3.5762786865234375e-07,gamma_dark,none
D:\BTECH\PlantDiseaseProject\dataset\val\Tomato___Tomato_Yellow_Leaf_Curl_Virus\459c7e33-9780-4af1-b373-5ec67bdde2c1___UF.GRC_YLCV_Lab 02897.JPG,0.5393586754798889,0.09499149769544601,0.8186021447181702,0.0,0.0,0.30980393290519714,1.0,1.0,0.0,none,none
D:\BTECH\PlantDiseaseProject\dataset\val\Tomato___Tomato_Yellow_Leaf_Curl_Virus\45f05974-1b81-455b-8264-539c45ca1f75___UF.GRC_YLCV_Lab 01761.JPG,0.5638623237609863,0.1356060951948166,0.8683809041976929,9.1552734375e-05,0.0,0.41960784792900085,1.0,1.0,0.0,none,none
D:\BTECH\PlantDiseaseProject\dataset\val\Tomato___Tomato_Yellow_Leaf_Curl_Virus\4696cf57-c213-473d-9e7b-9acb7dd58221___UF.GRC_YLCV_Lab 01904.JPG,0.5249031186103821,0.16105863451957703,0.9024696946144104,6.103515625e-05,0.0,0.5333333611488342,0.9999996423721313,0.9999996423721313,0.0,none,none
D:\BTECH\PlantDiseaseProject\dataset\val\Tomato___Tomato_Yellow_Leaf_Curl_Virus\46d87c09-e901-456b-877c-5ac724bfcd21___YLCV_GCREC 2360.JPG,0.4886234402656555,0.14427082240581512,0.8923921585083008,0.000579833984375,0.000152587890625,0.4705882668495178,0.9999971389770508,0.9999984502792358,1.3113021850585938e-06,gamma_dark,none
D:\BTECH\PlantDiseaseProject\dataset\val\Tomato___Tomato_Yellow_Leaf_Curl_Virus\4715e491-eeaa-4a1b-9b1e-9aced19b53db___YLCV_GCREC 2324.JPG,0.4692910611629486,0.167284294962883,0.9074922800064087,0.0018310546875,7.62939453125e-05,0.5647059082984924,1.0,1.0,0.0,none,none
D:\BTECH\PlantDiseaseProject\dataset\val\Tomato___Tomato_Yellow_Leaf_Curl_Virus\4748ba06-b60d-4b89-8330-af6e3c0a4a73___YLCV_GCREC 2175.JPG,0.44475841522216797,0.20679715275764465,0.9344883561134338,0.0023040771484375,3.0517578125e-05,0.6117647290229797,0.9999997615814209,0.9999998807907104,1.1920928955078125e-07,gamma_dark,none
D:\BTECH\PlantDiseaseProject\dataset\val\Tomato___Tomato_Yellow_Leaf_Curl_Virus\47603b41-39fc-4a7b-b063-305a22676d2a___YLCV_GCREC 5358.JPG,0.4309549927711487,0.12932169437408447,0.873324990272522,0.0,0.0,0.4117647409439087,1.0,1.0,0.0,none,none
D:\BTECH\PlantDiseaseProject\dataset\val\Tomato___Tomato_Yellow_Leaf_Curl_Virus\477375e0-eadd-4719-9bba-c61d99369b52___YLCV_NREC 2233.JPG,0.484916090965271,0.21775352954864502,0.9556517004966736,0.000946044921875,0.0003662109375,0.6745098233222961,1.0,1.0,0.0,none,none
D:\BTECH\PlantDiseaseProject\dataset\val\Tomato___Tomato_Yellow_Leaf_Curl_Virus\47744ad1-e745-46f0-811b-ea825c79d664___YLCV_GCREC 5518.JPG,0.4357152581214905,0.13994526863098145,0.8845208883285522,9.1552734375e-05,0.0,0.43529415130615234,0.9999997615814209,0.9999998807907104,1.1920928955078125e-07,gamma_dark,none
D:\BTECH\PlantDiseaseProject\dataset\val\Tomato___Tomato_Yellow_Leaf_Curl_Virus\47a08ac1-44a2-4302-825d-ba23f6645233___UF.GRC_YLCV_Lab 08580.JPG,0.5787143707275391,0.0584709607064724,0.7299462556838989,0.0,0.0,0.20784315466880798,0.9998427629470825,0.9998427629470825,0.0,none,none
D:\BTECH\PlantDiseaseProject\dataset\val\Tomato___Tomato_Yellow_Leaf_Curl_Virus\47b48180-43b8-42ea-bdc2-1fede43b8076___UF.GRC_YLCV_Lab 02790.JPG,0.6052284240722656,0.11244475096464157,0.8504252433776855,0.0,0.0,0.3490196168422699,0.9999330043792725,0.9999984502792358,6.54458999633789e-05,hist_eq,none
D:\BTECH\PlantDiseaseProject\dataset\val\Tomato___Tomato_Yellow_Leaf_Curl_Virus\492b9449-ec8d-4e20-a52b-843e8d171a6c___UF.GRC_YLCV_Lab 01431.JPG,0.509058952331543,0.1328374743461609,0.8274416327476501,0.000762939453125,0.0,0.458823561668396,1.0,1.0,0.0,none,none
D:\BTECH\PlantDiseaseProject\dataset\val\Tomato___Tomato_Yellow_Leaf_Curl_Virus\4958d08d-b499-4d75-b798-7f689bbe8ce9___YLCV_GCREC 2002.JPG,0.5190995931625366,0.1528458595275879,0.8855507373809814,0.0002288818359375,1.52587890625e-05,0.4901961088180542,0.9999998807907104,1.0,1.1920928955078125e-07,gamma_dark,none
D:\BTECH\PlantDiseaseProject\dataset\val\Tomato___Tomato_Yellow_Leaf_Curl_Virus\4a14c563-0f0b-4c0c-9dff-66972521995a___UF.GRC_YLCV_Lab 02911.JPG,0.5694368481636047,0.09671444445848465,0.8158137798309326,0.0,0.0,0.30980393290519714,1.0,1.0,0.0,none,none
D:\BTECH\PlantDiseaseProject\dataset\val\Tomato___Tomato_Yellow_Leaf_Curl_Virus\4a4b3577-33ad-4304-a22a-1a1f458c27a7___YLCV_GCREC 2562.JPG,0.44094669818878174,0.14500287175178528,0.8932487964630127,0.0002899169921875,0.0,0.4784314036369324,0.9999998807907104,0.9999998807907104,0.0,none,none
D:\BTECH\PlantDiseaseProject\dataset\val\Tomato___Tomato_Yellow_Leaf_Curl_Virus\4ab9c8af-8dc7-428a-b1ef-f8faaea340db___UF.GRC_YLCV_Lab 02716.JPG,0.4918428957462311,0.14030824601650238,0.8764057159423828,0.0,0.0,0.4235294461250305,0.9999951124191284,0.9999998807907104,4.76837158203125e-06,clahe,none
D:\BTECH\PlantDiseaseProject\dataset\val\Tomato___Tomato_Yellow_Leaf_Curl_Virus\4b2f69cb-a22c-4b02-924c-1b2f7da09f9e___YLCV_GCREC 2633.JPG,0.4302670359611511,0.13603925704956055,0.8755311369895935,0.000213623046875,0.0,0.43529415130615234,1.0,1.0,0.0,none,none
D:\BTECH\PlantDiseaseProject\dataset\val\Tomato___Tomato_Yellow_Leaf_Curl_Virus\4bb0387f-0f0c-4a13-87c9-d851ad22c8d7___UF.GRC_YLCV_Lab 01790.JPG,0.5379941463470459,0.1501518338918686,0.8942987322807312,0.0,0.0,0.4901960790157318,1.0,1.0,0.0,none,none
D:\BTECH\PlantDiseaseProject\dataset\val\Tomato___Tomato_Yellow_Leaf_Curl_Virus\4bb8c87b-91fc-4d7c-ae95-bcebefe62dcd___YLCV_NREC 2235.JPG,0.4129627048969269,0.18725594878196716,0.9268744587898254,0.0081024169921875,3.0517578125e-05,0.6039215922355652,1.0,1.0,0.0,none,none
D:\BTECH\PlantDiseaseProject\dataset\val\Tomato___Tomato_Yellow_Leaf_Curl_Virus\4bc2aee8-39cb-4d93-a92f-eb193d4a9624___YLCV_NREC 2449.JPG,0.5410597324371338,0.19479979574680328,0.90300452709198,0.00213623046875,4.57763671875e-05,0.6313725709915161,0.9999977350234985,0.9999990463256836,1.3113021850585938e-06,gamma_dark,none
D:\BTECH\PlantDiseaseProject\dataset\val\Tomato___Tomato_Yellow_Leaf_Curl_Virus\4c2d693d-a7e9-4c74-b400-1983abbcb0e5___YLCV_GCREC 2554.JPG,0.3862239122390747,0.14566165208816528,0.8945445418357849,0.000335693359375,0.0,0.4745098352432251,1.0,1.0,0.0,none,none
D:\BTECH\PlantDiseaseProject\dataset\val\Tomato___Tomato_Yellow_Leaf_Curl_Virus\4c773e62-28a8-4f16-a71f-7cdb1c5751e5___UF.GRC_YLCV_Lab 01855.JPG,0.5504481792449951,0.15658926963806152,0.907443642616272,0.0,0.0,0.5647058486938477,1.0,1.0,0.0,none,none
D:\BTECH\PlantDiseaseProject\dataset\val\Tomato___Tomato_Yellow_Leaf_Curl_Virus\4cbb5ff1-1004-49e6-9b13-79526f06dca1___YLCV_GCREC 2042.JPG,0.43688902258872986,0.12208928167819977,0.8553162217140198,0.000274658203125,0.0,0.3764706254005432,0.9999964237213135,0.9999977350234985,1.3113021850585938e-06,gamma_dark,none
D:\BTECH\PlantDiseaseProject\dataset\val\Tomato___Tomato_Yellow_Leaf_Curl_Virus\4d220a58-1589-40ae-a8fc-087d77afded7___YLCV_NREC 2618.JPG,0.4711514115333557,0.18587540090084076,0.9289541840553284,0.0046539306640625,4.57763671875e-05,0.6117647290229797,0.9999996423721313,1.0,3.5762786865234375e-07,gamma_dark,none
D:\BTECH\PlantDiseaseProject\dataset\val\Tomato___Tomato_Yellow_Leaf_Curl_Virus\4d4baff9-0e02-4193-9e48-74ff8889fa38___YLCV_GCREC 5501.JPG,0.43002426624298096,0.16610491275787354,0.8958753347396851,0.0001678466796875,0.0,0.5098039507865906,0.999998927116394,0.9999996423721313,7.152557373046875e-07,gamma_bright,none
D:\BTECH\PlantDiseaseProject\dataset\val\Tomato___Tomato_Yellow_Leaf_Curl_Virus\4d9e2536-855e-4883-b954-824a1538ed79___UF.GRC_YLCV_Lab 02409.JPG,0.6010823249816895,0.10399948805570602,0.8351615071296692,0.0,0.0,0.34117648005485535,0.9999985694885254,0.9999986886978149,1.1920928955078125e-07,gamma_bright,none
D:\BTECH\PlantDiseaseProject\dataset\val\Tomato___Tomato_Yellow_Leaf_Curl_Virus\4df08bed-1278-48e5-b412-72ee13f3cc37___YLCV_NREC 2356.JPG,0.4727622866630554,0.15438438951969147,0.8884129524230957,0.0013580322265625,0.0,0.49803924560546875,1.0,1.0,0.0,none,none
D:\BTECH\PlantDiseaseProject\dataset\val\Tomato___Tomato_Yellow_Leaf_Curl_Virus\4df870d2-ebc9-4ed1-849d-3e7bb826a3e2___UF.GRC_YLCV_Lab 09517.JPG,0.5027363300323486,0.13452096283435822,0.8536357283592224,0.0,0.0,0.43529412150382996,0.9999983310699463,1.0,1.6689300537109375e-06,clahe,none
D:\BTECH\PlantDiseaseProject\dataset\val\Tomato___Tomato_Yellow_Leaf_Curl_Virus\4f7c7918-df06-4a88-a48d-f06609e7b138___YLCV_NREC 2626.JPG,0.5171487331390381,0.20077380537986755,0.9367210865020752,0.001251220703125,9.1552734375e-05,0.6392157077789307,0.9999997615814209,0.9999998807907104,1.1920928955078125e-07,gamma_dark,none
D:\BTECH\PlantDiseaseProject\dataset\val\Tomato___Tomato_Yellow_Leaf_Curl_Virus\4f92269c-6182-44f7-9352-b318bcd917bd___YLCV_GCREC 2179.JPG,0.419877290725708,0.1896737813949585,0.9229220151901245,0.00244140625,1.52587890625e-05,0.5843137502670288,0.9999904632568359,0.9999972581863403,6.794929504394531e-06,gamma_dark,none
D:\BTECH\PlantDiseaseProject\dataset\val\Tomato___Tomato_Yellow_Leaf_Curl_Virus\4f9e72d6-8125-4b94-9def-169c2c311721___YLCV_GCREC 2515.JPG,0.48372507095336914,0.1481180340051651,0.8754241466522217,0.0,0.0,0.4549019932746887,0.9999998807907104,0.9999998807907104,0.0,none,none
D:\BTECH\PlantDiseaseProject\dataset\val\Tomato___Tomato_Yellow_Leaf_Curl_Virus\4fb6720b-508c-49cc-b3e0-81656128bf59___YLCV_GCREC 1999.JPG,0.46544066071510315,0.15068449079990387,0.8779271841049194,1.52587890625e-05,0.0,0.49803924560546875,0.9999977350234985,0.9999990463256836,1.3113021850585938e-06,gamma_dark,none
D:\BTECH\PlantDiseaseProject\dataset\val\Tomato___Tomato_Yellow_Leaf_Curl_Virus\500bf9f0-e90a-4dd6-bfac-b4a70e4cd558___YLCV_NREC 1987.JPG,0.5490727424621582,0.17257928848266602,0.9068617820739746,0.0001220703125,0.0,0.5647059082984924,0.8280748724937439,0.8854532837867737,0.057378411293029785,clahe,clahe
D:\BTECH\PlantDiseaseProject\dataset\val\Tomato___Tomato_Yellow_Leaf_Curl_Virus\506efa52-b002-49a5-aa72-022e24185161___UF.GRC_YLCV_Lab 02243.JPG,0.5512344837188721,0.10473859310150146,0.7829140424728394,0.0,0.0,0.3450980484485626,0.9999971389770508,1.0,2.86102294921875e-06,clahe,none
D:\BTECH\PlantDiseaseProject\dataset\val\Tomato___Tomato_Yellow_Leaf_Curl_Virus\50a05005-813e-460b-a4ca-c3360ec1dc7c___YLCV_NREC 2918.JPG,0.3959711194038391,0.12843547761440277,0.86394864320755,0.0002288818359375,0.0,0.43137258291244507,0.9999998807907104,0.9999998807907104,0.0,none,none
D:\BTECH\PlantDiseaseProject\dataset\val\Tomato___Tomato_Yellow_Leaf_Curl_Virus\50b312da-286f-4651-afb1-bc4cd63e6afb___YLCV_GCREC 2300.JPG,0.43193674087524414,0.14778771996498108,0.8790340423583984,0.00018310546875,0.0,0.46274513006210327,1.0,1.0,0.0,none,none
D:\BTECH\PlantDiseaseProject\dataset\val\Tomato___Tomato_Yellow_Leaf_Curl_Virus\51707f7d-47d6-492f-97f0-3446061ae95f___YLCV_NREC 2314.JPG,0.49469536542892456,0.17406347393989563,0.9084368348121643,0.0023345947265625,7.62939453125e-05,0.5843137502670288,0.9999998807907104,1.0,1.1920928955078125e-07,gamma_dark,none
D:\BTECH\PlantDiseaseProject\dataset\val\Tomato___Tomato_Yellow_Leaf_Curl_Virus\51cb265d-d883-4cde-94cb-1575a87e4b83___UF.GRC_YLCV_Lab 02663.JPG,0.4936808943748474,0.14068453013896942,0.8835881948471069,0.0,0.0,0.45098039507865906,0.9999998807907104,1.0,1.1920928955078125e-07,clahe,none
D:\BTECH\PlantDiseaseProject\dataset\val\Tomato___Tomato_Yellow_Leaf_Curl_Virus\526b3cf6-007f-483a-93e7-c2722dee99a2___UF.GRC_YLCV_Lab 02124.JPG,0.44048500061035156,0.10129650682210922,0.7908503413200378,0.0,0.0,0.35294121503829956,0.9999840259552002,0.9999922513961792,8.225440979003906e-06,gamma_bright,none
D:\BTECH\PlantDiseaseProject\dataset\val\Tomato___Tomato_Yellow_Leaf_Curl_Virus\528f7ad4-282f-4efe-a3c8-6390e0bef59c___YLCV_NREC 0187.JPG,0.44101443886756897,0.14303311705589294,0.8801695108413696,4.57763671875e-05,0.0,0.4745098352432251,0.9994818568229675,0.9998037219047546,0.0003218650817871094,gamma_dark,none
D:\BTECH\PlantDiseaseProject\dataset\val\Tomato___Tomato_Yellow_Leaf_Curl_Virus\5293ad97-cde7-4911-b63c-7dc035adcdca___YLCV_GCREC 2884.JPG,0.4459923505783081,0.14631789922714233,0.8797890543937683,3.0517578125e-05,0.0,0.4745098352432251,0.9999998807907104,1.0,1.1920928955078125e-07,clahe,none
D:\BTECH\PlantDiseaseProject\dataset\val\Tomato___Tomato_Yellow_Leaf_Curl_Virus\52c3e3e7-3ad8-41ba-a90e-765f54b624f2___YLCV_GCREC 2292.JPG,0.5060328245162964,0.14792810380458832,0.8924775123596191,3.0517578125e-05,7.62939453125e-05,0.501960813999176,0.9999977350234985,0.9999977350234985,0.0,none,none
D:\BTECH\PlantDiseaseProject\dataset\val\Tomato___Tomato_Yellow_Leaf_Curl_Virus\52f1848f-1cfe-4e1c-a265-cb02a554805d___UF.GRC_YLCV_Lab 01944.JPG,0.50528883934021,0.10209206491708755,0.8319081664085388,0.0,0.0,0.3529411852359772,0.9999997615814209,1.0,2.384185791015625e-07,hist_eq,none
D:\BTECH\PlantDiseaseProject\dataset\val\Tomato___Tomato_Yellow_Leaf_Curl_Virus\5300dcbf-3417-4173-954c-65800885b9b9___YLCV_NREC 0107.JPG,0.4934048652648926,0.13483235239982605,0.8823437690734863,4.57763671875e-05,0.0,0.44705885648727417,0.998848557472229,0.9995056390762329,0.0006570816040039062,gamma_dark,none
D:\BTECH\PlantDiseaseProject\dataset\val\Tomato___Tomato_Yellow_Leaf_Curl_Virus\53898660-51c9-42de-99c0-381c38dc02e6___UF.GRC_YLCV_Lab 02778.JPG,0.49979206919670105,0.12320911139249802,0.8668962717056274,0.0,0.0,0.4117647111415863,0.9999579191207886,0.9999866485595703,2.872943878173828e-05,clahe,none
D:\BTECH\PlantDiseaseProject\dataset\val\Tomato___Tomato_Yellow_Leaf_Curl_Virus\538b6523-416b-401b-b739-5b0f88f65b41___YLCV_NREC 0279.JPG,0.4230082333087921,0.15155233442783356,0.8922296166419983,0.0013885498046875,0.0,0.4941176772117615,1.0,1.0,0.0,none,none
D:\BTECH\PlantDiseaseProject\dataset\val\Tomato___Tomato_Yellow_Leaf_Curl_Virus\539b2e90-30c8-4dd2-a506-7929841dbd01___YLCV_NREC 2081.JPG,0.5139651894569397,0.19961535930633545,0.9370490312576294,0.0011138916015625,0.0002288818359375,0.6666666865348816,1.0,1.0,0.0,none,none
D:\BTECH\PlantDiseaseProject\dataset\val\Tomato___Tomato_Yellow_Leaf_Curl_Virus\53b703ba-e5f3-4d9f-8f90-b1a7b7ad2345___UF.GRC_YLCV_Lab 02430.JPG,0.43526342511177063,0.1251792311668396,0.8600199818611145,0.0,0.0,0.3921568691730499,0.9999840259552002,0.9999935626983643,9.5367431640625e-06,clahe,none
D:\BTECH\PlantDiseaseProject\dataset\val\Tomato___Tomato_Yellow_Leaf_Curl_Virus\54447f20-dc92-409b-b831-6b2a2449adf9___UF.GRC_YLCV_Lab 03346.JPG,0.5247736573219299,0.08618617802858353,0.7334309816360474,0.0,0.0,0.250980406999588,0.9999997615814209,1.0,2.384185791015625e-07,clahe,none
D:\BTECH\PlantDiseaseProject\dataset\val\Tomato___Tomato_Yellow_Leaf_Curl_Virus\54c543f1-5d0e-4d0f-b65e-e42fec4a82b9___UF.GRC_YLCV_Lab 03112.JPG,0.4949776530265808,0.10743053257465363,0.8501211404800415,0.0,0.0,0.3450980484485626,0.9999997615814209,1.0,2.384185791015625e-07,clahe,none
D:\BTECH\PlantDiseaseProject\dataset\val\Tomato___Tomato_Yellow_Leaf_Curl_Virus\5559cc38-c1ac-47ad-b25a-2cbb8c51df78___UF.GRC_YLCV_Lab 08502.JPG,0.5006306171417236,0.10489505529403687,0.8242190480232239,0.0,0.0,0.3294117748737335,0.9999778270721436,0.9999847412109375,6.9141387939453125e-06,gamma_bright,none
D:\BTECH\PlantDiseaseProject\dataset\val\Tomato___Tomato_Yellow_Leaf_Curl_Virus\5561deba-132d-4566-9aa1-df94aad5ab75___YLCV_GCREC 2040.JPG,0.4248626232147217,0.12254153937101364,0.8612746596336365,1.52587890625e-05,0.0,0.38823533058166504,0.9999988079071045,0.9999994039535522,5.960464477539062e-07,gamma_dark,none
D:\BTECH\PlantDiseaseProject\dataset\val\Tomato___Tomato_Yellow_Leaf_Curl_Virus\55c4ae58-ef0f-4dfc-bae5-7b99f3543e45___YLCV_NREC 2565.JPG,0.4939500093460083,0.20694582164287567,0.9312947988510132,0.0034332275390625,9.1552734375e-05,0.6549019813537598,0.9999983310699463,0.9999998807907104,1.5497207641601562e-06,gamma_dark,none
D:\BTECH\PlantDiseaseProject\dataset\val\Tomato___Tomato_Yellow_Leaf_Curl_Virus\55d128be-cc38-4493-ac46-16b931b41664___UF.GRC_YLCV_Lab 02542.JPG,0.5494368076324463,0.11841650307178497,0.8565624356269836,0.0,0.0,0.35686275362968445,1.0,1.0,0.0,none,none
D:\BTECH\PlantDiseaseProject\dataset\val\Tomato___Tomato_Yellow_Leaf_Curl_Virus\566ea21e-2f9a-4232-b095-335db627b494___YLCV_GCREC 2100.JPG,0.4209517538547516,0.18201012909412384,0.9013832807540894,0.0055694580078125,0.0,0.5647059082984924,0.9999992847442627,0.9999992847442627,0.0,none,none
D:\BTECH\PlantDiseaseProject\dataset\val\Tomato___Tomato_Yellow_Leaf_Curl_Virus\567b5636-750d-425d-bad2-5a724b87da44___UF.GRC_YLCV_Lab 03364.JPG,0.5249818563461304,0.07689255475997925,0.7401674389839172,0.0,0.0,0.2705882489681244,0.9999994039535522,1.0,5.960464477539062e-07,clahe,none
D:\BTECH\PlantDiseaseProject\dataset\val\Tomato___Tomato_Yellow_Leaf_Curl_Virus\56a539d0-1a90-499c-9864-6c06ba9983a2___UF.GRC_YLCV_Lab 01484.JPG,0.5350062847137451,0.07525420933961868,0.7607536911964417,0.0,0.0,0.25882354378700256,0.9999996423721313,0.9999997615814209,1.1920928955078125e-07,gamma_bright,none
D:\BTECH\PlantDiseaseProject\dataset\val\Tomato___Tomato_Yellow_Leaf_Curl_Virus\56ba0dc9-340e-44f8-aa1a-947639c33ffb___UF.GRC_YLCV_Lab 03285.JPG,0.6026628613471985,0.09374835342168808,0.7838645577430725,0.0,0.0,0.3176470696926117,0.9999994039535522,1.0,5.960464477539062e-07,clahe,none
D:\BTECH\PlantDiseaseProject\dataset\val\Tomato___Tomato_Yellow_Leaf_Curl_Virus\5790959b-506b-42f6-b281-93479fbf07c2___UF.GRC_YLCV_Lab 09364.JPG,0.5565451979637146,0.10653708875179291,0.8465073108673096,0.0,0.0,0.3294117748737335,0.9999983310699463,0.9999997615814209,1.430511474609375e-06,hist_eq,none
D:\BTECH\PlantDiseaseProject\dataset\val\Tomato___Tomato_Yellow_Leaf_Curl_Virus\579ba9c1-f11d-46db-9280-35b7c8b99109___UF.GRC_YLCV_Lab 02649.JPG,0.5168243646621704,0.15313203632831573,0.8958220481872559,0.0,0.0,0.5098038911819458,0.9999984502792358,0.9999996423721313,1.1920928955078125e-06,clahe,none
D:\BTECH\PlantDiseaseProject\dataset\val\Tomato___Tomato_Yellow_Leaf_Curl_Virus\57b2a2ca-be23-4974-bfec-b0778ac01bb9___YLCV_GCREC 2358.JPG,0.4006705582141876,0.13989970088005066,0.8963251709938049,0.0,3.0517578125e-05,0.4705882668495178,0.9999877214431763,0.9999943971633911,6.67572021484375e-06,gamma_bright,none
D:\BTECH\PlantDiseaseProject\dataset\val\Tomato___Tomato_Yellow_Leaf_Curl_Virus\57c8c557-bbcb-4d5f-ae13-bacfef1d2c8f___UF.GRC_YLCV_Lab 01754.JPG,0.3787328600883484,0.12304598093032837,0.8370078802108765,1.52587890625e-05,0.0,0.3960784673690796,0.9999997615814209,0.9999997615814209,0.0,none,none
D:\BTECH\PlantDiseaseProject\dataset\val\Tomato___Tomato_Yellow_Leaf_Curl_Virus\580d41da-dea3-4249-bb02-ad990ec3cdc5___YLCV_NREC 2801.JPG,0.3950580060482025,0.1313825398683548,0.8786029815673828,0.0003509521484375,0.0,0.4431372880935669,0.9999998807907104,0.9999998807907104,0.0,none,none
D:\BTECH\PlantDiseaseProject\dataset\val\Tomato___Tomato_Yellow_Leaf_Curl_Virus\5858e951-c9fd-47f8-8c01-88e7d7728e4e___YLCV_GCREC 5402.JPG,0.3936649262905121,0.1569366157054901,0.8813899755477905,0.0001983642578125,0.0,0.46274513006210327,0.9999582767486572,0.9999582767486572,0.0,none,none
D:\BTECH\PlantDiseaseProject\dataset\val\Tomato___Tomato_Yellow_Leaf_Curl_Virus\592ee97a-5272-488c-a6ff-eaf840540023___UF.GRC_YLCV_Lab 03277.JPG,0.5468599796295166,0.08661116659641266,0.7915248274803162,0.0,0.0,0.29019609093666077,0.9999998807907104,1.0,1.1920928955078125e-07,clahe,none
D:\BTECH\PlantDiseaseProject\dataset\val\Tomato___Tomato_Yellow_Leaf_Curl_Virus\59375be6-ea91-4194-8dbf-9a5433690f89___UF.GRC_YLCV_Lab 02061.JPG,0.4749400019645691,0.08848355710506439,0.7803941369056702,0.0,0.0,0.3176470696926117,0.9998242259025574,0.9999988079071045,0.00017458200454711914,clahe,none
D:\BTECH\PlantDiseaseProject\dataset\val\Tomato___Tomato_Yellow_Leaf_Curl_Virus\594aa195-6f0d-4a40-9fa9-3ed0121cec94___UF.GRC_YLCV_Lab 01891.JPG,0.4233354926109314,0.12832139432430267,0.8566006422042847,0.0,0.0,0.43529415130615234,0.9999979734420776,0.9999997615814209,1.7881393432617188e-06,clahe,none
D:\BTECH\PlantDiseaseProject\dataset\val\Tomato___Tomato_Yellow_Leaf_Curl_Virus\59649a92-5837-4892-a904-9276040c59aa___YLCV_NREC 0281.JPG,0.434917151927948,0.1458776444196701,0.8796807527542114,0.0008697509765625,0.0,0.46666669845581055,1.0,1.0,0.0,none,none
D:\BTECH\PlantDiseaseProject\dataset\val\Tomato___Tomato_Yellow_Leaf_Curl_Virus\5973fb5e-f34c-4fa0-9c27-190c517b964f___YLCV_GCREC 5428.JPG,0.3576319217681885,0.17801930010318756,0.9011491537094116,0.0003662109375,0.0,0.5176470875740051,0.99933260679245,0.9996482133865356,0.00031560659408569336,gamma_bright,none
D:\BTECH\PlantDiseaseProject\dataset\val\Tomato___Tomato_Yellow_Leaf_Curl_Virus\5a1ad8fc-0125-46fd-bd87-26b2294633c3___UF.GRC_YLCV_Lab 08528.JPG,0.5872085094451904,0.06938812136650085,0.771186113357544,0.0,0.0,0.2196078598499298,0.9999955892562866,0.9999959468841553,3.5762786865234375e-07,hist_eq,none
D:\BTECH\PlantDiseaseProject\dataset\val\Tomato___Tomato_Yellow_Leaf_Curl_Virus\5a2e181b-cfa0-4fe7-ad62-f1389353a362___UF.GRC_YLCV_Lab 02418.JPG,0.470061719417572,0.11422187089920044,0.8403439521789551,0.0,0.0,0.3803921639919281,0.9999889135360718,0.9999996423721313,1.0728836059570312e-05,clahe,none
D:\BTECH\PlantDiseaseProject\dataset\val\Tomato___Tomato_Yellow_Leaf_Curl_Virus\5a7f9fa3-bb94-4ff3-a53c-c0d89d1b22a8___UF.GRC_YLCV_Lab 01529.JPG,0.5724244117736816,0.0699625164270401,0.7637965083122253,0.0,0.0,0.20784315466880798,0.9999934434890747,1.0,6.556510925292969e-06,clahe,none
D:\BTECH\PlantDiseaseProject\dataset\val\Tomato___Tomato_Yellow_Leaf_Curl_Virus\5ae9e109-38e2-48db-a926-a06bb6b13bc0___YLCV_GCREC 2535.JPG,0.4203372299671173,0.159110888838768,0.890680730342865,0.0022735595703125,0.0,0.4941176772117615,0.9999998807907104,1.0,1.1920928955078125e-07,gamma_dark,none
D:\BTECH\PlantDiseaseProject\dataset\val\Tomato___Tomato_Yellow_Leaf_Curl_Virus\5b7a04ef-85c3-441c-9e73-94c4d2b6383d___UF.GRC_YLCV_Lab 03063.JPG,0.47728419303894043,0.14210540056228638,0.8706560134887695,0.0,0.0,0.44705885648727417,0.9999994039535522,1.0,5.960464477539062e-07,clahe,none
D:\BTECH\PlantDiseaseProject\dataset\val\Tomato___Tomato_Yellow_Leaf_Curl_Virus\5bc3e99e-cdbd-45d7-bbc3-0fd74fcea115___YLCV_NREC 2031.JPG,0.5420830845832825,0.1940426528453827,0.912732720375061,0.0015716552734375,7.62939453125e-05,0.6313725709915161,0.9999964237213135,0.9999964237213135,0.0,none,none
D:\BTECH\PlantDiseaseProject\dataset\val\Tomato___Tomato_Yellow_Leaf_Curl_Virus\5be7d8e1-5dc5-43dc-bf20-3a592929693e___UF.GRC_YLCV_Lab 02571.JPG,0.5428038835525513,0.09702087938785553,0.7995514869689941,0.0,0.0,0.30980393290519714,0.9999774694442749,0.9999904632568359,1.2993812561035156e-05,gamma_dark,none
D:\BTECH\PlantDiseaseProject\dataset\val\Tomato___Tomato_Yellow_Leaf_Curl_Virus\5c08dcbd-1f2d-406e-97a9-1ef72a62cb59___UF.GRC_YLCV_Lab 01976.JPG,0.6023899912834167,0.1301427036523819,0.8121619820594788,0.0,0.0,0.4470588266849518,0.9999992847442627,0.9999998807907104,5.960464477539062e-07,clahe,none
D:\BTECH\PlantDiseaseProject\dataset\val\Tomato___Tomato_Yellow_Leaf_Curl_Virus\5c1d1466-a04e-4af3-9539-9da31467ddf7___YLCV_GCREC 2055.JPG,0.4512578248977661,0.18563972413539886,0.9143192768096924,0.00054931640625,3.0517578125e-05,0.5607843399047852,1.0,1.0,0.0,none,none
D:\BTECH\PlantDiseaseProject\dataset\val\Tomato___Tomato_Yellow_Leaf_Curl_Virus\5d40d3db-1277-4136-9276-229450f81b5b___YLCV_NREC 2588.JPG,0.46691828966140747,0.17086508870124817,0.9194313287734985,0.0037384033203125,1.52587890625e-05,0.5764706134796143,0.9999750852584839,0.9999940395355225,1.895427703857422e-05,gamma_dark,none
D:\BTECH\PlantDiseaseProject\dataset\val\Tomato___Tomato_Yellow_Leaf_Curl_Virus\5d533fe1-29f5-45f6-9648-648a7849d4b8___YLCV_NREC 2005.JPG,0.5469417572021484,0.1951843798160553,0.9156309366226196,0.0015869140625,9.1552734375e-05,0.6470588445663452,0.9997941851615906,0.9999946355819702,0.00020045042037963867,hist_eq,none
D:\BTECH\PlantDiseaseProject\dataset\val\Tomato___Tomato_Yellow_Leaf_Curl_Virus\5d552bf3-9989-4054-adbc-c9c43ecd1f95___YLCV_NREC 2772.JPG,0.43790802359580994,0.18731099367141724,0.918931245803833,0.00360107421875,0.0,0.572549045085907,0.999991774559021,0.999997615814209,5.841255187988281e-06,gamma_dark,none
D:\BTECH\PlantDiseaseProject\dataset\val\Tomato___Tomato_Yellow_Leaf_Curl_Virus\5dfaed12-8031-49bc-8e40-df3c7e33eb07___YLCV_NREC 0072.JPG,0.4588874578475952,0.16498109698295593,0.9108530282974243,0.0015411376953125,0.0,0.5254902243614197,0.9999958276748657,0.9999980926513672,2.2649765014648438e-06,gamma_dark,none
D:\BTECH\PlantDiseaseProject\dataset\val\Tomato___Tomato_Yellow_Leaf_Curl_Virus\5e4b6dcd-69ce-4aba-b8ee-fd63df524d3f___UF.GRC_YLCV_Lab 02622.JPG,0.49065348505973816,0.12026822566986084,0.8495684862136841,0.0,0.0,0.41960784792900085,0.9999879598617554,0.9999997615814209,1.1801719665527344e-05,clahe,none
D:\BTECH\PlantDiseaseProject\dataset\val\Tomato___Tomato_Yellow_Leaf_Curl_Virus\5e70b8f4-26db-4ac4-a23a-dac4fd0be93a___YLCV_GCREC 5401.JPG,0.3947601020336151,0.16049417853355408,0.8950426578521729,0.0001373291015625,0.0,0.4941176772117615,0.9999843835830688,0.999991774559021,7.3909759521484375e-06,gamma_dark,none
D:\BTECH\PlantDiseaseProject\dataset\val\Tomato___Tomato_Yellow_Leaf_Curl_Virus\5eaecce2-01dc-449a-97eb-cd30ebc20895___YLCV_NREC 2627.JPG,0.4953027367591858,0.2435215264558792,0.9468048810958862,0.00201416015625,0.0011444091796875,0.7137255072593689,0.9999986886978149,0.9999997615814209,1.0728836059570312e-06,hist_eq,none
D:\BTECH\PlantDiseaseProject\dataset\val\Tomato___Tomato_Yellow_Leaf_Curl_Virus\5eda1da1-e02d-4d28-ae3f-ab4073f81b78___YLCV_GCREC 2517.JPG,0.4014943838119507,0.140646293759346,0.888364851474762,1.52587890625e-05,0.0,0.44705885648727417,1.0,1.0,0.0,none,none
D:\BTECH\PlantDiseaseProject\dataset\val\Tomato___Tomato_Yellow_Leaf_Curl_Virus\5f4c7b5e-0f27-402e-9226-9a76d5058528___UF.GRC_YLCV_Lab 01481.JPG,0.5532026886940002,0.07755546271800995,0.7644445896148682,0.0,0.0,0.25882354378700256,0.9998972415924072,0.9999979734420776,0.00010073184967041016,hist_eq,none
D:\BTECH\PlantDiseaseProject\dataset\val\Tomato___Tomato_Yellow_Leaf_Curl_Virus\60a19659-7e7d-4163-960b-add05432aea2___UF.GRC_YLCV_Lab 02432.JPG,0.5535696744918823,0.1270255446434021,0.8710957765579224,0.0,0.0,0.41960784792900085,0.9999986886978149,1.0,1.3113021850585938e-06,clahe,none
D:\BTECH\PlantDiseaseProject\dataset\val\Tomato___Tomato_Yellow_Leaf_Curl_Virus\60d9f783-3673-48ac-b23c-d2502ea2bdcb___YLCV_GCREC 2259.JPG,0.48724526166915894,0.16821691393852234,0.8879523873329163,0.000885009765625,3.0517578125e-05,0.5529412031173706,0.9999998807907104,1.0,1.1920928955078125e-07,gamma_dark,none
D:\BTECH\PlantDiseaseProject\dataset\val\Tomato___Tomato_Yellow_Leaf_Curl_Virus\6159812d-5f51-4c3e-b3b6-cddf626893a3___UF.GRC_YLCV_Lab 02640.JPG,0.5266910791397095,0.16326473653316498,0.8995534181594849,4.57763671875e-05,0.0,0.5176470279693604,0.9999568462371826,0.9999997615814209,4.291534423828125e-05,hist_eq,none
D:\BTECH\PlantDiseaseProject\dataset\val\Tomato___Tomato_Yellow_Leaf_Curl_Virus\61acaad1-5224-4460-8aa3-8f6f6680748e___UF.GRC_YLCV_Lab 03289.JPG,0.6001905202865601,0.08830420672893524,0.7936302423477173,0.0,0.0,0.2862745225429535,0.9999998807907104,1.0,1.1920928955078125e-07,gamma_dark,none
D:\BTECH\PlantDiseaseProject\dataset\val\Tomato___Tomato_Yellow_Leaf_Curl_Virus\61b98e4a-2839-4a9e-ba70-8d8037a40610___UF.GRC_YLCV_Lab 02573.JPG,0.5564649105072021,0.10215538740158081,0.8309295177459717,0.0,0.0,0.3137255012989044,0.999997615814209,0.9999985694885254,9.5367431640625e-07,clahe,none
D:\BTECH\PlantDiseaseProject\dataset\val\Tomato___Tomato_Yellow_Leaf_Curl_Virus\61ca16d1-d69c-4540-b3ba-52bf53dfbc40___YLCV_GCREC 2921.JPG,0.41579896211624146,0.15391291677951813,0.8881363868713379,0.0002593994140625,0.0,0.4705882668495178,0.9999990463256836,0.9999997615814209,7.152557373046875e-07,gamma_dark,none
D:\BTECH\PlantDiseaseProject\dataset\val\Tomato___Tomato_Yellow_Leaf_Curl_Virus\621ffd82-fc13-487e-99ed-6009a7aced75___YLCV_NREC 2531.JPG,0.4641003906726837,0.21620644629001617,0.9462661743164062,0.00958251953125,9.1552734375e-05,0.7058823704719543,1.0,1.0,0.0,none,none
D:\BTECH\PlantDiseaseProject\dataset\val\Tomato___Tomato_Yellow_Leaf_Curl_Virus\6243f4bc-d40f-4cae-bca1-7ed1206c2d0e___UF.GRC_YLCV_Lab 02620.JPG,0.5420281887054443,0.10568323731422424,0.8409966826438904,0.0,0.0,0.364705890417099,0.9999954700469971,1.0,4.5299530029296875e-06,clahe,none
D:\BTECH\PlantDiseaseProject\dataset\val\Tomato___Tomato_Yellow_Leaf_Curl_Virus\6262e790-cfd9-4e45-bbbc-77db5c2064e7___YLCV_NREC 2328.JPG,0.48397403955459595,0.19067589938640594,0.9203896522521973,0.003997802734375,9.1552734375e-05,0.6117647290229797,1.0,1.0,0.0,none,none
D:\BTECH\PlantDiseaseProject\dataset\val\Tomato___Tomato_Yellow_Leaf_Curl_Virus\62b6281e-3bc1-4677-9b4f-3e59396641c8___YLCV_NREC 2566.JPG,0.4301885962486267,0.1769697666168213,0.9050928354263306,0.0077056884765625,0.0,0.5490196347236633,0.9999998807907104,1.0,1.1920928955078125e-07,gamma_dark,none
D:\BTECH\PlantDiseaseProject\dataset\val\Tomato___Tomato_Yellow_Leaf_Curl_Virus\63046a79-df05-4a46-b8e7-37ffad006e65___UF.GRC_YLCV_Lab 03326.JPG,0.5739537477493286,0.11255116760730743,0.8432875871658325,0.0,0.0,0.3960784375667572,1.0,1.0,0.0,none,none
D:\BTECH\PlantDiseaseProject\dataset\val\Tomato___Tomato_Yellow_Leaf_Curl_Virus\6369205c-4f3f-4db6-a527-00bb7fe15384___UF.GRC_YLCV_Lab 02060.JPG,0.4569295346736908,0.09891405701637268,0.8019627332687378,1.52587890625e-05,0.0,0.3529411852359772,0.9993246793746948,0.9999479055404663,0.0006232261657714844,hist_eq,none
D:\BTECH\PlantDiseaseProject\dataset\val\Tomato___Tomato_Yellow_Leaf_Curl_Virus\63850dfe-2c79-4728-8557-b1eb242e16f1___YLCV_GCREC 2298.JPG,0.4262790083885193,0.1454348862171173,0.8952764868736267,1.52587890625e-05,0.0,0.458823561668396,0.9999998807907104,1.0,1.1920928955078125e-07,gamma_dark,none
D:\BTECH\PlantDiseaseProject\dataset\val\Tomato___Tomato_Yellow_Leaf_Curl_Virus\6438b04f-0013-4e36-9481-0c9e54f3447f___YLCV_NREC 0278.JPG,0.4733271896839142,0.15159736573696136,0.8704210519790649,0.0003814697265625,0.0,0.4549019932746887,1.0,1.0,0.0,none,none
D:\BTECH\PlantDiseaseProject\dataset\val\Tomato___Tomato_Yellow_Leaf_Curl_Virus\647f3b78-b78a-40a6-acd4-ac15933ed875___UF.GRC_YLCV_Lab 08448.JPG,0.6046410799026489,0.1389036476612091,0.8623404502868652,0.0,0.0,0.4156862795352936,0.9999363422393799,0.9999805688858032,4.4226646423339844e-05,gamma_bright,none
D:\BTECH\PlantDiseaseProject\dataset\val\Tomato___Tomato_Yellow_Leaf_Curl_Virus\65097b22-01bb-46c7-9e68-2a530dcfb86e___YLCV_NREC 2529.JPG,0.5187286734580994,0.24439023435115814,0.9442247152328491,0.0071258544921875,7.62939453125e-05,0.7254902124404907,1.0,1.0,0.0,none,none
D:\BTECH\PlantDiseaseProject\dataset\val\Tomato___Tomato_Yellow_Leaf_Curl_Virus\65f6e3f3-61c6-4faa-8598-d7b908f69fb8___UF.GRC_YLCV_Lab 09514.JPG,0.5788354873657227,0.13340714573860168,0.8553693294525146,0.0,0.0,0.4745098054409027,1.0,1.0,0.0,none,none
D:\BTECH\PlantDiseaseProject\dataset\val\Tomato___Tomato_Yellow_Leaf_Curl_Virus\66473ce4-e4f2-45dc-aa35-a79f481ba0b3___UF.GRC_YLCV_Lab 01555.JPG,0.5725142955780029,0.15638256072998047,0.880459725856781,0.0,0.0,0.5764706134796143,0.9999988079071045,0.9999992847442627,4.76837158203125e-07,clahe,none
D:\BTECH\PlantDiseaseProject\dataset\val\Tomato___Tomato_Yellow_Leaf_Curl_Virus\66b2d54c-6e19-4162-aec4-5246a80da463___UF.GRC_YLCV_Lab 02310.JPG,0.43112894892692566,0.11472629755735397,0.8452131748199463,0.0,0.0,0.4000000059604645,0.9999998807907104,1.0,1.1920928955078125e-07,clahe,none
D:\BTECH\PlantDiseaseProject\dataset\val\Tomato___Tomato_Yellow_Leaf_Curl_Virus\66cac7fb-a88e-495f-ac2c-86bd5acb5276___YLCV_NREC 2357.JPG,0.45804542303085327,0.16652685403823853,0.9093179702758789,0.0008392333984375,0.0,0.529411792755127,0.9999998807907104,1.0,1.1920928955078125e-07,gamma_dark,none
D:\BTECH\PlantDiseaseProject\dataset\val\Tomato___Tomato_Yellow_Leaf_Curl_Virus\66e9a887-6b60-40c0-814d-6c22c69787f7___YLCV_NREC 2303.JPG,0.5015945434570312,0.20858025550842285,0.9439952373504639,0.0020904541015625,0.0001220703125,0.658823549747467,1.0,1.0,0.0,none,none
D:\BTECH\PlantDiseaseProject\dataset\val\Tomato___Tomato_Yellow_Leaf_Curl_Virus\67206390-2511-488b-82a6-7e3c01b37987___YLCV_NREC 0071.JPG,0.4938771724700928,0.15081201493740082,0.8863556981086731,0.0005950927734375,0.0,0.48235297203063965,0.9999985694885254,0.9999995231628418,9.5367431640625e-07,gamma_dark,none
D:\BTECH\PlantDiseaseProject\dataset\val\Tomato___Tomato_Yellow_Leaf_Curl_Virus\672966d2-c86a-41a4-af87-8007ac47398c___YLCV_NREC 2087.JPG,0.5301682949066162,0.18410801887512207,0.919966995716095,0.0009765625,0.000213623046875,0.6274510025978088,0.9999997615814209,0.9999998807907104,1.1920928955078125e-07,gamma_dark,none
D:\BTECH\PlantDiseaseProject\dataset\val\Tomato___Tomato_Yellow_Leaf_Curl_Virus\67d2fd78-d897-4e0c-831c-e8d373829a9f___YLCV_GCREC 2198.JPG,0.46768978238105774,0.13845300674438477,0.867383599281311,7.62939453125e-05,0.0,0.4549019932746887,0.9999991655349731,0.9999992847442627,1.1920928955078125e-07,gamma_dark,none
D:\BTECH\PlantDiseaseProject\dataset\val\Tomato___Tomato_Yellow_Leaf_Curl_Virus\685faff6-cb72-47fc-9df7-a881165fe3e7___YLCV_NREC 0069.JPG,0.45972806215286255,0.14644719660282135,0.887839674949646,0.000885009765625,0.0,0.4941176772117615,0.9996104836463928,0.9998718500137329,0.0002613663673400879,clahe,none
D:\BTECH\PlantDiseaseProject\dataset\val\Tomato___Tomato_Yellow_Leaf_Curl_Virus\68f8c73f-8682-424b-bb43-9d505c64423f___UF.GRC_YLCV_Lab 08438.JPG,0.5632342100143433,0.1353849321603775,0.8323385715484619,0.0,0.0,0.4274509847164154,0.9999662637710571,1.0,3.3736228942871094e-05,clahe,none
D:\BTECH\PlantDiseaseProject\dataset\val\Tomato___Tomato_Yellow_Leaf_Curl_Virus\6a31eb11-2b1f-4b62-993b-80a1d4446705___YLCV_GCREC 2308.JPG,0.4246988296508789,0.15659870207309723,0.8636739253997803,0.0010528564453125,0.0,0.46666669845581055,0.9999998807907104,0.9999998807907104,0.0,none,none
D:\BTECH\PlantDiseaseProject\dataset\val\Tomato___Tomato_Yellow_Leaf_Curl_Virus\6b64f419-9182-4025-b69b-82066928918f___UF.GRC_YLCV_Lab 02576.JPG,0.5337958335876465,0.12030047178268433,0.8492740988731384,0.0,0.0,0.4117647111415863,1.0,1.0,0.0,none,none
D:\BTECH\PlantDiseaseProject\dataset\val\Tomato___Tomato_Yellow_Leaf_Curl_Virus\6b761df1-9293-433b-b771-77c7e9a8aa74___UF.GRC_YLCV_Lab 02050.JPG,0.5907993316650391,0.08179829269647598,0.7818711400032043,0.0,0.0,0.26274511218070984,1.0,1.0,0.0,none,none
D:\BTECH\PlantDiseaseProject\dataset\val\Tomato___Tomato_Yellow_Leaf_Curl_Virus\6b945fcf-c644-4917-91ad-30b91be73029___YLCV_NREC 2590.JPG,0.4968057870864868,0.2119462639093399,0.9456255435943604,0.005401611328125,0.0001068115234375,0.6627451181411743,0.9999891519546509,0.9999984502792358,9.298324584960938e-06,gamma_dark,none
D:\BTECH\PlantDiseaseProject\dataset\val\Tomato___Tomato_Yellow_Leaf_Curl_Virus\6cb27ec4-66b3-43ec-a768-1d5f45087ca0___YLCV_NREC 2330.JPG,0.47857338190078735,0.20259436964988708,0.934321403503418,0.0014190673828125,0.000396728515625,0.6549019813537598,0.9999998807907104,1.0,1.1920928955078125e-07,gamma_dark,none
D:\BTECH\PlantDiseaseProject\dataset\val\Tomato___Tomato_Yellow_Leaf_Curl_Virus\6cd47747-65f2-491a-8fb5-4bc9a0843f67___YLCV_NREC 2438.JPG,0.5512293577194214,0.16091671586036682,0.9038103222846985,0.0006866455078125,0.0001678466796875,0.572549045085907,0.9999998807907104,1.0,1.1920928955078125e-07,gamma_dark,none
D:\BTECH\PlantDiseaseProject\dataset\val\Tomato___Tomato_Yellow_Leaf_Curl_Virus\6d4ab2e3-38c1-43ae-9946-2a7a0dac15ec___UF.GRC_YLCV_Lab 02928.JPG,0.4574982225894928,0.11071725934743881,0.8449685573577881,0.0,0.0,0.38823530077934265,0.9999998807907104,0.9999998807907104,0.0,none,none
D:\BTECH\PlantDiseaseProject\dataset\val\Tomato___Tomato_Yellow_Leaf_Curl_Virus\6d5a3f06-e19e-4a6e-8e10-c441daf2a48e___YLCV_GCREC 1978.JPG,0.4948311448097229,0.20277224481105804,0.9277614951133728,0.00213623046875,0.000213623046875,0.6274510025978088,0.9999979734420776,0.9999997615814209,1.7881393432617188e-06,gamma_dark,none
D:\BTECH\PlantDiseaseProject\dataset\val\Tomato___Tomato_Yellow_Leaf_Curl_Virus\6e382244-fb3a-4caa-af71-05fff25f1c27___UF.GRC_YLCV_Lab 03397.JPG,0.5881860256195068,0.08069675415754318,0.752232015132904,0.0,0.0,0.2352941334247589,0.9999997615814209,0.9999997615814209,0.0,none,none
D:\BTECH\PlantDiseaseProject\dataset\val\Tomato___Tomato_Yellow_Leaf_Curl_Virus\6e6938d9-1ab0-4728-993c-1069b66ce73b___UF.GRC_YLCV_Lab 02727.JPG,0.5792940855026245,0.10142893344163895,0.8269614577293396,0.0,0.0,0.32549020648002625,0.9999966621398926,0.9999998807907104,3.2186508178710938e-06,hist_eq,none
D:\BTECH\PlantDiseaseProject\dataset\val\Tomato___Tomato_Yellow_Leaf_Curl_Virus\6e965ff5-c45a-474c-995f-85832f916e64___YLCV_NREC 2530.JPG,0.5275893211364746,0.23012059926986694,0.944689929485321,0.0023040771484375,0.0001068115234375,0.7058823704719543,0.9999990463256836,0.9999996423721313,5.960464477539062e-07,gamma_dark,none
D:\BTECH\PlantDiseaseProject\dataset\val\Tomato___Tomato_Yellow_Leaf_Curl_Virus\6edd2832-4dcf-45c0-8895-c789e056f086___UF.GRC_YLCV_Lab 03249.JPG,0.5553497672080994,0.11428897827863693,0.8437542915344238,0.0,0.0,0.34117648005485535,0.9999938011169434,0.9999983310699463,4.5299530029296875e-06,clahe,none
D:\BTECH\PlantDiseaseProject\dataset\val\Tomato___Tomato_Yellow_Leaf_Curl_Virus\6ef562d8-09a8-477d-bd4d-f018cae16ddd___UF.GRC_YLCV_Lab 09485.JPG,0.5211336612701416,0.1075659841299057,0.837458074092865,0.0,0.0,0.32549020648002625,1.0,1.0,0.0,none,none
D:\BTECH\PlantDiseaseProject\dataset\val\Tomato___Tomato_Yellow_Leaf_Curl_Virus\6f22936e-2dac-423c-b046-aa1fe8a25978___UF.GRC_YLCV_Lab 02053.JPG,0.5171271562576294,0.06702961772680283,0.7141199707984924,0.0,0.0,0.23137256503105164,0.9999988079071045,0.9999996423721313,8.344650268554688e-07,hist_eq,none
D:\BTECH\PlantDiseaseProject\dataset\val\Tomato___Tomato_Yellow_Leaf_Curl_Virus\6f40ff2f-54a5-47b1-afbd-89556ea5a08d___UF.GRC_YLCV_Lab 02832.JPG,0.5349233150482178,0.11587363481521606,0.8429315090179443,0.0,0.0,0.3921568691730499,0.999994158744812,0.9999998807907104,5.7220458984375e-06,clahe,none
D:\BTECH\PlantDiseaseProject\dataset\val\Tomato___Tomato_Yellow_Leaf_Curl_Virus\6f7f519d-9af2-4532-80c0-7a06311d776e___UF.GRC_YLCV_Lab 02465.JPG,0.7302327156066895,0.0813978984951973,0.7867211103439331,0.0,0.000885009765625,0.2392156720161438,0.9999961853027344,1.0,3.814697265625e-06,hist_eq,none
D:\BTECH\PlantDiseaseProject\dataset\val\Tomato___Tomato_Yellow_Leaf_Curl_Virus\6fd9e3a5-82cc-450d-beaf-10dcc024c64d___YLCV_NREC 2047.JPG,0.5229581594467163,0.18682266771793365,0.8912652134895325,0.001312255859375,4.57763671875e-05,0.615686297416687,1.0,1.0,0.0,none,none
D:\BTECH\PlantDiseaseProject\dataset\val\Tomato___Tomato_Yellow_Leaf_Curl_Virus\6fe082a8-da69-4802-9e2e-8db9ce3208fb___YLCV_NREC 2646.JPG,0.5324679613113403,0.21523205935955048,0.9290525317192078,0.0054779052734375,4.57763671875e-05,0.686274528503418,0.9993522763252258,0.999658465385437,0.00030618906021118164,gamma_dark,none
D:\BTECH\PlantDiseaseProject\dataset\val\Tomato___Tomato_Yellow_Leaf_Curl_Virus\70009c19-7424-4ce8-96e8-9eef439e4c9e___UF.GRC_YLCV_Lab 02056.JPG,0.5518625974655151,0.07427142560482025,0.7568349242210388,0.0,0.0,0.23137256503105164,0.999998927116394,0.9999998807907104,9.5367431640625e-07,clahe,none
D:\BTECH\PlantDiseaseProject\dataset\val\Tomato___Tomato_Yellow_Leaf_Curl_Virus\70ba4031-91e7-471f-8a05-cfadfaf9c894___YLCV_NREC 2033.JPG,0.533743679523468,0.20068955421447754,0.9279905557632446,0.0015869140625,0.0001678466796875,0.6509804129600525,0.9955543875694275,0.996807873249054,0.0012534856796264648,gamma_bright,none
D:\BTECH\PlantDiseaseProject\dataset\val\Tomato___Tomato_Yellow_Leaf_Curl_Virus\7117871b-240f-4988-8977-01745b6ca098___UF.GRC_YLCV_Lab 02131.JPG,0.543533444404602,0.08686124533414841,0.7583983540534973,0.0,0.0,0.2549019753932953,1.0,1.0,0.0,none,none
D:\BTECH\PlantDiseaseProject\dataset\val\Tomato___Tomato_Yellow_Leaf_Curl_Virus\7162cc3f-21ca-4196-b967-10376a4940d9___YLCV_GCREC 2844.JPG,0.44393712282180786,0.1324087232351303,0.870242714881897,0.0003204345703125,0.0,0.43529415130615234,1.0,1.0,0.0,none,none
D:\BTECH\PlantDiseaseProject\dataset\val\Tomato___Tomato_Yellow_Leaf_Curl_Virus\71bb254c-c5b3-47bf-b78d-d9ad87f64cf5___YLCV_NREC 2968.JPG,0.48270905017852783,0.14976337552070618,0.8667000532150269,0.001068115234375,0.0,0.4745098352432251,0.9999991655349731,0.9999996423721313,4.76837158203125e-07,gamma_bright,none
D:\BTECH\PlantDiseaseProject\dataset\val\Tomato___Tomato_Yellow_Leaf_Curl_Virus\71bf15ef-4ea3-41b6-be93-f8c882784fee___YLCV_GCREC 2001.JPG,0.5078418850898743,0.16557686030864716,0.8922621011734009,0.0001220703125,4.57763671875e-05,0.501960813999176,1.0,1.0,0.0,none,none
D:\BTECH\PlantDiseaseProject\dataset\val\Tomato___Tomato_Yellow_Leaf_Curl_Virus\71e1f9e6-cd1a-4b49-8138-17eb6220a549___YLCV_NREC 2937.JPG,0.4361382722854614,0.15774734318256378,0.9031236171722412,0.002288818359375,0.0,0.5215686559677124,1.0,1.0,0.0,none,none
D:\BTECH\PlantDiseaseProject\dataset\val\Tomato___Tomato_Yellow_Leaf_Curl_Virus\7204af8f-4d24-422b-a5b5-da4c33d6d250___YLCV_GCREC 2400.JPG,0.4455375075340271,0.15109866857528687,0.8968590497970581,6.103515625e-05,0.0,0.48235297203063965,1.0,1.0,0.0,none,none
D:\BTECH\PlantDiseaseProject\dataset\val\Tomato___Tomato_Yellow_Leaf_Curl_Virus\7230cf47-a160-4f3e-b9c7-c00d0b283c33___UF.GRC_YLCV_Lab 02956.JPG,0.3952213227748871,0.09320725500583649,0.8037534952163696,0.0,0.0,0.32549020648002625,0.9999988079071045,0.9999998807907104,1.0728836059570312e-06,hist_eq,none
D:\BTECH\PlantDiseaseProject\dataset\val\Tomato___Tomato_Yellow_Leaf_Curl_Virus\72a0fa54-9b00-44db-b7b3-2dea53b9333c___UF.GRC_YLCV_Lab 03331.JPG,0.5287566781044006,0.11358500272035599,0.8524102568626404,0.0,0.0,0.364705890417099,1.0,1.0,0.0,none,none
D:\BTECH\PlantDiseaseProject\dataset\val\Tomato___Tomato_Yellow_Leaf_Curl_Virus\72c108ac-bb21-425f-8970-e11aa45732d4___UF.GRC_YLCV_Lab 03108.JPG,0.5114212036132812,0.11004988849163055,0.8414808511734009,0.0,0.0,0.3333333432674408,0.9999997615814209,1.0,2.384185791015625e-07,clahe,none
D:\BTECH\PlantDiseaseProject\dataset\val\Tomato___Tomato_Yellow_Leaf_Curl_Virus\72e55fdf-18d1-4dd6-832c-19d7815ecb4c___UF.GRC_YLCV_Lab 01841.JPG,0.5351921319961548,0.13324537873268127,0.8547196984291077,0.0,0.0,0.4941176772117615,1.0,1.0,0.0,none,none
D:\BTECH\PlantDiseaseProject\dataset\val\Tomato___Tomato_Yellow_Leaf_Curl_Virus\738ca497-e08a-4754-9f18-28fd8771a23f___UF.GRC_YLCV_Lab 08555.JPG,0.46508362889289856,0.15018640458583832,0.8651103973388672,1.52587890625e-05,0.0,0.458823561668396,0.9923065304756165,0.9987682700157166,0.006461739540100098,clahe,none
D:\BTECH\PlantDiseaseProject\dataset\val\Tomato___Tomato_Yellow_Leaf_Curl_Virus\73ac94a4-7ca4-4716-bdc9-f27355d3b5ea___YLCV_NREC 0105.JPG,0.4545670747756958,0.11342888325452805,0.8528693914413452,4.57763671875e-05,0.0,0.38431376218795776,0.9892921447753906,0.9892921447753906,0.0,none,none
D:\BTECH\PlantDiseaseProject\dataset\val\Tomato___Tomato_Yellow_Leaf_Curl_Virus\74241a47-7b5c-4e56-b63a-3cb954ab5d8d___UF.GRC_YLCV_Lab 02580.JPG,0.5542501211166382,0.10991912335157394,0.8372622728347778,1.52587890625e-05,0.0,0.3764705955982208,0.9999934434890747,0.9999992847442627,5.841255187988281e-06,clahe,none
D:\BTECH\PlantDiseaseProject\dataset\val\Tomato___Tomato_Yellow_Leaf_Curl_Virus\743d6eb8-a7c4-4632-95f0-8ca346e6de2b___YLCV_GCREC 1975.JPG,0.41123420000076294,0.153927281498909,0.8868597745895386,0.0003814697265625,0.0,0.4705882668495178,0.9999909400939941,0.9999927282333374,1.7881393432617188e-06,gamma_bright,none
D:\BTECH\PlantDiseaseProject\dataset\val\Tomato___Tomato_Yellow_Leaf_Curl_Virus\743f6b65-92df-4809-ad64-ea3cf64ccffb___UF.GRC_YLCV_Lab 03074.JPG,0.5238673090934753,0.0984833762049675,0.8159253001213074,0.0,0.0,0.3019607961177826,0.999977707862854,0.9999984502792358,2.0742416381835938e-05,hist_eq,none
D:\BTECH\PlantDiseaseProject\dataset\val\Tomato___Tomato_Yellow_Leaf_Curl_Virus\744f2065-261d-42be-87ec-de81a39df65d___UF.GRC_YLCV_Lab 02577.JPG,0.5779812932014465,0.12663976848125458,0.8593941330909729,0.0,0.0,0.42352941632270813,0.9999996423721313,0.9999997615814209,1.1920928955078125e-07,clahe,none
D:\BTECH\PlantDiseaseProject\dataset\val\Tomato___Tomato_Yellow_Leaf_Curl_Virus\74511db1-33bc-4c6c-8974-2e429535bd80___YLCV_GCREC 5132.JPG,0.4665416479110718,0.19422687590122223,0.8925636410713196,0.003448486328125,1.52587890625e-05,0.6039215922355652,1.0,1.0,0.0,none,none
D:\BTECH\PlantDiseaseProject\dataset\val\Tomato___Tomato_Yellow_Leaf_Curl_Virus\749e717c-f4d4-44ec-9265-1cb37aae66ca___UF.GRC_YLCV_Lab 02145.JPG,0.47088679671287537,0.12044041603803635,0.8476729393005371,1.52587890625e-05,0.0,0.4117647409439087,1.0,1.0,0.0,none,none
D:\BTECH\PlantDiseaseProject\dataset\val\Tomato___Tomato_Yellow_Leaf_Curl_Virus\74b42d7f-309f-4473-b476-da57b293e601___YLCV_NREC 2773.JPG,0.4059964418411255,0.1788763701915741,0.9300245642662048,0.003875732421875,0.0,0.5686274766921997,0.9999971389770508,0.999998927116394,1.7881393432617188e-06,gamma_dark,none
D:\BTECH\PlantDiseaseProject\dataset\val\Tomato___Tomato_Yellow_Leaf_Curl_Virus\7502f8cf-3966-4e1b-bbb5-9a2db01ced48___UF.GRC_YLCV_Lab 01922.JPG,0.5475497245788574,0.11711220443248749,0.8507909774780273,0.0,0.0,0.3686274588108063,0.9998868703842163,0.9999912977218628,0.00010442733764648438,hist_eq,none
D:\BTECH\PlantDiseaseProject\dataset\val\Tomato___Tomato_Yellow_Leaf_Curl_Virus\7503943e-57b5-49e1-af18-bbec27bcc6d3___UF.GRC_YLCV_Lab 01495.JPG,0.5163966417312622,0.12161170691251755,0.8247624635696411,0.0,0.0,0.4470588266849518,0.9999645948410034,0.9999994039535522,3.4809112548828125e-05,clahe,none
D:\BTECH\PlantDiseaseProject\dataset\val\Tomato___Tomato_Yellow_Leaf_Curl_Virus\753d4aa4-2431-4892-9bc2-dff29b25bef6___YLCV_NREC 2258.JPG,0.5554184913635254,0.1769161969423294,0.9215806722640991,0.0002288818359375,0.0005035400390625,0.6117647290229797,0.9999898672103882,0.9999936819076538,3.814697265625e-06,gamma_dark,none
D:\BTECH\PlantDiseaseProject\dataset\val\Tomato___Tomato_Yellow_Leaf_Curl_Virus\75d9abec-c992-4519-be73-75786e745a2e___YLCV_NREC 2194.JPG,0.48117637634277344,0.19357556104660034,0.9294740557670593,0.003997802734375,0.0,0.6235294342041016,0.9999960660934448,0.9999966621398926,5.960464477539062e-07,gamma_dark,none
D:\BTECH\PlantDiseaseProject\dataset\val\Tomato___Tomato_Yellow_Leaf_Curl_Virus\75dd9b0d-dc4d-459a-a209-e94bdaecdc7c___YLCV_NREC 2302.JPG,0.5273376703262329,0.20405948162078857,0.9452236294746399,0.001922607421875,0.00042724609375,0.6509804129600525,1.0,1.0,0.0,none,none
D:\BTECH\PlantDiseaseProject\dataset\val\Tomato___Tomato_Yellow_Leaf_Curl_Virus\75e3673f-9532-4b79-becb-855c353c2bd1___YLCV_GCREC 2555.JPG,0.41620489954948425,0.1524142026901245,0.8993293046951294,0.000885009765625,0.0,0.48235297203063965,1.0,1.0,0.0,none,none
D:\BTECH\PlantDiseaseProject\dataset\val\Tomato___Tomato_Yellow_Leaf_Curl_Virus\762e31a3-f223-4ec3-bade-848133b4dc49___YLCV_GCREC 1967.JPG,0.5020210146903992,0.17477534711360931,0.8983725905418396,0.000396728515625,3.0517578125e-05,0.5803921818733215,1.0,1.0,0.0,none,none
D:\BTECH\PlantDiseaseProject\dataset\val\Tomato___Tomato_Yellow_Leaf_Curl_Virus\76538e40-4986-4f01-bfdd-bd3d4f0453f1___UF.GRC_YLCV_Lab 02621.JPG,0.5410234928131104,0.10772305727005005,0.8410565853118896,0.0,0.0,0.3686274588108063,0.9998856782913208,0.9999998807907104,0.00011420249938964844,clahe,none
D:\BTECH\PlantDiseaseProject\dataset\val\Tomato___Tomato_Yellow_Leaf_Curl_Virus\76835334-77ef-4b54-8cfe-0fd6c2733ab8___YLCV_NREC 2774.JPG,0.4505252242088318,0.17143401503562927,0.916792631149292,0.0020751953125,0.0,0.5411764979362488,0.9994951486587524,0.999679684638977,0.00018453598022460938,gamma_dark,none
D:\BTECH\PlantDiseaseProject\dataset\val\Tomato___Tomato_Yellow_Leaf_Curl_Virus\76964f4b-7330-4a36-9bc6-84e40c8b77ef___UF.GRC_YLCV_Lab 02458.JPG,0.5687088966369629,0.08014822751283646,0.7924889326095581,0.0,0.0,0.2666666805744171,0.9999977350234985,0.9999997615814209,2.0265579223632812e-06,clahe,none
D:\BTECH\PlantDiseaseProject\dataset\val\Tomato___Tomato_Yellow_Leaf_Curl_Virus\76b6f816-1cdb-4499-88fb-3c8e39fb0134___YLCV_NREC 2080.JPG,0.4884878098964691,0.21879370510578156,0.9364012479782104,0.0032501220703125,0.00018310546875,0.6666666865348816,1.0,1.0,0.0,none,none
D:\BTECH\PlantDiseaseProject\dataset\val\Tomato___Tomato_Yellow_Leaf_Curl_Virus\76bc3125-07e1-40f7-9a88-e3fa2153569b___UF.GRC_YLCV_Lab 03061.JPG,0.5221554040908813,0.1896977573633194,0.905231237411499,6.103515625e-05,0.0,0.5686274766921997,0.9999996423721313,0.9999998807907104,2.384185791015625e-07,clahe,none
D:\BTECH\PlantDiseaseProject\dataset\val\Tomato___Tomato_Yellow_Leaf_Curl_Virus\77eaf955-9ae7-4dc7-8fca-5746faa341d2___YLCV_GCREC 5196.JPG,0.5243645310401917,0.19515687227249146,0.8984208703041077,0.0001373291015625,0.00018310546875,0.6392157077789307,0.9999929666519165,0.9999984502792358,5.4836273193359375e-06,gamma_dark,none
D:\BTECH\PlantDiseaseProject\dataset\val\Tomato___Tomato_Yellow_Leaf_Curl_Virus\77f04c08-8c17-4c56-b220-5c2928467336___YLCV_GCREC 2536.JPG,0.383688360452652,0.14803551137447357,0.8967316746711731,0.00067138671875,0.0,0.4745098352432251,1.0,1.0,0.0,none,none
D:\BTECH\PlantDiseaseProject\dataset\val\Tomato___Tomato_Yellow_Leaf_Curl_Virus\78026401-90de-477b-8c6d-e9bde6f41f41___UF.GRC_YLCV_Lab 02185.JPG,0.5679227709770203,0.08176110684871674,0.7852397561073303,0.0,0.0,0.2705882489681244,1.0,1.0,0.0,none,none
D:\BTECH\PlantDiseaseProject\dataset\val\Tomato___Tomato_Yellow_Leaf_Curl_Virus\7820c2c1-e798-428e-9206-4b3a5f031e19___YLCV_NREC 0285.JPG,0.3986341953277588,0.1724366992712021,0.9071136713027954,0.0045013427734375,0.0,0.5333333611488342,0.9999997615814209,0.9999998807907104,1.1920928955078125e-07,gamma_bright,none
D:\BTECH\PlantDiseaseProject\dataset\val\Tomato___Tomato_Yellow_Leaf_Curl_Virus\7888a778-5d18-4abc-a5d0-ac621b42406f___UF.GRC_YLCV_Lab 09360.JPG,0.4899373948574066,0.11467158794403076,0.8526281714439392,0.0,0.0,0.3490196168422699,0.9999996423721313,0.9999996423721313,0.0,none,none
D:\BTECH\PlantDiseaseProject\dataset\val\Tomato___Tomato_Yellow_Leaf_Curl_Virus\79467ea0-5c59-4094-bddd-02074075b621___YLCV_NREC 2589.JPG,0.45199647545814514,0.20264264941215515,0.9372578859329224,0.0065155029296875,0.0,0.6274510025978088,0.9999991655349731,0.9999996423721313,4.76837158203125e-07,gamma_dark,none
D:\BTECH\PlantDiseaseProject\dataset\val\Tomato___Tomato_Yellow_Leaf_Curl_Virus\7968cd62-7006-4eb4-b2d8-66275168a0a4___UF.GRC_YLCV_Lab 02893.JPG,0.5721208453178406,0.08873561769723892,0.8107800483703613,0.0,0.0,0.2823529541492462,1.0,1.0,0.0,none,none
D:\BTECH\PlantDiseaseProject\dataset\val\Tomato___Tomato_Yellow_Leaf_Curl_Virus\797266f3-1a6d-4201-a4d8-01cff698bfdb___UF.GRC_YLCV_Lab 01619.JPG,0.4712614417076111,0.10866089165210724,0.8503158092498779,0.0,0.0,0.35686275362968445,0.9999998807907104,0.9999998807907104,0.0,none,none
D:\BTECH\PlantDiseaseProject\dataset\val\Tomato___Tomato_Yellow_Leaf_Curl_Virus\799290e1-0cb6-49b8-b411-9f76491c0622___YLCV_GCREC 2682.JPG,0.486448734998703,0.15127450227737427,0.8770703673362732,0.0,0.0,0.4784314036369324,1.0,1.0,0.0,none,none
D:\BTECH\PlantDiseaseProject\dataset\val\Tomato___Tomato_Yellow_Leaf_Curl_Virus\79985f34-8636-41b6-be52-6572a25fce1e___UF.GRC_YLCV_Lab 01983.JPG,0.6310517191886902,0.08684471249580383,0.7484084367752075,0.0,0.0,0.2901960611343384,0.9999998807907104,1.0,1.1920928955078125e-07,clahe,none
D:\BTECH\PlantDiseaseProject\dataset\val\Tomato___Tomato_Yellow_Leaf_Curl_Virus\79a7c962-7360-413b-bbfd-099bf13e147e___YLCV_NREC 2256.JPG,0.5337085723876953,0.18833491206169128,0.9273541569709778,0.0012664794921875,0.0001983642578125,0.6549019813537598,0.9999997615814209,0.9999998807907104,1.1920928955078125e-07,gamma_dark,none
D:\BTECH\PlantDiseaseProject\dataset\val\Tomato___Tomato_Yellow_Leaf_Curl_Virus\79e6edeb-be80-4552-82fa-b9d5cc36ca41___YLCV_GCREC 5499.JPG,0.378836989402771,0.16344623267650604,0.8984194993972778,0.0001678466796875,0.0,0.501960813999176,0.999992847442627,0.9999969005584717,4.0531158447265625e-06,clahe,none
D:\BTECH\PlantDiseaseProject\dataset\val\Tomato___Tomato_Yellow_Leaf_Curl_Virus\7ac74262-4823-4304-9ba6-9741477e168c___UF.GRC_YLCV_Lab 02669.JPG,0.5638010501861572,0.1161487028002739,0.8531546592712402,0.0,0.0,0.37254902720451355,1.0,1.0,0.0,none,none
D:\BTECH\PlantDiseaseProject\dataset\val\Tomato___Tomato_Yellow_Leaf_Curl_Virus\7ac8f021-febf-4acb-ad43-841019e70504___UF.GRC_YLCV_Lab 03194.JPG,0.5378713607788086,0.09937050938606262,0.8283815979957581,0.0,0.0,0.30980393290519714,1.0,1.0,0.0,none,none
D:\BTECH\PlantDiseaseProject\dataset\val\Tomato___Tomato_Yellow_Leaf_Curl_Virus\7bed5bdc-3cf3-4e18-9c43-0a8b01c95801___UF.GRC_YLCV_Lab 09336.JPG,0.5019941329956055,0.13464535772800446,0.8661952018737793,0.0,0.0,0.3921568691730499,0.9999990463256836,0.9999995231628418,4.76837158203125e-07,gamma_dark,none
D:\BTECH\PlantDiseaseProject\dataset\val\Tomato___Tomato_Yellow_Leaf_Curl_Virus\7c036479-9d89-40bc-8107-182c35aa5309___UF.GRC_YLCV_Lab 01600.JPG,0.5811532735824585,0.08399595320224762,0.769805908203125,0.0,0.0,0.2823529541492462,1.0,1.0,0.0,none,none
D:\BTECH\PlantDiseaseProject\dataset\val\Tomato___Tomato_Yellow_Leaf_Curl_Virus\7c253e30-e121-4c44-be3a-53f121104f77___YLCV_NREC 2818.JPG,0.46732068061828613,0.1423661857843399,0.8636252880096436,0.0003662109375,0.0,0.46274513006210327,0.9999997615814209,0.9999998807907104,1.1920928955078125e-07,clahe,none
D:\BTECH\PlantDiseaseProject\dataset\val\Tomato___Tomato_Yellow_Leaf_Curl_Virus\7c2eeadd-b0fe-4064-a6ee-7c33159396aa___YLCV_GCREC 5355.JPG,0.458901047706604,0.13870859146118164,0.8812328577041626,3.0517578125e-05,0.0,0.4431372880935669,1.0,1.0,0.0,none,none
D:\BTECH\PlantDiseaseProject\dataset\val\Tomato___Tomato_Yellow_Leaf_Curl_Virus\7c74d6cc-d114-4031-a675-2c6bb6ff7b48___UF.GRC_YLCV_Lab 09612.JPG,0.4074642062187195,0.11595646291971207,0.8336992859840393,0.0,0.0,0.38823530077934265,0.9999997615814209,1.0,2.384185791015625e-07,clahe,none
D:\BTECH\PlantDiseaseProject\dataset\val\Tomato___Tomato_Yellow_Leaf_Curl_Virus\7d85c8c9-a4fa-4241-9de5-dd9959ea7a62___UF.GRC_YLCV_Lab 01726.JPG,0.5970758199691772,0.09636855125427246,0.8030020594596863,0.0,0.0,0.27843138575553894,0.9999949932098389,0.9999998807907104,4.887580871582031e-06,gamma_bright,none
D:\BTECH\PlantDiseaseProject\dataset\val\Tomato___Tomato_Yellow_Leaf_Curl_Virus\7dcbbe29-d7e9-423f-b330-be0e80679253___YLCV_GCREC 1968.JPG,0.4728472828865051,0.18767721951007843,0.9001470804214478,0.002044677734375,6.103515625e-05,0.5921568870544434,0.9999998807907104,1.0,1.1920928955078125e-07,clahe,none
D:\BTECH\PlantDiseaseProject\dataset\val\Tomato___Tomato_Yellow_Leaf_Curl_Virus\7e67552a-5636-483a-9f95-593b214949d6___UF.GRC_YLCV_Lab 03022.JPG,0.5568398237228394,0.07826387137174606,0.7829595804214478,0.0,0.0,0.25882354378700256,0.9998899698257446,0.9999898672103882,9.989738464355469e-05,clahe,none
D:\BTECH\PlantDiseaseProject\dataset\val\Tomato___Tomato_Yellow_Leaf_Curl_Virus\7eaf8380-01fd-434b-9ea5-0d3681d32758___YLCV_NREC 2676.JPG,0.5019216537475586,0.20206476747989655,0.9391641020774841,0.0006256103515625,0.0003814697265625,0.6431372761726379,0.9999998807907104,1.0,1.1920928955078125e-07,gamma_dark,none
D:\BTECH\PlantDiseaseProject\dataset\val\Tomato___Tomato_Yellow_Leaf_Curl_Virus\7eb45688-09bb-43bf-a5f6-38e57e32eeed___YLCV_NREC 2003.JPG,0.5431636571884155,0.18072135746479034,0.9063180088996887,0.0026092529296875,0.0001220703125,0.6196078658103943,0.9999071359634399,0.9999785423278809,7.140636444091797e-05,gamma_dark,none
D:\BTECH\PlantDiseaseProject\dataset\val\Tomato___Tomato_Yellow_Leaf_Curl_Virus\7ee9ac87-43d8-4375-9a6f-d182bcec422d___YLCV_GCREC 5197.JPG,0.5228984355926514,0.1977871209383011,0.8976932764053345,0.0012054443359375,4.57763671875e-05,0.6352941393852234,1.0,1.0,0.0,none,none
D:\BTECH\PlantDiseaseProject\dataset\val\Tomato___Tomato_Yellow_Leaf_Curl_Virus\7f5bb95b-9a86-4b96-9ba7-0d93678117f0___YLCV_NREC 0284.JPG,0.4642430543899536,0.13950341939926147,0.8549083471298218,0.00067138671875,0.0,0.4431372880935669,0.9999988079071045,0.9999991655349731,3.5762786865234375e-07,gamma_dark,none
D:\BTECH\PlantDiseaseProject\dataset\val\Tomato___Tomato_Yellow_Leaf_Curl_Virus\7feee9ff-80c6-4aac-bbf6-fbd797d9a4b6___UF.GRC_YLCV_Lab 03216.JPG,0.5086574554443359,0.09761951863765717,0.826979398727417,0.0,0.0,0.3176470696926117,1.0,1.0,0.0,none,none
D:\BTECH\PlantDiseaseProject\dataset\val\Tomato___Tomato_Yellow_Leaf_Curl_Virus\806bd381-98ef-4a06-a1ed-65d9cc44f3c7___UF.GRC_YLCV_Lab 02006.JPG,0.5252668261528015,0.12286356091499329,0.8213489055633545,0.0,0.0,0.4274509847164154,1.0,1.0,0.0,none,none
D:\BTECH\PlantDiseaseProject\dataset\val\Tomato___Tomato_Yellow_Leaf_Curl_Virus\80d440bf-1ce0-42f2-a3b4-8c09f281d044___UF.GRC_YLCV_Lab 03045.JPG,0.5429080128669739,0.12103446573019028,0.8559216260910034,0.0,0.0,0.4000000059604645,0.9999933242797852,1.0,6.67572021484375e-06,clahe,none
D:\BTECH\PlantDiseaseProject\dataset\val\Tomato___Tomato_Yellow_Leaf_Curl_Virus\80eb3da8-47d7-44b0-8114-657da432cf9d___UF.GRC_YLCV_Lab 01723.JPG,0.41663897037506104,0.12549884617328644,0.8722724318504333,0.0,0.0,0.41960787773132324,0.9999849796295166,0.9999994039535522,1.4424324035644531e-05,clahe,none
D:\BTECH\PlantDiseaseProject\dataset\val\Tomato___Tomato_Yellow_Leaf_Curl_Virus\81018ae7-ef98-4b5e-b957-77f11caaf1e1___YLCV_GCREC 2321.JPG,0.4898722469806671,0.16788652539253235,0.8846498727798462,0.000701904296875,3.0517578125e-05,0.529411792755127,1.0,1.0,0.0,none,none
D:\BTECH\PlantDiseaseProject\dataset\val\Tomato___Tomato_Yellow_Leaf_Curl_Virus\810799d4-d5a0-4fc9-908c-a27e3a617e14___YLCV_NREC 2048.JPG,0.5437014102935791,0.19458720088005066,0.9217166900634766,0.0007781982421875,0.0002288818359375,0.6666666865348816,0.9999967813491821,0.9999985694885254,1.7881393432617188e-06,gamma_dark,none
D:\BTECH\PlantDiseaseProject\dataset\val\Tomato___Tomato_Yellow_Leaf_Curl_Virus\812b614b-bad8-4d10-9191-9a614bbdaef3___UF.GRC_YLCV_Lab 01418.JPG,0.5875616073608398,0.08215297013521194,0.7737287282943726,0.0,0.0,0.2666666805744171,0.9999681711196899,0.9999997615814209,3.159046173095703e-05,hist_eq,none
D:\BTECH\PlantDiseaseProject\dataset\val\Tomato___Tomato_Yellow_Leaf_Curl_Virus\81363c4e-78df-4540-8e9e-760155359b67___YLCV_NREC 2775.JPG,0.3826374411582947,0.18850424885749817,0.9256079792976379,0.005035400390625,0.0,0.5764706134796143,0.9998501539230347,0.9999672174453735,0.00011706352233886719,gamma_dark,none
D:\BTECH\PlantDiseaseProject\dataset\val\Tomato___Tomato_Yellow_Leaf_Curl_Virus\8154ab08-737d-49c5-83f3-b01cb6aa767a___YLCV_GCREC 2646.JPG,0.3849272131919861,0.1402289867401123,0.880829393863678,0.0009613037109375,0.0,0.45098042488098145,0.9999986886978149,0.9999995231628418,8.344650268554688e-07,gamma_dark,none
D:\BTECH\PlantDiseaseProject\dataset\val\Tomato___Tomato_Yellow_Leaf_Curl_Virus\81a8b25a-cc21-49c5-bd55-e92cb968d29b___UF.GRC_YLCV_Lab 02806.JPG,0.5446118116378784,0.07648571580648422,0.7753902673721313,0.0,0.0,0.2666666805744171,0.9999971389770508,1.0,2.86102294921875e-06,hist_eq,none
D:\BTECH\PlantDiseaseProject\dataset\val\Tomato___Tomato_Yellow_Leaf_Curl_Virus\81b06de5-7a1a-40e5-8626-81004a3ed36f___YLCV_GCREC 2801.JPG,0.43186497688293457,0.13259649276733398,0.8719184994697571,0.000213623046875,0.0,0.4431372880935669,1.0,1.0,0.0,none,none
D:\BTECH\PlantDiseaseProject\dataset\val\Tomato___Tomato_Yellow_Leaf_Curl_Virus\820c230b-6ea6-4ceb-b8c1-6d515cd389b0___UF.GRC_YLCV_Lab 02101.JPG,0.5442900657653809,0.10453551262617111,0.8133140802383423,0.0,0.0,0.35686275362968445,0.9999996423721313,1.0,3.5762786865234375e-07,clahe,none
D:\BTECH\PlantDiseaseProject\dataset\val\Tomato___Tomato_Yellow_Leaf_Curl_Virus\8230ca9b-e795-43a8-a082-5c4d49e02381___UF.GRC_YLCV_Lab 02078.JPG,0.5473915338516235,0.08595015108585358,0.7974743247032166,0.0,0.0,0.26274511218070984,0.9999957084655762,0.9999998807907104,4.172325134277344e-06,clahe,none
D:\BTECH\PlantDiseaseProject\dataset\val\Tomato___Tomato_Yellow_Leaf_Curl_Virus\82bfedaf-02ec-47df-b93d-86afa55ed895___YLCV_GCREC 2752.JPG,0.43607017397880554,0.1243521124124527,0.8589956164360046,0.0,0.0,0.38823533058166504,0.9999983310699463,0.9999994039535522,1.0728836059570312e-06,gamma_dark,none
D:\BTECH\PlantDiseaseProject\dataset\val\Tomato___Tomato_Yellow_Leaf_Curl_Virus\82c9f4ee-648c-4f54-aac0-dd2062636163___YLCV_NREC 2455.JPG,0.5050095319747925,0.2320561707019806,0.9211986064910889,0.002166748046875,0.0,0.6901960968971252,1.0,1.0,0.0,none,none
D:\BTECH\PlantDiseaseProject\dataset\val\Tomato___Tomato_Yellow_Leaf_Curl_Virus\8354d154-a610-462a-865a-83b2fb5055f4___YLCV_NREC 2966.JPG,0.4654008448123932,0.18501752614974976,0.8948980569839478,0.0018310546875,0.0,0.5529412031173706,0.9999994039535522,0.9999997615814209,3.5762786865234375e-07,gamma_bright,none
D:\BTECH\PlantDiseaseProject\dataset\val\Tomato___Tomato_Yellow_Leaf_Curl_Virus\84ccf2e9-b835-4b63-8628-164e84b78a70___UF.GRC_YLCV_Lab 09509.JPG,0.5844160318374634,0.08609003573656082,0.776412308216095,0.0,0.0,0.2352941334247589,0.9999994039535522,1.0,5.960464477539062e-07,hist_eq,none
D:\BTECH\PlantDiseaseProject\dataset\val\Tomato___Tomato_Yellow_Leaf_Curl_Virus\84fd95e6-9162-481d-8b3a-19235c760f0a___UF.GRC_YLCV_Lab 02988.JPG,0.5280974507331848,0.09910766035318375,0.828020453453064,0.0,0.0,0.3333333432674408,1.0,1.0,0.0,none,none
D:\BTECH\PlantDiseaseProject\dataset\val\Tomato___Tomato_Yellow_Leaf_Curl_Virus\8511be80-3815-45b0-89ba-86c38c91c3cc___UF.GRC_YLCV_Lab 09559.JPG,0.4572552442550659,0.11099740117788315,0.8488783836364746,0.0,0.0,0.34117648005485535,0.9999998807907104,1.0,1.1920928955078125e-07,clahe,none
D:\BTECH\PlantDiseaseProject\dataset\val\Tomato___Tomato_Yellow_Leaf_Curl_Virus\8519e2d2-15b3-4d42-b22f-c5f67259d188___UF.GRC_YLCV_Lab 01573.JPG,0.5243422985076904,0.11432556062936783,0.8342212438583374,0.0,0.0,0.4117647111415863,0.9999959468841553,0.9999997615814209,3.814697265625e-06,hist_eq,none
D:\BTECH\PlantDiseaseProject\dataset\val\Tomato___Tomato_Yellow_Leaf_Curl_Virus\852da2af-2291-40f6-baf5-92211f5e876a___YLCV_GCREC 2041.JPG,0.40427157282829285,0.11896789073944092,0.860209584236145,0.0,0.0,0.38431376218795776,0.9999943971633911,0.9999974966049194,3.0994415283203125e-06,gamma_dark,none
D:\BTECH\PlantDiseaseProject\dataset\val\Tomato___Tomato_Yellow_Leaf_Curl_Virus\85390de2-8b52-4579-96bf-17b055aaeb87___UF.GRC_YLCV_Lab 02972.JPG,0.5198829770088196,0.11096180975437164,0.8319931030273438,0.0,0.0,0.40392157435417175,0.9999996423721313,0.9999998807907104,2.384185791015625e-07,clahe,none
D:\BTECH\PlantDiseaseProject\dataset\val\Tomato___Tomato_Yellow_Leaf_Curl_Virus\862bb14b-87a7-4829-9f77-fefe41aae0b6___UF.GRC_YLCV_Lab 03385.JPG,0.6118022203445435,0.08926282078027725,0.8073107600212097,0.0,0.0,0.3019607961177826,1.0,1.0,0.0,none,none
D:\BTECH\PlantDiseaseProject\dataset\val\Tomato___Tomato_Yellow_Leaf_Curl_Virus\8642e4ee-a903-4bfd-a774-f3d42b871dd0___YLCV_GCREC 5384.JPG,0.3609570264816284,0.15951716899871826,0.8897825479507446,4.57763671875e-05,0.0,0.4745098352432251,0.999936580657959,0.9999817609786987,4.5180320739746094e-05,clahe,none
D:\BTECH\PlantDiseaseProject\dataset\val\Tomato___Tomato_Yellow_Leaf_Curl_Virus\876f42ad-8229-40e9-8ec0-c08ce90014d3___YLCV_GCREC 2799.JPG,0.5217171907424927,0.13910043239593506,0.8581430912017822,0.0,0.0,0.4549019932746887,1.0,1.0,0.0,none,none
D:\BTECH\PlantDiseaseProject\dataset\val\Tomato___Tomato_Yellow_Leaf_Curl_Virus\87f81b35-9059-478b-a775-33f232b8228f___YLCV_GCREC 2177.JPG,0.45128586888313293,0.18051986396312714,0.8894764184951782,0.0008697509765625,1.52587890625e-05,0.5490196347236633,0.9993224143981934,0.9997398257255554,0.00041741132736206055,hist_eq,none
D:\BTECH\PlantDiseaseProject\dataset\val\Tomato___Tomato_Yellow_Leaf_Curl_Virus\87fd49d2-d1b0-4e33-9443-1de82d2c19a1___YLCV_GCREC 2620.JPG,0.4482165277004242,0.10352232307195663,0.8291236162185669,0.0,0.0,0.34117650985717773,1.0,1.0,0.0,none,none
D:\BTECH\PlantDiseaseProject\dataset\val\Tomato___Tomato_Yellow_Leaf_Curl_Virus\87ff4433-edf3-414e-9699-c6780f664b2b___YLCV_NREC 2917.JPG,0.43229299783706665,0.1281098872423172,0.8686984181404114,0.0,0.0,0.4392157196998596,0.9999997615814209,0.9999997615814209,0.0,none,none
D:\BTECH\PlantDiseaseProject\dataset\val\Tomato___Tomato_Yellow_Leaf_Curl_Virus\88410b9f-78aa-4ee7-b626-ab32e668e8fb___YLCV_NREC 2564.JPG,0.4777525067329407,0.20207113027572632,0.9342526197433472,0.0026397705078125,0.0001068115234375,0.658823549747467,0.999996542930603,0.9999995231628418,2.9802322387695312e-06,gamma_dark,none
D:\BTECH\PlantDiseaseProject\dataset\val\Tomato___Tomato_Yellow_Leaf_Curl_Virus\892451b0-68b4-4787-9856-e07c933dbeb1___YLCV_GCREC 2359.JPG,0.43974384665489197,0.17047303915023804,0.927527666091919,0.00115966796875,0.0003814697265625,0.5529412031173706,0.999997615814209,0.9999985694885254,9.5367431640625e-07,gamma_dark,none
D:\BTECH\PlantDiseaseProject\dataset\val\Tomato___Tomato_Yellow_Leaf_Curl_Virus\8937cd9a-fa6e-4289-8008-eff9c48457ab___YLCV_GCREC 2423.JPG,0.4132075905799866,0.1605553776025772,0.9145490527153015,0.0004119873046875,0.0,0.5137255191802979,0.9999991655349731,0.9999994039535522,2.384185791015625e-07,gamma_bright,none
D:\BTECH\PlantDiseaseProject\dataset\val\Tomato___Tomato_Yellow_Leaf_Curl_Virus\89a1ca85-80da-43af-8fa1-5296153df561___YLCV_GCREC 5400.JPG,0.37848231196403503,0.1529289186000824,0.895915150642395,0.0003509521484375,0.0,0.46666669845581055,0.9999592304229736,0.9999699592590332,1.0728836059570312e-05,gamma_bright,none
D:\BTECH\PlantDiseaseProject\dataset\val\Tomato___Tomato_Yellow_Leaf_Curl_Virus\89cffec4-f6cc-4e0e-841a-aac30a3f0025___YLCV_GCREC 2753.JPG,0.4363470673561096,0.14693774282932281,0.8739120364189148,3.0517578125e-05,0.0,0.4392157196998596,0.9999998807907104,1.0,1.1920928955078125e-07,gamma_dark,none
D:\BTECH\PlantDiseaseProject\dataset\val\Tomato___Tomato_Yellow_Leaf_Curl_Virus\8a03e1c8-738e-4bb2-90ef-12f37f9d7eaf___YLCV_GCREC 2336.JPG,0.416937917470932,0.14202065765857697,0.8912414908409119,0.00152587890625,0.0,0.46666669845581055,0.9999997615814209,0.9999998807907104,1.1920928955078125e-07,gamma_dark,none
D:\BTECH\PlantDiseaseProject\dataset\val\Tomato___Tomato_Yellow_Leaf_Curl_Virus\8a3586e1-da3f-42bc-85e2-b82b4e103f9f___UF.GRC_YLCV_Lab 01688.JPG,0.49421262741088867,0.20511463284492493,0.9407621622085571,6.103515625e-05,0.0,0.6352941393852234,0.9999982118606567,0.9999996423721313,1.430511474609375e-06,gamma_dark,none
D:\BTECH\PlantDiseaseProject\dataset\val\Tomato___Tomato_Yellow_Leaf_Curl_Virus\8a72f728-8a36-4e96-bcfc-da5a04626338___UF.GRC_YLCV_Lab 02417.JPG,0.5586977601051331,0.11592969298362732,0.8409719467163086,0.0,0.0,0.37254902720451355,0.9999922513961792,0.9999972581863403,5.0067901611328125e-06,clahe,none
D:\BTECH\PlantDiseaseProject\dataset\val\Tomato___Tomato_Yellow_Leaf_Curl_Virus\8acb0ba2-8779-4c61-92c3-b293f36be728___YLCV_NREC 2261.JPG,0.4710017442703247,0.212496817111969,0.9446987509727478,0.0009765625,0.0006561279296875,0.6705882549285889,1.0,1.0,0.0,none,none
D:\BTECH\PlantDiseaseProject\dataset\val\Tomato___Tomato_Yellow_Leaf_Curl_Virus\8b3eaa8d-837b-4b67-b950-33c93aebd824___UF.GRC_YLCV_Lab 09368.JPG,0.45464855432510376,0.11437033861875534,0.8206530213356018,0.0,0.0,0.32156863808631897,0.999998927116394,0.9999998807907104,9.5367431640625e-07,clahe,none
D:\BTECH\PlantDiseaseProject\dataset\val\Tomato___Tomato_Yellow_Leaf_Curl_Virus\8ba52e1d-35f7-498a-987d-9dea899538bf___YLCV_GCREC 2648.JPG,0.50211501121521,0.14198032021522522,0.8606327772140503,1.52587890625e-05,0.0,0.43137258291244507,1.0,1.0,0.0,none,none
D:\BTECH\PlantDiseaseProject\dataset\val\Tomato___Tomato_Yellow_Leaf_Curl_Virus\8c4107c6-7706-4b08-9c15-b230a1b8b174___YLCV_GCREC 5134.JPG,0.4972732663154602,0.18876788020133972,0.8415179252624512,0.0015106201171875,0.0,0.545098066329956,1.0,1.0,0.0,none,none
D:\BTECH\PlantDiseaseProject\dataset\val\Tomato___Tomato_Yellow_Leaf_Curl_Virus\8c4a2acc-d3ff-420b-bc25-d177dd30d067___UF.GRC_YLCV_Lab 08489.JPG,0.5718633532524109,0.09105078130960464,0.802749514579773,0.0,0.0,0.25882354378700256,0.999993085861206,0.9999978542327881,4.76837158203125e-06,clahe,none
D:\BTECH\PlantDiseaseProject\dataset\val\Tomato___Tomato_Yellow_Leaf_Curl_Virus\8c6810c8-6bf8-4631-afc6-66a80e209694___YLCV_NREC 2195.JPG,0.5030428171157837,0.2174115628004074,0.9279761910438538,0.0046844482421875,1.52587890625e-05,0.6666666865348816,0.9999996423721313,0.9999998807907104,2.384185791015625e-07,clahe,none
D:\BTECH\PlantDiseaseProject\dataset\val\Tomato___Tomato_Yellow_Leaf_Curl_Virus\8cde28ca-3f7c-4641-81a7-0d5f0e7fabc7___UF.GRC_YLCV_Lab 02887.JPG,0.5290240049362183,0.11230570822954178,0.8510007858276367,0.0,0.0,0.3686274588108063,0.9999985694885254,0.9999998807907104,1.3113021850585938e-06,clahe,none
D:\BTECH\PlantDiseaseProject\dataset\val\Tomato___Tomato_Yellow_Leaf_Curl_Virus\8cf12f2f-30db-4019-9efd-6eabed9713f7___YLCV_NREC 2280.JPG,0.5390870571136475,0.17985230684280396,0.9211004376411438,0.0020294189453125,0.0001373291015625,0.6196078658103943,1.0,1.0,0.0,none,none
D:\BTECH\PlantDiseaseProject\dataset\val\Tomato___Tomato_Yellow_Leaf_Curl_Virus\8d3f9b57-d972-4e7c-a238-147e00dcb4e1___YLCV_NREC 2062.JPG,0.49247533082962036,0.21749769151210785,0.940984308719635,0.001922607421875,0.0001983642578125,0.6901960968971252,1.0,1.0,0.0,none,none
D:\BTECH\PlantDiseaseProject\dataset\val\Tomato___Tomato_Yellow_Leaf_Curl_Virus\8d62f35b-2070-4ee7-9013-2b3c6c6ae2af___UF.GRC_YLCV_Lab 02488.JPG,0.460149884223938,0.15788595378398895,0.8901925086975098,3.0517578125e-05,0.0,0.458823561668396,0.9999998807907104,1.0,1.1920928955078125e-07,clahe,none
D:\BTECH\PlantDiseaseProject\dataset\val\Tomato___Tomato_Yellow_Leaf_Curl_Virus\8d77d5b2-a24b-490d-8bba-982736952ce0___YLCV_NREC 0186.JPG,0.463817298412323,0.1248573586344719,0.8653494119644165,0.0001068115234375,0.0,0.41568630933761597,0.9999986886978149,0.9999986886978149,0.0,none,none
D:\BTECH\PlantDiseaseProject\dataset\val\Tomato___Tomato_Yellow_Leaf_Curl_Virus\8d94acac-be92-4e2a-ae6a-56690e6a0270___UF.GRC_YLCV_Lab 02895.JPG,0.5205289125442505,0.11982867866754532,0.8375697135925293,0.0,0.0,0.364705890417099,0.9999998807907104,1.0,1.1920928955078125e-07,clahe,none
D:\BTECH\PlantDiseaseProject\dataset\val\Tomato___Tomato_Yellow_Leaf_Curl_Virus\8e2f397f-3ebe-4b51-964b-e5d5372e0a8b___UF.GRC_YLCV_Lab 02095.JPG,0.560602605342865,0.08888687938451767,0.8060336112976074,0.0,0.0,0.2980392277240753,1.0,1.0,0.0,none,none
D:\BTECH\PlantDiseaseProject\dataset\val\Tomato___Tomato_Yellow_Leaf_Curl_Virus\8e605b54-e83c-4f6c-b9ab-b61d37cefeac___UF.GRC_YLCV_Lab 03245.JPG,0.5248868465423584,0.14397388696670532,0.8691779375076294,0.0002593994140625,0.0,0.4156862795352936,0.9987339377403259,0.9999673366546631,0.0012333989143371582,hist_eq,none
D:\BTECH\PlantDiseaseProject\dataset\val\Tomato___Tomato_Yellow_Leaf_Curl_Virus\8ed8ab38-bec2-4ea1-b335-08197725e374___UF.GRC_YLCV_Lab 01616.JPG,0.4967362880706787,0.14062854647636414,0.8853040933609009,0.0,0.0,0.4549019932746887,0.9999996423721313,0.9999997615814209,1.1920928955078125e-07,gamma_dark,none
D:\BTECH\PlantDiseaseProject\dataset\val\Tomato___Tomato_Yellow_Leaf_Curl_Virus\8eed63aa-e93f-4905-8278-ef9233ca8382___UF.GRC_YLCV_Lab 01465.JPG,0.4976966977119446,0.16175369918346405,0.8807424306869507,0.0,0.0,0.5960784554481506,0.9982707500457764,0.9999910593032837,0.0017203092575073242,hist_eq,none
D:\BTECH\PlantDiseaseProject\dataset\val\Tomato___Tomato_Yellow_Leaf_Curl_Virus\8f1e2db6-ec95-4812-9368-ab375fc3e498___YLCV_GCREC 2039.JPG,0.45122596621513367,0.11302550882101059,0.8446405529975891,0.0,0.0,0.35686275362968445,0.9999959468841553,0.9999959468841553,0.0,none,none
D:\BTECH\PlantDiseaseProject\dataset\val\Tomato___Tomato_Yellow_Leaf_Curl_Virus\8f3ed21d-2ba4-42e4-b8d6-c83ee1fdf1fc___UF.GRC_YLCV_Lab 02348.JPG,0.5672582983970642,0.13073883950710297,0.8736711740493774,0.0,0.0,0.45098039507865906,1.0,1.0,0.0,none,none
D:\BTECH\PlantDiseaseProject\dataset\val\Tomato___Tomato_Yellow_Leaf_Curl_Virus\8f7f2459-7493-416d-af69-200d1eeb07fa___YLCV_NREC 2082.JPG,0.49893519282341003,0.21652574837207794,0.9466624855995178,0.001983642578125,0.00042724609375,0.6941176652908325,1.0,1.0,0.0,none,none
D:\BTECH\PlantDiseaseProject\dataset\val\Tomato___Tomato_Yellow_Leaf_Curl_Virus\8f8f5b03-854c-4572-ac84-2893366dffef___YLCV_GCREC 2750.JPG,0.43684980273246765,0.14119574427604675,0.8658340573310852,0.0,0.0,0.41960787773132324,0.9999414682388306,0.9999822378158569,4.076957702636719e-05,clahe,none
D:\BTECH\PlantDiseaseProject\dataset\val\Tomato___Tomato_Yellow_Leaf_Curl_Virus\8ff65f50-2653-473f-bbd8-f45b9f959c55___UF.GRC_YLCV_Lab 02146.JPG,0.5478790998458862,0.12372956424951553,0.8238849639892578,0.0001373291015625,0.0,0.41960784792900085,0.9998401403427124,1.0,0.00015985965728759766,hist_eq,none
D:\BTECH\PlantDiseaseProject\dataset\val\Tomato___Tomato_Yellow_Leaf_Curl_Virus\9007c046-6863-4be1-8e88-98e02f6e113f___UF.GRC_YLCV_Lab 02449.JPG,0.4664400815963745,0.11956845968961716,0.8466377258300781,0.0,0.0,0.34117648005485535,1.0,1.0,0.0,none,none
D:\BTECH\PlantDiseaseProject\dataset\val\Tomato___Tomato_Yellow_Leaf_Curl_Virus\90a7c7fb-f268-4b0d-bb5a-2666c44b2768___YLCV_NREC 2315.JPG,0.47492516040802,0.20041267573833466,0.9185743927955627,0.000396728515625,6.103515625e-05,0.6313725709915161,1.0,1.0,0.0,none,none
D:\BTECH\PlantDiseaseProject\dataset\val\Tomato___Tomato_Yellow_Leaf_Curl_Virus\90bb9f6a-cf26-4f03-a7b9-80b9e8ecaed1___YLCV_NREC 2453.JPG,0.4737623631954193,0.21874937415122986,0.9430102109909058,0.0020904541015625,0.0001068115234375,0.6666666865348816,0.9999996423721313,1.0,3.5762786865234375e-07,gamma_dark,none
D:\BTECH\PlantDiseaseProject\dataset\val\Tomato___Tomato_Yellow_Leaf_Curl_Virus\90c510c8-2026-4087-9243-2775a6109ff9___YLCV_NREC 2409.JPG,0.4865421652793884,0.23689308762550354,0.9489150047302246,0.0023956298828125,0.0001068115234375,0.6941176652908325,0.9999992847442627,0.9999998807907104,5.960464477539062e-07,gamma_dark,none
D:\BTECH\PlantDiseaseProject\dataset\val\Tomato___Tomato_Yellow_Leaf_Curl_Virus\90d8848f-1cd2-4abf-9e76-ffc05352f6ad___YLCV_GCREC 2883.JPG,0.421671986579895,0.1455807238817215,0.8964465260505676,6.103515625e-05,0.0,0.4705882668495178,1.0,1.0,0.0,none,none
D:\BTECH\PlantDiseaseProject\dataset\val\Tomato___Tomato_Yellow_Leaf_Curl_Virus\9152d7df-6394-4456-971b-551a87a15028___UF.GRC_YLCV_Lab 01903.JPG,0.4730747938156128,0.16364404559135437,0.9087069630622864,0.0,0.0,0.5686274766921997,0.9999996423721313,1.0,3.5762786865234375e-07,clahe,none
D:\BTECH\PlantDiseaseProject\dataset\val\Tomato___Tomato_Yellow_Leaf_Curl_Virus\91543cff-6032-490c-af28-42bafe6f1f15___UF.GRC_YLCV_Lab 09497.JPG,0.5050981640815735,0.11096782982349396,0.8344449996948242,9.1552734375e-05,0.0,0.37254902720451355,0.9999998807907104,1.0,1.1920928955078125e-07,hist_eq,none
D:\BTECH\PlantDiseaseProject\dataset\val\Tomato___Tomato_Yellow_Leaf_Curl_Virus\915bab07-9a79-4144-9e60-4e65d44c4294___YLCV_NREC 2783.JPG,0.3964141309261322,0.18877175450325012,0.9310017824172974,0.0069732666015625,0.0,0.6117647290229797,0.9999855756759644,0.9999890327453613,3.4570693969726562e-06,clahe,none
D:\BTECH\PlantDiseaseProject\dataset\val\Tomato___Tomato_Yellow_Leaf_Curl_Virus\916d0944-bcd8-42c4-879d-4a36cf68fa5e___YLCV_GCREC 2297.JPG,0.44854646921157837,0.13540881872177124,0.8567721843719482,1.52587890625e-05,0.0,0.4274510145187378,0.9999995231628418,0.9999997615814209,2.384185791015625e-07,gamma_dark,none
D:\BTECH\PlantDiseaseProject\dataset\val\Tomato___Tomato_Yellow_Leaf_Curl_Virus\91ae9b3b-4b62-4128-a2bc-8f1ebf24b6fe___UF.GRC_YLCV_Lab 01500.JPG,0.5559150576591492,0.09026496857404709,0.7684510350227356,0.0,0.0,0.25882354378700256,0.9999983310699463,0.9999998807907104,1.5497207641601562e-06,clahe,none
D:\BTECH\PlantDiseaseProject\dataset\val\Tomato___Tomato_Yellow_Leaf_Curl_Virus\91ebbbe6-03e0-4757-afe4-6e7bfadda891___UF.GRC_YLCV_Lab 02037.JPG,0.5532258749008179,0.08476615697145462,0.7559850811958313,0.0,0.0,0.27450981736183167,1.0,1.0,0.0,none,none
D:\BTECH\PlantDiseaseProject\dataset\val\Tomato___Tomato_Yellow_Leaf_Curl_Virus\92b4bad6-4326-4de7-8a65-eea919719730___YLCV_GCREC 2945.JPG,0.5686861276626587,0.16625620424747467,0.8804477453231812,3.0517578125e-05,0.0,0.5686274766921997,0.9999947547912598,0.9999994039535522,4.649162292480469e-06,gamma_bright,none
D:\BTECH\PlantDiseaseProject\dataset\val\Tomato___Tomato_Yellow_Leaf_Curl_Virus\9300962c-fa16-4c51-b18c-bd0022434680___YLCV_GCREC 2484.JPG,0.4337437152862549,0.1451275497674942,0.8950952291488647,0.0,0.0,0.4784314036369324,0.9999984502792358,0.9999984502792358,0.0,none,none
D:\BTECH\PlantDiseaseProject\dataset\val\Tomato___Tomato_Yellow_Leaf_Curl_Virus\93050a74-78ea-49c1-8b61-edc7e489252b___YLCV_NREC 2259.JPG,0.5119360685348511,0.1874176263809204,0.9245839715003967,0.000885009765625,0.0002593994140625,0.6549019813537598,0.9999986886978149,0.9999996423721313,9.5367431640625e-07,hist_eq,none
D:\BTECH\PlantDiseaseProject\dataset\val\Tomato___Tomato_Yellow_Leaf_Curl_Virus\9361bd7c-6cda-4fc6-a07e-f9d3e0ac815b___UF.GRC_YLCV_Lab 01827.JPG,0.5707279443740845,0.1648753434419632,0.902563214302063,0.0,0.0,0.545098066329956,0.9999995231628418,1.0,4.76837158203125e-07,clahe,none
D:\BTECH\PlantDiseaseProject\dataset\val\Tomato___Tomato_Yellow_Leaf_Curl_Virus\93e37751-6fc2-41fb-b0fd-9639cba54c98___UF.GRC_YLCV_Lab 01277.JPG,0.5397881865501404,0.18956966698169708,0.8999211192131042,0.0001983642578125,0.0,0.6431372761726379,0.9999990463256836,0.9999998807907104,8.344650268554688e-07,clahe,none
D:\BTECH\PlantDiseaseProject\dataset\val\Tomato___Tomato_Yellow_Leaf_Curl_Virus\947f5ca3-3928-4019-900e-a725c0ed45d7___UF.GRC_YLCV_Lab 02398.JPG,0.41985583305358887,0.13127073645591736,0.8581306338310242,4.57763671875e-05,0.0,0.4117647409439087,0.9999858140945435,0.9999998807907104,1.4066696166992188e-05,hist_eq,none
D:\BTECH\PlantDiseaseProject\dataset\val\Tomato___Tomato_Yellow_Leaf_Curl_Virus\95b2ee1b-bad2-40b9-8d17-190828ebdfde___YLCV_NREC 2283.JPG,0.480349600315094,0.18787983059883118,0.9155709147453308,0.0006256103515625,9.1552734375e-05,0.6196078658103943,1.0,1.0,0.0,none,none
D:\BTECH\PlantDiseaseProject\dataset\val\Tomato___Tomato_Yellow_Leaf_Curl_Virus\95d3aec0-edfa-4cd4-b3f9-c39d24e9f37a___UF.GRC_YLCV_Lab 02377.JPG,0.5096602439880371,0.15704062581062317,0.8896490931510925,0.0001068115234375,0.0,0.5137255191802979,1.0,1.0,0.0,none,none
D:\BTECH\PlantDiseaseProject\dataset\val\Tomato___Tomato_Yellow_Leaf_Curl_Virus\9602912b-4775-4b3a-9bf9-9613909e2774___UF.GRC_YLCV_Lab 01642.JPG,0.45728492736816406,0.12801232933998108,0.8519372940063477,0.00018310546875,0.0,0.40392160415649414,0.999987006187439,1.0,1.2993812561035156e-05,clahe,none
D:\BTECH\PlantDiseaseProject\dataset\val\Tomato___Tomato_Yellow_Leaf_Curl_Virus\96cd3041-9e88-4796-9e9f-e2eda1ecff42___YLCV_GCREC 2290.JPG,0.49441930651664734,0.15066765248775482,0.8913635611534119,0.0004425048828125,3.0517578125e-05,0.5176470875740051,0.9999721050262451,0.9999856948852539,1.3589859008789062e-05,gamma_bright,none
D:\BTECH\PlantDiseaseProject\dataset\val\Tomato___Tomato_Yellow_Leaf_Curl_Virus\96da5e05-48ab-4461-b5ca-5d884df2c23f___YLCV_GCREC 2126.JPG,0.46491414308547974,0.1458704173564911,0.8785257935523987,6.103515625e-05,0.0,0.46274513006210327,0.9999998807907104,1.0,1.1920928955078125e-07,gamma_dark,none
D:\BTECH\PlantDiseaseProject\dataset\val\Tomato___Tomato_Yellow_Leaf_Curl_Virus\96f95135-fe12-4bf9-9e7a-d1fd07ea31b1___UF.GRC_YLCV_Lab 02528.JPG,0.5538578033447266,0.13704080879688263,0.8703866600990295,0.0,0.0,0.4156862795352936,1.0,1.0,0.0,none,none
D:\BTECH\PlantDiseaseProject\dataset\val\Tomato___Tomato_Yellow_Leaf_Curl_Virus\97ca797d-63b5-4372-8525-8873a7b92f2e___UF.GRC_YLCV_Lab 03020.JPG,0.4885602593421936,0.1076066866517067,0.8299003839492798,0.0,0.0,0.32549020648002625,0.9999476671218872,0.9999982118606567,5.054473876953125e-05,clahe,none
D:\BTECH\PlantDiseaseProject\dataset\val\Tomato___Tomato_Yellow_Leaf_Curl_Virus\97e7507b-3a92-4787-a9cb-2f02161c43ad___YLCV_NREC 2644.JPG,0.5216588377952576,0.21839649975299835,0.9444329738616943,0.004669189453125,3.0517578125e-05,0.6901960968971252,0.9997629523277283,0.9999306201934814,0.00016766786575317383,gamma_dark,none
D:\BTECH\PlantDiseaseProject\dataset\val\Tomato___Tomato_Yellow_Leaf_Curl_Virus\98653a34-e204-44fe-93dd-513ab0766bfe___YLCV_GCREC 5140.JPG,0.4877961575984955,0.15254633128643036,0.8507389426231384,4.57763671875e-05,0.0,0.5058823823928833,0.9999960660934448,0.9999998807907104,3.814697265625e-06,hist_eq,none
D:\BTECH\PlantDiseaseProject\dataset\val\Tomato___Tomato_Yellow_Leaf_Curl_Virus\98890164-eb0f-42a3-866b-b5f172416d4c___YLCV_GCREC 2200.JPG,0.47556230425834656,0.14391908049583435,0.885021448135376,0.000213623046875,0.0,0.4549019932746887,0.9999991655349731,0.9999991655349731,0.0,none,none
D:\BTECH\PlantDiseaseProject\dataset\val\Tomato___Tomato_Yellow_Leaf_Curl_Virus\98b04e60-e3db-4f39-9b0d-6015b7a7fa34___YLCV_GCREC 2333.JPG,0.4364587068557739,0.17458690702915192,0.9058645963668823,0.0018310546875,0.0,0.5411764979362488,1.0,1.0,0.0,none,none
D:\BTECH\PlantDiseaseProject\dataset\val\Tomato___Tomato_Yellow_Leaf_Curl_Virus\98fd5d8f-bb10-4608-b57a-40732f8fa5ad___UF.GRC_YLCV_Lab 02558.JPG,0.5063999891281128,0.12688694894313812,0.8642671704292297,0.0,0.0,0.4274510145187378,0.9999973773956299,0.9999995231628418,2.1457672119140625e-06,clahe,none
D:\BTECH\PlantDiseaseProject\dataset\val\Tomato___Tomato_Yellow_Leaf_Curl_Virus\9908a907-4143-4f88-b37f-5a37ef538bf0___UF.GRC_YLCV_Lab 02138.JPG,0.5420180559158325,0.08975717425346375,0.8037158250808716,0.0,0.0,0.30588236451148987,0.9999997615814209,1.0,2.384185791015625e-07,clahe,none
D:\BTECH\PlantDiseaseProject\dataset\val\Tomato___Tomato_Yellow_Leaf_Curl_Virus\995c9407-8902-4d39-9ea9-013bc7424a1e___YLCV_NREC 2617.JPG,0.40226566791534424,0.21131211519241333,0.9390411972999573,0.00799560546875,0.0001068115234375,0.6509804129600525,0.9999994039535522,0.9999998807907104,4.76837158203125e-07,gamma_dark,none
D:\BTECH\PlantDiseaseProject\dataset\val\Tomato___Tomato_Yellow_Leaf_Curl_Virus\99abcc2c-0b45-4868-bf37-23c347dbb4b8___YLCV_GCREC 2257.JPG,0.4670736491680145,0.1792161762714386,0.9018344283103943,0.0004730224609375,4.57763671875e-05,0.5882353186607361,1.0,1.0,0.0,none,none
D:\BTECH\PlantDiseaseProject\dataset\val\Tomato___Tomato_Yellow_Leaf_Curl_Virus\99d03333-064f-4a57-aeda-13b5fe17219e___UF.GRC_YLCV_Lab 01634.JPG,0.5368146896362305,0.1256505250930786,0.8575510382652283,0.0,0.0,0.3686274588108063,1.0,1.0,0.0,none,none
D:\BTECH\PlantDiseaseProject\dataset\val\Tomato___Tomato_Yellow_Leaf_Curl_Virus\99d3f3bc-6cca-4bc9-8e77-d7a7604a9bfb___UF.GRC_YLCV_Lab 09510.JPG,0.44725799560546875,0.10453691333532333,0.8339439630508423,0.0,0.0,0.3176470696926117,1.0,1.0,0.0,none,none
D:\BTECH\PlantDiseaseProject\dataset\val\Tomato___Tomato_Yellow_Leaf_Curl_Virus\9a5b63d3-7bd2-4759-92bd-103ec61aa368___YLCV_NREC 0283.JPG,0.3887873888015747,0.15300774574279785,0.894016683101654,0.0036468505859375,0.0,0.49803924560546875,0.9999995231628418,0.9999995231628418,0.0,none,none
D:\BTECH\PlantDiseaseProject\dataset\val\Tomato___Tomato_Yellow_Leaf_Curl_Virus\9a7182f5-7161-4177-b5dc-142444669e4e___YLCV_GCREC 2029.JPG,0.46355921030044556,0.15074698626995087,0.8936794996261597,0.0001373291015625,7.62939453125e-05,0.4705882668495178,1.0,1.0,0.0,none,none
D:\BTECH\PlantDiseaseProject\dataset\val\Tomato___Tomato_Yellow_Leaf_Curl_Virus\9a9a7af6-33e0-4c4d-8251-f91184e70051___YLCV_GCREC 1979.JPG,0.4559774398803711,0.17791585624217987,0.9016918540000916,0.0047760009765625,4.57763671875e-05,0.5568627715110779,0.9999996423721313,0.9999998807907104,2.384185791015625e-07,gamma_dark,none
D:\BTECH\PlantDiseaseProject\dataset\val\Tomato___Tomato_Yellow_Leaf_Curl_Virus\9c2a2bbe-48fd-4006-998e-a5cda974fdee___YLCV_NREC 2581.JPG,0.43519139289855957,0.14282113313674927,0.8798853158950806,6.103515625e-05,0.0,0.4745098352432251,0.9999959468841553,0.9999991655349731,3.2186508178710938e-06,hist_eq,none
D:\BTECH\PlantDiseaseProject\dataset\val\Tomato___Tomato_Yellow_Leaf_Curl_Virus\9cabec91-ef67-4319-9cdf-e96668341536___UF.GRC_YLCV_Lab 01801.JPG,0.533734917640686,0.12508252263069153,0.8674692511558533,0.0,0.0,0.40784314274787903,1.0,1.0,0.0,none,none
D:\BTECH\PlantDiseaseProject\dataset\val\Tomato___Tomato_Yellow_Leaf_Curl_Virus\9caf5130-11f3-492a-81b1-3e787ea31c5e___YLCV_NREC 2359.JPG,0.41410622000694275,0.15477393567562103,0.894110918045044,0.0004730224609375,0.0,0.4901961088180542,1.0,1.0,0.0,none,none
D:\BTECH\PlantDiseaseProject\dataset\val\Tomato___Tomato_Yellow_Leaf_Curl_Virus\9cc19601-672d-4c9b-a925-0143457901b1___YLCV_GCREC 2621.JPG,0.5044336318969727,0.12362534552812576,0.8446270227432251,0.0,0.0,0.40000003576278687,1.0,1.0,0.0,none,none
D:\BTECH\PlantDiseaseProject\dataset\val\Tomato___Tomato_Yellow_Leaf_Curl_Virus\9d032375-b1ce-45ca-a067-e699486d511d___YLCV_GCREC 2220.JPG,0.418998122215271,0.147857666015625,0.8936482667922974,6.103515625e-05,0.0,0.46274513006210327,0.9999995231628418,0.9999995231628418,0.0,none,none
D:\BTECH\PlantDiseaseProject\dataset\val\Tomato___Tomato_Yellow_Leaf_Curl_Virus\9d6a56fc-85ac-4519-91e9-cb307410cd0c___YLCV_GCREC 2557.JPG,0.49165278673171997,0.1551651805639267,0.8816483020782471,7.62939453125e-05,0.0,0.4862745404243469,1.0,1.0,0.0,none,none
D:\BTECH\PlantDiseaseProject\dataset\val\Tomato___Tomato_Yellow_Leaf_Curl_Virus\9dc7206f-8004-4ba8-8f2a-6bc69de6afa3___YLCV_NREC 0188.JPG,0.4401375651359558,0.11176153272390366,0.8503458499908447,7.62939453125e-05,0.0,0.35294121503829956,0.9998937845230103,0.9999407529830933,4.696846008300781e-05,gamma_dark,none
D:\BTECH\PlantDiseaseProject\dataset\val\Tomato___Tomato_Yellow_Leaf_Curl_Virus\9e06d8fd-c50a-4c0f-a2aa-42cb2f94c65c___UF.GRC_YLCV_Lab 09529.JPG,0.5856620669364929,0.08332110196352005,0.7928360104560852,0.0,0.0,0.2862745225429535,0.9999992847442627,1.0,7.152557373046875e-07,clahe,none
D:\BTECH\PlantDiseaseProject\dataset\val\Tomato___Tomato_Yellow_Leaf_Curl_Virus\9e91f5cd-0988-4e34-af69-941e07e05869___YLCV_GCREC 2347.JPG,0.4513769745826721,0.16374421119689941,0.9006212949752808,3.0517578125e-05,0.0,0.49803924560546875,1.0,1.0,0.0,none,none
D:\BTECH\PlantDiseaseProject\dataset\val\Tomato___Tomato_Yellow_Leaf_Curl_Virus\9ef6528c-3775-4d6a-a876-9f582e8fe295___YLCV_GCREC 2217.JPG,0.39660775661468506,0.12919136881828308,0.8716869950294495,0.0,0.0,0.4235294461250305,0.9999901056289673,0.9999901056289673,0.0,none,none
D:\BTECH\PlantDiseaseProject\dataset\val\Tomato___Tomato_Yellow_Leaf_Curl_Virus\9f6dd47a-6004-4312-9b49-4d2f91476511___YLCV_NREC 2904.JPG,0.4261094331741333,0.1487349569797516,0.887304425239563,0.0016326904296875,0.0,0.48235297203063965,0.9999939203262329,0.9999939203262329,0.0,none,none
D:\BTECH\PlantDiseaseProject\dataset\val\Tomato___Tomato_Yellow_Leaf_Curl_Virus\9f7be972-e41d-4732-be14-8e465f622223___YLCV_NREC 2780.JPG,0.4453917443752289,0.19389460980892181,0.914384126663208,0.003631591796875,0.0,0.5843137502670288,0.9990037083625793,0.9990037083625793,0.0,none,none
D:\BTECH\PlantDiseaseProject\dataset\val\Tomato___Tomato_Yellow_Leaf_Curl_Virus\a09fa0f1-e128-44a0-9033-ce053b4971b6___UF.GRC_YLCV_Lab 01698.JPG,0.536429762840271,0.14002452790737152,0.8319278359413147,0.0056610107421875,0.0,0.5058823823928833,0.999992847442627,1.0,7.152557373046875e-06,clahe,none
D:\BTECH\PlantDiseaseProject\dataset\val\Tomato___Tomato_Yellow_Leaf_Curl_Virus\a0af1fbb-f3f4-4081-bea3-0ab45a21b2cc___UF.GRC_YLCV_Lab 02271.JPG,0.5396275520324707,0.11267340183258057,0.7881540060043335,0.0,0.0,0.43529415130615234,0.9999992847442627,0.9999992847442627,0.0,none,none
D:\BTECH\PlantDiseaseProject\dataset\val\Tomato___Tomato_Yellow_Leaf_Curl_Virus\a0f6d0ce-5de9-4bb5-a936-e6c4009f05ae___YLCV_NREC 2450.JPG,0.5153847932815552,0.21837317943572998,0.9290715456008911,0.003875732421875,0.0001068115234375,0.6666666865348816,0.9999697208404541,0.9999958276748657,2.6106834411621094e-05,hist_eq,none
D:\BTECH\PlantDiseaseProject\dataset\val\Tomato___Tomato_Yellow_Leaf_Curl_Virus\a13f6997-e1f9-49ac-8f8a-61bfbc0ba77f___YLCV_NREC 0194.JPG,0.44246912002563477,0.13651926815509796,0.8788397908210754,0.00103759765625,0.0,0.4549019932746887,0.9999998807907104,1.0,1.1920928955078125e-07,gamma_dark,none
D:\BTECH\PlantDiseaseProject\dataset\val\Tomato___Tomato_Yellow_Leaf_Curl_Virus\a1ca44bc-dc89-4162-bc06-f682a823bbb0___YLCV_GCREC 5133.JPG,0.5457804799079895,0.1738303303718567,0.867416262626648,0.0022430419921875,6.103515625e-05,0.5490196347236633,1.0,1.0,0.0,none,none
D:\BTECH\PlantDiseaseProject\dataset\val\Tomato___Tomato_Yellow_Leaf_Curl_Virus\a2aaeb01-a2f6-4198-b18d-bb5ffb4f3f78___YLCV_GCREC 2354.JPG,0.4491698145866394,0.10581617802381516,0.8449869155883789,0.0,0.0,0.3490196168422699,0.999995231628418,0.999995231628418,0.0,none,none
D:\BTECH\PlantDiseaseProject\dataset\val\Tomato___Tomato_Yellow_Leaf_Curl_Virus\a2c29647-7a47-4edb-b957-abc2d4cf963a___UF.GRC_YLCV_Lab 02420.JPG,0.5519200563430786,0.14516858756542206,0.8987966775894165,0.0,0.0,0.49803921580314636,0.9999649524688721,0.9999973773956299,3.24249267578125e-05,clahe,none
D:\BTECH\PlantDiseaseProject\dataset\val\Tomato___Tomato_Yellow_Leaf_Curl_Virus\a35f38ab-abbf-47e8-9e2d-e79d11dec403___UF.GRC_YLCV_Lab 02003.JPG,0.5702425837516785,0.11536340415477753,0.829424262046814,0.0001220703125,0.0,0.4117647111415863,0.9999860525131226,0.9999998807907104,1.3828277587890625e-05,clahe,none
D:\BTECH\PlantDiseaseProject\dataset\val\Tomato___Tomato_Yellow_Leaf_Curl_Virus\a3a96f86-d18f-42c1-918a-197bd2f61d20___YLCV_NREC 2939.JPG,0.454716295003891,0.17311455309391022,0.9142394065856934,0.0033721923828125,0.0,0.5529412031173706,1.0,1.0,0.0,none,none
D:\BTECH\PlantDiseaseProject\dataset\val\Tomato___Tomato_Yellow_Leaf_Curl_Virus\a3aebcfa-5ae8-47b4-b504-28caa8643ca9___YLCV_GCREC 2509.JPG,0.43866777420043945,0.12999974191188812,0.870012640953064,7.62939453125e-05,0.0,0.4235294461250305,1.0,1.0,0.0,none,none
D:\BTECH\PlantDiseaseProject\dataset\val\Tomato___Tomato_Yellow_Leaf_Curl_Virus\a3b0fe3a-8a97-479f-908e-dc0c08d0771b___UF.GRC_YLCV_Lab 01419.JPG,0.5508190989494324,0.09501418471336365,0.788341760635376,0.0,0.0,0.27843138575553894,0.9999992847442627,1.0,7.152557373046875e-07,clahe,none
D:\BTECH\PlantDiseaseProject\dataset\val\Tomato___Tomato_Yellow_Leaf_Curl_Virus\a3cf03ea-3465-4b85-aec7-2967ba38452b___UF.GRC_YLCV_Lab 01996.JPG,0.5782533884048462,0.12442590296268463,0.8192917108535767,0.0,0.0,0.42352941632270813,1.0,1.0,0.0,none,none
D:\BTECH\PlantDiseaseProject\dataset\val\Tomato___Tomato_Yellow_Leaf_Curl_Virus\a41cf004-2fad-4d6d-857b-61a9e9f6a48d___YLCV_NREC 2234.JPG,0.4652711749076843,0.17899177968502045,0.9276005625724792,0.0028839111328125,1.52587890625e-05,0.5803921818733215,1.0,1.0,0.0,none,none
D:\BTECH\PlantDiseaseProject\dataset\val\Tomato___Tomato_Yellow_Leaf_Curl_Virus\a4354dbc-7948-49ce-b8c7-23cb68042657___UF.GRC_YLCV_Lab 08533.JPG,0.5241608619689941,0.10321163386106491,0.8195488452911377,0.000457763671875,0.0,0.3294117748737335,0.99991774559021,0.9999903440475464,7.259845733642578e-05,clahe,none
D:\BTECH\PlantDiseaseProject\dataset\val\Tomato___Tomato_Yellow_Leaf_Curl_Virus\a48dfc2f-9f3c-42b7-b403-86ec357d8805___UF.GRC_YLCV_Lab 02900.JPG,0.4987484812736511,0.1280660331249237,0.8672531843185425,0.0,0.0,0.4000000059604645,1.0,1.0,0.0,none,none
D:\BTECH\PlantDiseaseProject\dataset\val\Tomato___Tomato_Yellow_Leaf_Curl_Virus\a4f37e4b-8519-445f-8f58-55edcf8e2461___UF.GRC_YLCV_Lab 02059.JPG,0.5741000175476074,0.07483264058828354,0.7279806733131409,0.0,0.0,0.25882354378700256,0.9999983310699463,1.0,1.6689300537109375e-06,clahe,none
D:\BTECH\PlantDiseaseProject\dataset\val\Tomato___Tomato_Yellow_Leaf_Curl_Virus\a5309cd5-fea6-4f45-bfef-283bdb2b9350___YLCV_GCREC 2178.JPG,0.44079774618148804,0.17907680571079254,0.9120244979858398,0.001922607421875,1.52587890625e-05,0.5647059082984924,0.9999971389770508,0.9999979734420776,8.344650268554688e-07,gamma_bright,none
D:\BTECH\PlantDiseaseProject\dataset\val\Tomato___Tomato_Yellow_Leaf_Curl_Virus\a5416516-80f0-4004-88f6-186b79696707___UF.GRC_YLCV_Lab 01840.JPG,0.6137808561325073,0.133270263671875,0.8683875799179077,0.0,0.0,0.4588235318660736,0.9999994039535522,0.9999997615814209,3.5762786865234375e-07,clahe,none
D:\BTECH\PlantDiseaseProject\dataset\val\Tomato___Tomato_Yellow_Leaf_Curl_Virus\a579b3de-13da-4332-b717-988cc5d576de___YLCV_NREC 2678.JPG,0.5267089605331421,0.18051530420780182,0.9192084074020386,0.0005340576171875,7.62939453125e-05,0.5882353186607361,0.9999984502792358,0.9999996423721313,1.1920928955078125e-06,clahe,none
D:\BTECH\PlantDiseaseProject\dataset\val\Tomato___Tomato_Yellow_Leaf_Curl_Virus\a5b5d284-5081-4340-9cfa-be58ed74aea3___UF.GRC_YLCV_Lab 02223.JPG,0.5278416275978088,0.07945555448532104,0.7678388953208923,0.0,0.0,0.2549019753932953,0.9699482321739197,0.9999998807907104,0.03005164861679077,clahe,clahe
D:\BTECH\PlantDiseaseProject\dataset\val\Tomato___Tomato_Yellow_Leaf_Curl_Virus\a5cb88c5-fd17-4fcb-ba0b-def1e82feaa9___UF.GRC_YLCV_Lab 02079.JPG,0.5675393342971802,0.08727983385324478,0.7924278974533081,0.0,0.0,0.29411765933036804,0.9999390840530396,0.9999991655349731,6.008148193359375e-05,hist_eq,none
D:\BTECH\PlantDiseaseProject\dataset\val\Tomato___Tomato_Yellow_Leaf_Curl_Virus\a661fdcc-c6fa-4e49-9405-f038e1031718___UF.GRC_YLCV_Lab 03345.JPG,0.5572412014007568,0.07331451028585434,0.710698664188385,0.0,0.0,0.1882353127002716,1.0,1.0,0.0,none,none
D:\BTECH\PlantDiseaseProject\dataset\val\Tomato___Tomato_Yellow_Leaf_Curl_Virus\a679b4b4-4add-475a-b7a7-d988dd98e422___UF.GRC_YLCV_Lab 03372.JPG,0.46424615383148193,0.09943227469921112,0.8177088499069214,0.0,0.0,0.3450980484485626,1.0,1.0,0.0,none,none
D:\BTECH\PlantDiseaseProject\dataset\val\Tomato___Tomato_Yellow_Leaf_Curl_Virus\a67cb57b-396d-4719-9c3a-f02b23a8a4e3___UF.GRC_YLCV_Lab 03255.JPG,0.41826921701431274,0.13963712751865387,0.8789265751838684,0.0,0.0,0.41568630933761597,0.9999570846557617,0.9999983310699463,4.124641418457031e-05,clahe,none
D:\BTECH\PlantDiseaseProject\dataset\val\Tomato___Tomato_Yellow_Leaf_Curl_Virus\a6891d50-81a2-4611-86cb-4db90ac9cda8___YLCV_NREC 2050.JPG,0.5241485238075256,0.20456235110759735,0.916918158531189,0.003326416015625,4.57763671875e-05,0.6431372761726379,1.0,1.0,0.0,none,none
D:\BTECH\PlantDiseaseProject\dataset\val\Tomato___Tomato_Yellow_Leaf_Curl_Virus\a722b7ee-87ba-481c-901e-f59e70902650___YLCV_GCREC 2125.JPG,0.4181213974952698,0.13533250987529755,0.8721674680709839,0.000701904296875,0.0,0.44705885648727417,0.9999994039535522,0.9999997615814209,3.5762786865234375e-07,gamma_dark,none
D:\BTECH\PlantDiseaseProject\dataset\val\Tomato___Tomato_Yellow_Leaf_Curl_Virus\a730544f-6894-41b5-a00d-87e640a9a050___YLCV_GCREC 2506.JPG,0.44899508357048035,0.12759943306446075,0.8759207725524902,6.103515625e-05,0.0,0.43137258291244507,0.9999998807907104,0.9999998807907104,0.0,none,none
D:\BTECH\PlantDiseaseProject\dataset\val\Tomato___Tomato_Yellow_Leaf_Curl_Virus\a81afe60-1f4d-4035-80e6-ff724104b03e___UF.GRC_YLCV_Lab 03103.JPG,0.4700212776660919,0.11167911440134048,0.8454537391662598,0.0,0.0,0.3294117748737335,1.0,1.0,0.0,none,none
D:\BTECH\PlantDiseaseProject\dataset\val\Tomato___Tomato_Yellow_Leaf_Curl_Virus\a86655c2-c4ec-4c2f-bfa0-75b91a860fc4___UF.GRC_YLCV_Lab 02244.JPG,0.5332746505737305,0.09600206464529037,0.795191764831543,0.0001373291015625,0.0,0.2862745225429535,0.9999911785125732,0.9999998807907104,8.702278137207031e-06,hist_eq,none
D:\BTECH\PlantDiseaseProject\dataset\val\Tomato___Tomato_Yellow_Leaf_Curl_Virus\a89d28eb-a4c5-41cc-8588-b5f44e139282___UF.GRC_YLCV_Lab 09443.JPG,0.38813668489456177,0.10021378099918365,0.8296431303024292,0.0,0.0,0.3490196466445923,1.0,1.0,0.0,none,none
D:\BTECH\PlantDiseaseProject\dataset\val\Tomato___Tomato_Yellow_Leaf_Curl_Virus\a9434099-dd74-477d-89e0-afed1a7d0286___YLCV_GCREC 2361.JPG,0.47477346658706665,0.1468074768781662,0.8862602710723877,0.000152587890625,4.57763671875e-05,0.4705882668495178,0.9999995231628418,0.9999995231628418,0.0,none,none
D:\BTECH\PlantDiseaseProject\dataset\val\Tomato___Tomato_Yellow_Leaf_Curl_Virus\a98234a4-0b30-43ab-bbf7-a4262d128cd9___YLCV_GCREC 2349.JPG,0.4392019808292389,0.15370823442935944,0.90177321434021,0.0002593994140625,3.0517578125e-05,0.48235297203063965,1.0,1.0,0.0,none,none
D:\BTECH\PlantDiseaseProject\dataset\val\Tomato___Tomato_Yellow_Leaf_Curl_Virus\a9dad9b0-3559-476d-8213-eb18f482dffe___YLCV_GCREC 2348.JPG,0.43353432416915894,0.14663124084472656,0.895693302154541,0.0002288818359375,1.52587890625e-05,0.4784314036369324,1.0,1.0,0.0,none,none
D:\BTECH\PlantDiseaseProject\dataset\val\Tomato___Tomato_Yellow_Leaf_Curl_Virus\aa26362d-5239-49c0-8ca4-5a930df41477___UF.GRC_YLCV_Lab 01655.JPG,0.44014179706573486,0.08122139424085617,0.7783686518669128,0.0,0.0,0.23137256503105164,0.9999939203262329,1.0,6.079673767089844e-06,hist_eq,none
D:\BTECH\PlantDiseaseProject\dataset\val\Tomato___Tomato_Yellow_Leaf_Curl_Virus\aaa72112-c5ea-47e3-ab7b-fb1591ab203c___UF.GRC_YLCV_Lab 02360.JPG,0.561893105506897,0.10803607106208801,0.8356125354766846,0.0,0.0,0.37254902720451355,0.9999985694885254,0.9999996423721313,1.0728836059570312e-06,clahe,none
D:\BTECH\PlantDiseaseProject\dataset\val\Tomato___Tomato_Yellow_Leaf_Curl_Virus\ab062566-4f9f-4599-829d-e9e2b174ce6c___UF.GRC_YLCV_Lab 03351.JPG,0.6207226514816284,0.07542972266674042,0.7461341619491577,0.0,0.0,0.23529410362243652,1.0,1.0,0.0,none,none
D:\BTECH\PlantDiseaseProject\dataset\val\Tomato___Tomato_Yellow_Leaf_Curl_Virus\ab09b502-9c17-4764-bdea-31c128389c40___YLCV_NREC 0196.JPG,0.4452526271343231,0.10920450091362,0.8420164585113525,0.00048828125,0.0,0.3647059202194214,0.9999991655349731,0.9999995231628418,3.5762786865234375e-07,hist_eq,none
D:\BTECH\PlantDiseaseProject\dataset\val\Tomato___Tomato_Yellow_Leaf_Curl_Virus\ab0ceb65-a1ef-4f77-8778-80c2731c599d___YLCV_NREC 2301.JPG,0.5214762687683105,0.22089572250843048,0.9311112761497498,0.0012054443359375,4.57763671875e-05,0.6627451181411743,1.0,1.0,0.0,none,none
D:\BTECH\PlantDiseaseProject\dataset\val\Tomato___Tomato_Yellow_Leaf_Curl_Virus\ac073eaf-9515-409a-9459-d6f1e448a720___UF.GRC_YLCV_Lab 02961.JPG,0.4833754301071167,0.12444674223661423,0.8689177632331848,0.0,0.0,0.3921568691730499,0.9999679327011108,0.9999998807907104,3.1948089599609375e-05,hist_eq,none
D:\BTECH\PlantDiseaseProject\dataset\val\Tomato___Tomato_Yellow_Leaf_Curl_Virus\ac5f9dc2-072d-4d82-b1d3-5be0fd4877aa___UF.GRC_YLCV_Lab 09531.JPG,0.6177852153778076,0.09362222254276276,0.816150426864624,0.0,0.0,0.30588236451148987,0.999994158744812,0.9999997615814209,5.602836608886719e-06,clahe,none
D:\BTECH\PlantDiseaseProject\dataset\val\Tomato___Tomato_Yellow_Leaf_Curl_Virus\acf25a1f-06d6-4cea-8310-9057d6d86314___YLCV_NREC 0223.JPG,0.4681538939476013,0.13751262426376343,0.8828670978546143,0.000762939453125,0.0,0.44705885648727417,0.9999991655349731,0.9999996423721313,4.76837158203125e-07,gamma_dark,none
D:\BTECH\PlantDiseaseProject\dataset\val\Tomato___Tomato_Yellow_Leaf_Curl_Virus\ad42a0ba-af33-4be7-a194-4aeca155586d___UF.GRC_YLCV_Lab 09573.JPG,0.4470370411872864,0.1321217566728592,0.8723444938659668,0.0,0.0,0.38823530077934265,0.9999998807907104,1.0,1.1920928955078125e-07,clahe,none
D:\BTECH\PlantDiseaseProject\dataset\val\Tomato___Tomato_Yellow_Leaf_Curl_Virus\adb5b398-73ef-481c-90da-62bad3128135___UF.GRC_YLCV_Lab 08481.JPG,0.6109783053398132,0.07834907621145248,0.7423592209815979,0.0,0.0,0.2549019455909729,0.9999463558197021,0.9999921321868896,4.57763671875e-05,hist_eq,none
D:\BTECH\PlantDiseaseProject\dataset\val\Tomato___Tomato_Yellow_Leaf_Curl_Virus\ae0369a9-6e25-4183-a079-d6e28441c393___UF.GRC_YLCV_Lab 03208.JPG,0.5199541449546814,0.10977811366319656,0.8496414422988892,0.0,0.0,0.35686275362968445,1.0,1.0,0.0,none,none
D:\BTECH\PlantDiseaseProject\dataset\val\Tomato___Tomato_Yellow_Leaf_Curl_Virus\ae13d53d-ffe7-4070-a3ec-d1fce993f352___YLCV_NREC 0280.JPG,0.4386194944381714,0.1400858759880066,0.8731951713562012,0.0009765625,0.0,0.43529415130615234,1.0,1.0,0.0,none,none
D:\BTECH\PlantDiseaseProject\dataset\val\Tomato___Tomato_Yellow_Leaf_Curl_Virus\ae620115-c69b-4ff4-bc62-cd67175c94e4___UF.GRC_YLCV_Lab 01274.JPG,0.5604525208473206,0.15897928178310394,0.8972636461257935,0.0,0.0,0.48627451062202454,0.9999992847442627,0.9999998807907104,5.960464477539062e-07,clahe,none
D:\BTECH\PlantDiseaseProject\dataset\val\Tomato___Tomato_Yellow_Leaf_Curl_Virus\aef82d5f-88cf-4b36-9652-04df2ab72d22___YLCV_GCREC 2128.JPG,0.4207967221736908,0.13127021491527557,0.8634524345397949,0.0008544921875,0.0,0.4274510145187378,1.0,1.0,0.0,none,none
D:\BTECH\PlantDiseaseProject\dataset\val\Tomato___Tomato_Yellow_Leaf_Curl_Virus\af78eb7d-789a-4edb-895a-223b1560f421___YLCV_NREC 2260.JPG,0.4754354655742645,0.17544515430927277,0.9019825458526611,0.0002288818359375,0.0,0.5764706134796143,1.0,1.0,0.0,none,none
D:\BTECH\PlantDiseaseProject\dataset\val\Tomato___Tomato_Yellow_Leaf_Curl_Virus\afaef6c3-09cb-4573-a9f4-ff86e2af6135___UF.GRC_YLCV_Lab 02949.JPG,0.4401263892650604,0.12333598732948303,0.8636319637298584,0.000152587890625,0.0,0.3843137323856354,0.9999967813491821,0.9999997615814209,2.9802322387695312e-06,clahe,none
D:\BTECH\PlantDiseaseProject\dataset\val\Tomato___Tomato_Yellow_Leaf_Curl_Virus\afe58ed7-783e-4e28-b729-f55dac6be091___YLCV_NREC 2647.JPG,0.48920226097106934,0.23077690601348877,0.9292750954627991,0.008758544921875,6.103515625e-05,0.6901960968971252,0.9974673986434937,0.9994257688522339,0.0019583702087402344,hist_eq,none
D:\BTECH\PlantDiseaseProject\dataset\val\Tomato___Tomato_Yellow_Leaf_Curl_Virus\b00db472-11ed-444e-a2da-84775b902b3f___YLCV_NREC 2690.JPG,0.48671194911003113,0.20742635428905487,0.9366628527641296,0.003875732421875,9.1552734375e-05,0.658823549747467,0.9999959468841553,0.9999959468841553,0.0,none,none
D:\BTECH\PlantDiseaseProject\dataset\val\Tomato___Tomato_Yellow_Leaf_Curl_Virus\b01c0c80-4246-47ba-86ae-0daa824a807e___UF.GRC_YLCV_Lab 03006.JPG,0.4702647626399994,0.13358758389949799,0.8717319965362549,0.000274658203125,0.0,0.41568630933761597,1.0,1.0,0.0,none,none
D:\BTECH\PlantDiseaseProject\dataset\val\Tomato___Tomato_Yellow_Leaf_Curl_Virus\b0c09bba-f23e-451e-9b1a-24cbb5878c47___UF.GRC_YLCV_Lab 09356.JPG,0.5466343760490417,0.10090500861406326,0.8306530714035034,0.0,0.0,0.3019607961177826,0.9999995231628418,0.9999997615814209,2.384185791015625e-07,hist_eq,none
D:\BTECH\PlantDiseaseProject\dataset\val\Tomato___Tomato_Yellow_Leaf_Curl_Virus\b0da2084-b23a-4c96-bb13-091e8e95960f___UF.GRC_YLCV_Lab 01478.JPG,0.46897000074386597,0.1654283106327057,0.8629742860794067,0.0037841796875,0.0,0.5568627715110779,0.999976396560669,0.9999909400939941,1.4543533325195312e-05,clahe,none
D:\BTECH\PlantDiseaseProject\dataset\val\Tomato___Tomato_Yellow_Leaf_Curl_Virus\b133856e-06a1-4268-8b99-8df8ec1018aa___UF.GRC_YLCV_Lab 01897.JPG,0.437079519033432,0.14466285705566406,0.8787721991539001,0.0,0.0,0.5333333611488342,0.9999971389770508,0.9999995231628418,2.384185791015625e-06,clahe,none
D:\BTECH\PlantDiseaseProject\dataset\val\Tomato___Tomato_Yellow_Leaf_Curl_Virus\b2c15dfd-4374-4f5c-bb0e-419759a7bfda___UF.GRC_YLCV_Lab 02794.JPG,0.5705804824829102,0.09580773860216141,0.8139925599098206,0.0,0.0,0.3294117748737335,0.9999284744262695,0.9999977350234985,6.92605972290039e-05,clahe,none
D:\BTECH\PlantDiseaseProject\dataset\val\Tomato___Tomato_Yellow_Leaf_Curl_Virus\b32d9472-fd28-467c-9f93-a3c9abbc8acb___UF.GRC_YLCV_Lab 02615.JPG,0.5820170044898987,0.12046141922473907,0.86111980676651,0.0,0.0,0.40392157435417175,1.0,1.0,0.0,none,none
D:\BTECH\PlantDiseaseProject\dataset\val\Tomato___Tomato_Yellow_Leaf_Curl_Virus\b34be8f0-485a-409f-a61f-8b07ad59c87c___YLCV_NREC 2408.JPG,0.5229312181472778,0.21153855323791504,0.9409343004226685,0.0022125244140625,9.1552734375e-05,0.6627451181411743,0.9999881982803345,0.9999969005584717,8.702278137207031e-06,gamma_dark,none
D:\BTECH\PlantDiseaseProject\dataset\val\Tomato___Tomato_Yellow_Leaf_Curl_Virus\b45afa3d-e908-428c-b680-3093b30e0e06___UF.GRC_YLCV_Lab 02940.JPG,0.5215049386024475,0.10702682286500931,0.8431221842765808,0.0,0.0,0.3529411852359772,0.9999761581420898,1.0,2.384185791015625e-05,clahe,none
D:\BTECH\PlantDiseaseProject\dataset\val\Tomato___Tomato_Yellow_Leaf_Curl_Virus\b470e6d0-e666-4af3-8437-2d0238c863ec___UF.GRC_YLCV_Lab 02384.JPG,0.4038941562175751,0.13790075480937958,0.8773719072341919,1.52587890625e-05,0.0,0.4784314036369324,0.9999998807907104,1.0,1.1920928955078125e-07,clahe,none
D:\BTECH\PlantDiseaseProject\dataset\val\Tomato___Tomato_Yellow_Leaf_Curl_Virus\b499bd1e-7fc6-43cb-a0f3-141b22b1b946___YLCV_GCREC 5292.JPG,0.4603608250617981,0.19367140531539917,0.9155575633049011,0.002471923828125,3.0517578125e-05,0.6000000238418579,1.0,1.0,0.0,none,none
D:\BTECH\PlantDiseaseProject\dataset\val\Tomato___Tomato_Yellow_Leaf_Curl_Virus\b58223cf-fca6-4032-84f1-7bdea7c9e844___UF.GRC_YLCV_Lab 03023.JPG,0.5449471473693848,0.0702834203839302,0.7472825050354004,7.62939453125e-05,0.0,0.2039215862751007,0.9999927282333374,0.9999963045120239,3.5762786865234375e-06,clahe,none
D:\BTECH\PlantDiseaseProject\dataset\val\Tomato___Tomato_Yellow_Leaf_Curl_Virus\b5edf5c4-d6d0-43da-8ffe-12f18faa0b59___YLCV_GCREC 2174.JPG,0.4423154592514038,0.19377842545509338,0.921816885471344,0.0032806396484375,0.0,0.5960784554481506,0.9999967813491821,0.9999982118606567,1.430511474609375e-06,gamma_bright,none
D:\BTECH\PlantDiseaseProject\dataset\val\Tomato___Tomato_Yellow_Leaf_Curl_Virus\b68f33d4-ea4b-4756-8bad-3c2d8dabb9c0___UF.GRC_YLCV_Lab 08430.JPG,0.5752825736999512,0.11285965889692307,0.8224798440933228,0.0,0.0,0.35686275362968445,0.9997771382331848,0.9999997615814209,0.00022262334823608398,clahe,none
D:\BTECH\PlantDiseaseProject\dataset\val\Tomato___Tomato_Yellow_Leaf_Curl_Virus\b6bb3633-4ca0-463b-bd25-79a0ffd99e71___UF.GRC_YLCV_Lab 03197.JPG,0.4877903461456299,0.12186198681592941,0.8582850694656372,0.000244140625,0.0,0.38823530077934265,1.0,1.0,0.0,none,none
D:\BTECH\PlantDiseaseProject\dataset\val\Tomato___Tomato_Yellow_Leaf_Curl_Virus\b6d776d1-2edf-4ff2-85fc-30a12a4b01bb___YLCV_GCREC 5295.JPG,0.5149551630020142,0.19115927815437317,0.9063125252723694,0.0004119873046875,3.0517578125e-05,0.6039215922355652,1.0,1.0,0.0,none,none
D:\BTECH\PlantDiseaseProject\dataset\val\Tomato___Tomato_Yellow_Leaf_Curl_Virus\b7048895-f27a-431a-9ffd-6a4b81132cbf___YLCV_GCREC 2346.JPG,0.49895381927490234,0.1383611559867859,0.8719512224197388,1.52587890625e-05,0.0,0.44705885648727417,0.9999995231628418,0.9999997615814209,2.384185791015625e-07,clahe,none
D:\BTECH\PlantDiseaseProject\dataset\val\Tomato___Tomato_Yellow_Leaf_Curl_Virus\b81f7702-a22b-4ca2-85d6-55fad9e50d27___YLCV_GCREC 2097.JPG,0.4292284846305847,0.19156520068645477,0.9154173135757446,0.0060272216796875,7.62939453125e-05,0.5921568870544434,0.9999997615814209,0.9999997615814209,0.0,none,none
D:\BTECH\PlantDiseaseProject\dataset\val\Tomato___Tomato_Yellow_Leaf_Curl_Virus\b82d7b6e-0c2c-4050-8256-bb430b07b2aa___UF.GRC_YLCV_Lab 02315.JPG,0.4807918667793274,0.12903614342212677,0.8740179538726807,0.0,0.0,0.4156862795352936,0.9999996423721313,1.0,3.5762786865234375e-07,clahe,none
D:\BTECH\PlantDiseaseProject\dataset\val\Tomato___Tomato_Yellow_Leaf_Curl_Virus\b8a0f015-8e9d-4f9a-b1e9-77f2d4236b16___YLCV_NREC 0222.JPG,0.4635099470615387,0.12695397436618805,0.8770048022270203,0.0002899169921875,0.0,0.4274510145187378,0.9999998807907104,0.9999998807907104,0.0,none,none
D:\BTECH\PlantDiseaseProject\dataset\val\Tomato___Tomato_Yellow_Leaf_Curl_Virus\b8d383dc-cc5e-4e95-8db8-281765b92ee1___YLCV_GCREC 5141.JPG,0.5370509624481201,0.14776599407196045,0.8307822942733765,0.0003814697265625,3.0517578125e-05,0.5372549295425415,0.9985670447349548,0.9997840523719788,0.0012170076370239258,gamma_dark,none
D:\BTECH\PlantDiseaseProject\dataset\val\Tomato___Tomato_Yellow_Leaf_Curl_Virus\b90000cd-d3a8-4672-a8ff-5ecb84fc7013___UF.GRC_YLCV_Lab 01381.JPG,0.43806564807891846,0.11603039503097534,0.8464746475219727,9.1552734375e-05,0.0,0.3607843518257141,0.9999990463256836,0.9999990463256836,0.0,none,none
D:\BTECH\PlantDiseaseProject\dataset\val\Tomato___Tomato_Yellow_Leaf_Curl_Virus\b974d4bd-2eb4-4195-9ef3-e396fa51f085___UF.GRC_YLCV_Lab 01982.JPG,0.7043702006340027,0.10482194274663925,0.814349353313446,0.0,0.0,0.31372547149658203,0.9999428987503052,0.9999946355819702,5.173683166503906e-05,clahe,none
D:\BTECH\PlantDiseaseProject\dataset\val\Tomato___Tomato_Yellow_Leaf_Curl_Virus\b99920fb-c886-43e6-a079-80f28baffd20___UF.GRC_YLCV_Lab 03059.JPG,0.4822627305984497,0.1126880794763565,0.8392320871353149,0.0,0.0,0.3529411852359772,0.9999890327453613,1.0,1.0967254638671875e-05,hist_eq,none
D:\BTECH\PlantDiseaseProject\dataset\val\Tomato___Tomato_Yellow_Leaf_Curl_Virus\b9aa7de8-21b1-4ff6-bbc5-651fd0477f8d___UF.GRC_YLCV_Lab 02709.JPG,0.5189867615699768,0.10483282804489136,0.8257265090942383,0.0,0.0,0.3137255012989044,0.9999995231628418,0.9999998807907104,3.5762786865234375e-07,clahe,none
D:\BTECH\PlantDiseaseProject\dataset\val\Tomato___Tomato_Yellow_Leaf_Curl_Virus\bad25b3b-e8d1-4e33-9034-7c9248acc4a9___YLCV_GCREC 2684.JPG,0.41511818766593933,0.1653776317834854,0.8869752883911133,9.1552734375e-05,0.0,0.48235297203063965,1.0,1.0,0.0,none,none
D:\BTECH\PlantDiseaseProject\dataset\val\Tomato___Tomato_Yellow_Leaf_Curl_Virus\bb24cdaf-a001-43b3-b8b9-cba6dd44faf3___YLCV_GCREC 2180.JPG,0.45016008615493774,0.16476596891880035,0.9058037996292114,0.0018463134765625,3.0517578125e-05,0.545098066329956,0.9999634027481079,0.9999938011169434,3.039836883544922e-05,gamma_dark,none
D:\BTECH\PlantDiseaseProject\dataset\val\Tomato___Tomato_Yellow_Leaf_Curl_Virus\bb292b2e-4447-4433-bab9-d8e1e29c7d5b___UF.GRC_YLCV_Lab 02635.JPG,0.4963437616825104,0.13700859248638153,0.8829850554466248,0.0,0.0,0.458823561668396,0.9996082186698914,0.9999996423721313,0.00039142370223999023,clahe,none
D:\BTECH\PlantDiseaseProject\dataset\val\Tomato___Tomato_Yellow_Leaf_Curl_Virus\bb8a0bb8-f149-4dbf-a7fb-16c568b181fb___UF.GRC_YLCV_Lab 02506.JPG,0.45829856395721436,0.15190455317497253,0.8979190587997437,0.0,0.0,0.4862745404243469,1.0,1.0,0.0,none,none
D:\BTECH\PlantDiseaseProject\dataset\val\Tomato___Tomato_Yellow_Leaf_Curl_Virus\bba326f3-9c2a-4790-9f42-a4f1e05366eb___YLCV_GCREC 2355.JPG,0.48684024810791016,0.12008653581142426,0.8455491065979004,0.0,0.0,0.3803921639919281,0.9999630451202393,0.9999630451202393,0.0,none,none
D:\BTECH\PlantDiseaseProject\dataset\val\Tomato___Tomato_Yellow_Leaf_Curl_Virus\bbc63a52-2d8c-41b9-ad18-86f8022a70b7___UF.GRC_YLCV_Lab 09436.JPG,0.5082926154136658,0.13041938841342926,0.8721963167190552,0.0,0.0,0.45098042488098145,1.0,1.0,0.0,none,none
D:\BTECH\PlantDiseaseProject\dataset\val\Tomato___Tomato_Yellow_Leaf_Curl_Virus\bbf29268-c70e-40ac-ae86-d19a3f108841___YLCV_GCREC 2563.JPG,0.46879732608795166,0.14834418892860413,0.894991934299469,0.000213623046875,0.0,0.4745098352432251,1.0,1.0,0.0,none,none
D:\BTECH\PlantDiseaseProject\dataset\val\Tomato___Tomato_Yellow_Leaf_Curl_Virus\bcbe4121-e763-411e-bb1a-f438266427c4___UF.GRC_YLCV_Lab 02511.JPG,0.5683476328849792,0.10504528880119324,0.8361965417861938,0.0,0.0,0.34117648005485535,1.0,1.0,0.0,none,none
D:\BTECH\PlantDiseaseProject\dataset\val\Tomato___Tomato_Yellow_Leaf_Curl_Virus\bcd05e57-4a54-41f0-a586-18abba3c1caa___UF.GRC_YLCV_Lab 03035.JPG,0.5440187454223633,0.19774620234966278,0.8930582404136658,0.0,0.0,0.545098066329956,0.999955415725708,0.999994158744812,3.8743019104003906e-05,clahe,none
D:\BTECH\PlantDiseaseProject\dataset\val\Tomato___Tomato_Yellow_Leaf_Curl_Virus\bcd5e29a-60ab-4885-bdda-d56ae1cdfd65___YLCV_NREC 2226.JPG,0.464292049407959,0.15770623087882996,0.8917276263237,0.00054931640625,0.0,0.49803924560546875,1.0,1.0,0.0,none,none
D:\BTECH\PlantDiseaseProject\dataset\val\Tomato___Tomato_Yellow_Leaf_Curl_Virus\bd7593bc-0d9e-4579-9648-685d94e8bd44___UF.GRC_YLCV_Lab 03354.JPG,0.4483720362186432,0.11733414977788925,0.8534241914749146,0.0003204345703125,0.0,0.37254905700683594,0.9999995231628418,1.0,4.76837158203125e-07,clahe,none
D:\BTECH\PlantDiseaseProject\dataset\val\Tomato___Tomato_Yellow_Leaf_Curl_Virus\bd82a16d-373d-4436-b5cb-efd84c4faf2a___UF.GRC_YLCV_Lab 02678.JPG,0.5998953580856323,0.10104157030582428,0.8155831694602966,0.0,0.0,0.33725491166114807,0.9999998807907104,1.0,1.1920928955078125e-07,gamma_dark,none
D:\BTECH\PlantDiseaseProject\dataset\val\Tomato___Tomato_Yellow_Leaf_Curl_Virus\bdd2fe13-a09d-4419-957e-3910234f8d0d___UF.GRC_YLCV_Lab 02581.JPG,0.591818630695343,0.13457436859607697,0.841180682182312,0.0,0.0,0.46666666865348816,0.9999984502792358,0.9999997615814209,1.3113021850585938e-06,clahe,none
D:\BTECH\PlantDiseaseProject\dataset\val\Tomato___Tomato_Yellow_Leaf_Curl_Virus\be0e0a05-c753-4550-99fb-430092da89b8___YLCV_GCREC 2943.JPG,0.4352530837059021,0.13656722009181976,0.8533198833465576,0.0,0.0,0.4235294461250305,1.0,1.0,0.0,none,none
D:\BTECH\PlantDiseaseProject\dataset\val\Tomato___Tomato_Yellow_Leaf_Curl_Virus\be6bb0b2-fa10-4b18-884a-deee85358e85___YLCV_NREC 2782.JPG,0.4456077814102173,0.18797340989112854,0.925275981426239,0.0097808837890625,0.0,0.6000000238418579,0.9999192953109741,0.9999629259109497,4.363059997558594e-05,hist_eq,none
D:\BTECH\PlantDiseaseProject\dataset\val\Tomato___Tomato_Yellow_Leaf_Curl_Virus\bebe34af-2b7d-4ebe-b72b-ff0dadf35124___UF.GRC_YLCV_Lab 01959.JPG,0.4924212396144867,0.14359496533870697,0.8833358287811279,0.0,0.0,0.49803924560546875,0.9999998807907104,1.0,1.1920928955078125e-07,clahe,none
D:\BTECH\PlantDiseaseProject\dataset\val\Tomato___Tomato_Yellow_Leaf_Curl_Virus\bef82d6f-7347-4fa0-9de7-9eeb5229fee3___YLCV_NREC 2224.JPG,0.4636916220188141,0.15864130854606628,0.9034332633018494,0.000823974609375,0.0,0.529411792755127,1.0,1.0,0.0,none,none
D:\BTECH\PlantDiseaseProject\dataset\val\Tomato___Tomato_Yellow_Leaf_Curl_Virus\bf09ead6-7015-4942-bbf7-e509193885ab___YLCV_NREC 2830.JPG,0.39490124583244324,0.1743607223033905,0.9208407402038574,0.006195068359375,0.0,0.5529412031173706,0.9999451637268066,0.9999772310256958,3.2067298889160156e-05,gamma_dark,none
D:\BTECH\PlantDiseaseProject\dataset\val\Tomato___Tomato_Yellow_Leaf_Curl_Virus\c04607d5-5ec0-4065-9428-61f78b5162dd___UF.GRC_YLCV_Lab 03123.JPG,0.5101441144943237,0.10527130216360092,0.8216005563735962,0.0,0.0,0.30980393290519714,0.999717652797699,0.9999992847442627,0.0002816319465637207,hist_eq,none
D:\BTECH\PlantDiseaseProject\dataset\val\Tomato___Tomato_Yellow_Leaf_Curl_Virus\c0a6a41c-a5bc-4e9b-98a2-c6d478f0d7fb___UF.GRC_YLCV_Lab 02926.JPG,0.4874389171600342,0.14422278106212616,0.8914957046508789,0.0,0.0,0.45098039507865906,0.9999998807907104,1.0,1.1920928955078125e-07,clahe,none
D:\BTECH\PlantDiseaseProject\dataset\val\Tomato___Tomato_Yellow_Leaf_Curl_Virus\c0c98adc-7585-4d80-a885-5d07b1a554dd___UF.GRC_YLCV_Lab 01445.JPG,0.5513572096824646,0.08915282040834427,0.8049017190933228,0.0,0.0,0.3019607961177826,0.9999998807907104,1.0,1.1920928955078125e-07,clahe,none
D:\BTECH\PlantDiseaseProject\dataset\val\Tomato___Tomato_Yellow_Leaf_Curl_Virus\c18b880c-02c4-4d89-8004-29dd5213fc29___UF.GRC_YLCV_Lab 01542.JPG,0.5297049283981323,0.07580439001321793,0.7679135799407959,0.0,0.0,0.2549019753932953,0.9999994039535522,1.0,5.960464477539062e-07,hist_eq,none
D:\BTECH\PlantDiseaseProject\dataset\val\Tomato___Tomato_Yellow_Leaf_Curl_Virus\c1a279b2-5856-436e-b033-6af421c9bf6f___YLCV_GCREC 2398.JPG,0.4506922960281372,0.14170044660568237,0.8929293155670166,1.52587890625e-05,0.0,0.458823561668396,1.0,1.0,0.0,none,none
D:\BTECH\PlantDiseaseProject\dataset\val\Tomato___Tomato_Yellow_Leaf_Curl_Virus\c1d48af7-665a-436b-872a-2ccccf30e09b___YLCV_GCREC 2218.JPG,0.43937546014785767,0.14922106266021729,0.8801165223121643,9.1552734375e-05,0.0,0.46274513006210327,0.9999873638153076,0.9999873638153076,0.0,none,none
D:\BTECH\PlantDiseaseProject\dataset\val\Tomato___Tomato_Yellow_Leaf_Curl_Virus\c24f01e7-c235-4aff-a098-1c8f8acacfb7___YLCV_GCREC 5502.JPG,0.3821200132369995,0.17436662316322327,0.8969898819923401,0.00054931640625,0.0,0.5098039507865906,0.9999974966049194,0.999998927116394,1.430511474609375e-06,gamma_bright,none
D:\BTECH\PlantDiseaseProject\dataset\val\Tomato___Tomato_Yellow_Leaf_Curl_Virus\c30eff89-329e-47d9-b010-0947ddc5d423___YLCV_NREC 2919.JPG,0.4575355052947998,0.13757506012916565,0.8716953992843628,0.000152587890625,0.0,0.44705885648727417,0.9999998807907104,1.0,1.1920928955078125e-07,gamma_dark,none
D:\BTECH\PlantDiseaseProject\dataset\val\Tomato___Tomato_Yellow_Leaf_Curl_Virus\c30fafa6-719d-419c-a5fe-a45f3bb4ad5d___YLCV_GCREC 2798.JPG,0.46258795261383057,0.1319500356912613,0.854457437992096,6.103515625e-05,0.0,0.4235294461250305,0.9999997615814209,0.9999997615814209,0.0,none,none
D:\BTECH\PlantDiseaseProject\dataset\val\Tomato___Tomato_Yellow_Leaf_Curl_Virus\c366c7f0-ca4d-46db-bcce-bcae1d6b84d5___UF.GRC_YLCV_Lab 09606.JPG,0.5566297769546509,0.12590596079826355,0.8708141446113586,0.0,0.0,0.40784314274787903,1.0,1.0,0.0,none,none
D:\BTECH\PlantDiseaseProject\dataset\val\Tomato___Tomato_Yellow_Leaf_Curl_Virus\c3cdca74-eaa0-4fac-b0ea-41006fd2b3b0___UF.GRC_YLCV_Lab 08578.JPG,0.5395815372467041,0.09290552139282227,0.7913311719894409,0.0,0.0,0.26274511218070984,0.999955415725708,0.9999983310699463,4.291534423828125e-05,clahe,none
D:\BTECH\PlantDiseaseProject\dataset\val\Tomato___Tomato_Yellow_Leaf_Curl_Virus\c423d43d-ba30-4d8d-978d-ae674a4aac4b___UF.GRC_YLCV_Lab 02916.JPG,0.4894760251045227,0.15477252006530762,0.8831676244735718,0.0,0.0,0.4431372582912445,1.0,1.0,0.0,none,none
D:\BTECH\PlantDiseaseProject\dataset\val\Tomato___Tomato_Yellow_Leaf_Curl_Virus\c42bcd57-61df-4cb0-b5b7-6dce9b1cacc8___YLCV_NREC 2263.JPG,0.4780453145503998,0.21363204717636108,0.9384464025497437,0.0010986328125,0.0004730224609375,0.686274528503418,1.0,1.0,0.0,none,none
D:\BTECH\PlantDiseaseProject\dataset\val\Tomato___Tomato_Yellow_Leaf_Curl_Virus\c438b6b2-d243-429a-b06b-9ef7e1557fb2___YLCV_GCREC 2482.JPG,0.4045257270336151,0.15791819989681244,0.909788966178894,0.000701904296875,0.0,0.501960813999176,0.9999991655349731,0.9999991655349731,0.0,none,none
D:\BTECH\PlantDiseaseProject\dataset\val\Tomato___Tomato_Yellow_Leaf_Curl_Virus\c46bdc99-370c-4e50-964f-c46aed2a290e___YLCV_GCREC 5369.JPG,0.43747416138648987,0.15406937897205353,0.8905426859855652,0.0002899169921875,0.0,0.48235297203063965,0.9999998807907104,0.9999998807907104,0.0,none,none
D:\BTECH\PlantDiseaseProject\dataset\val\Tomato___Tomato_Yellow_Leaf_Curl_Virus\c49a5caf-5baf-4605-8f6c-f617c7b5f888___YLCV_NREC 2090.JPG,0.4577200710773468,0.20571912825107574,0.9293204545974731,0.0026397705078125,0.000244140625,0.6392157077789307,1.0,1.0,0.0,none,none
D:\BTECH\PlantDiseaseProject\dataset\val\Tomato___Tomato_Yellow_Leaf_Curl_Virus\c5317ffc-efd2-45e9-9314-2bdc65b53d33___YLCV_GCREC 2483.JPG,0.41988179087638855,0.15492993593215942,0.9005962610244751,0.0001220703125,0.0,0.4862745404243469,0.9999991655349731,0.9999991655349731,0.0,none,none
D:\BTECH\PlantDiseaseProject\dataset\val\Tomato___Tomato_Yellow_Leaf_Curl_Virus\c5ef24e1-9ed6-40f5-94c8-dfac25535981___YLCV_NREC 2448.JPG,0.5193557739257812,0.20222102105617523,0.9347442388534546,0.0006256103515625,0.000396728515625,0.6745098233222961,0.9999996423721313,1.0,3.5762786865234375e-07,gamma_dark,none
D:\BTECH\PlantDiseaseProject\dataset\val\Tomato___Tomato_Yellow_Leaf_Curl_Virus\c5fa23b9-ed96-4f25-84ab-9242b085f2b5___YLCV_GCREC 2565.JPG,0.4324970841407776,0.14227698743343353,0.8878923058509827,0.00079345703125,0.0,0.4705882668495178,1.0,1.0,0.0,none,none
D:\BTECH\PlantDiseaseProject\dataset\val\Tomato___Tomato_Yellow_Leaf_Curl_Virus\c63c14c5-0aea-40e5-8874-88742f2eb60e___UF.GRC_YLCV_Lab 02421.JPG,0.5525184869766235,0.1558188796043396,0.8884342312812805,0.0,0.0,0.5647059082984924,0.9999954700469971,1.0,4.5299530029296875e-06,clahe,none
D:\BTECH\PlantDiseaseProject\dataset\val\Tomato___Tomato_Yellow_Leaf_Curl_Virus\c7a4cbae-d372-4123-949d-13c3ac500e4e___YLCV_GCREC 2307.JPG,0.4251164197921753,0.1476764976978302,0.8777364492416382,0.0004425048828125,0.0,0.4745098352432251,0.9999998807907104,0.9999998807907104,0.0,none,none
D:\BTECH\PlantDiseaseProject\dataset\val\Tomato___Tomato_Yellow_Leaf_Curl_Virus\c7dec7ce-e552-4dc7-a659-8b70423f5715___YLCV_NREC 2460.JPG,0.51768958568573,0.18274717032909393,0.9101768136024475,0.0030059814453125,3.0517578125e-05,0.6078431606292725,1.0,1.0,0.0,none,none
D:\BTECH\PlantDiseaseProject\dataset\val\Tomato___Tomato_Yellow_Leaf_Curl_Virus\c96329e9-913d-40dd-bd81-8ad8b465ea1e___YLCV_NREC 2962.JPG,0.4259534776210785,0.175493061542511,0.9118708968162537,0.0026092529296875,0.0,0.5490196347236633,0.9999998807907104,1.0,1.1920928955078125e-07,gamma_dark,none
D:\BTECH\PlantDiseaseProject\dataset\val\Tomato___Tomato_Yellow_Leaf_Curl_Virus\c96787af-6b08-47e7-b1eb-f30d24ab8df1___YLCV_GCREC 2392.JPG,0.39813870191574097,0.14289158582687378,0.8906287550926208,3.0517578125e-05,0.0,0.4745098352432251,1.0,1.0,0.0,none,none
D:\BTECH\PlantDiseaseProject\dataset\val\Tomato___Tomato_Yellow_Leaf_Curl_Virus\c987ee2a-8b0f-43a8-adf9-31d270dd83fd___UF.GRC_YLCV_Lab 08436.JPG,0.5159279108047485,0.11609562486410141,0.7888970971107483,0.0,0.0,0.364705890417099,0.9993428587913513,0.9999923706054688,0.0006495118141174316,clahe,none
D:\BTECH\PlantDiseaseProject\dataset\val\Tomato___Tomato_Yellow_Leaf_Curl_Virus\ca1ec300-5c67-4746-8342-ade53f3d3bdb___YLCV_GCREC 2379.JPG,0.45222553610801697,0.1705799251794815,0.9198402166366577,0.0020751953125,0.0,0.545098066329956,0.999962329864502,0.9999880790710449,2.574920654296875e-05,gamma_dark,none
D:\BTECH\PlantDiseaseProject\dataset\val\Tomato___Tomato_Yellow_Leaf_Curl_Virus\ca2dbc47-f209-4aae-a393-96596aee88a4___UF.GRC_YLCV_Lab 01615.JPG,0.5078657865524292,0.13169492781162262,0.8699421286582947,0.0,0.0,0.4313725531101227,0.9999991655349731,0.9999996423721313,4.76837158203125e-07,hist_eq,none
D:\BTECH\PlantDiseaseProject\dataset\val\Tomato___Tomato_Yellow_Leaf_Curl_Virus\ca760ff6-395c-47ed-b024-2d352856c281___YLCV_NREC 2004.JPG,0.5468785762786865,0.21193218231201172,0.8907212018966675,0.002471923828125,0.0,0.6549019813537598,0.9999942779541016,0.9999998807907104,5.602836608886719e-06,gamma_dark,none
D:\BTECH\PlantDiseaseProject\dataset\val\Tomato___Tomato_Yellow_Leaf_Curl_Virus\cac0d6e3-3c26-468a-8ce1-bbe0297960fd___YLCV_GCREC 2399.JPG,0.47878819704055786,0.1386217325925827,0.8826186656951904,0.0,0.0,0.4392157196998596,1.0,1.0,0.0,none,none
D:\BTECH\PlantDiseaseProject\dataset\val\Tomato___Tomato_Yellow_Leaf_Curl_Virus\cb54c93e-bfd4-482a-bd84-68e35470fb2e___YLCV_GCREC 2260.JPG,0.4750840961933136,0.1709299236536026,0.9083034992218018,0.00244140625,9.1552734375e-05,0.5882353186607361,0.9999997615814209,0.9999997615814209,0.0,none,none
D:\BTECH\PlantDiseaseProject\dataset\val\Tomato___Tomato_Yellow_Leaf_Curl_Virus\cbb89fbc-4607-4166-a45e-6c1d232056c2___UF.GRC_YLCV_Lab 02660.JPG,0.55955970287323,0.0933738648891449,0.8172658085823059,0.0,0.0,0.30588236451148987,1.0,1.0,0.0,none,none
D:\BTECH\PlantDiseaseProject\dataset\val\Tomato___Tomato_Yellow_Leaf_Curl_Virus\cc437ef7-8b28-4e0a-86c6-ad254351d4d0___UF.GRC_YLCV_Lab 02730.JPG,0.5351799726486206,0.10658217966556549,0.8346035480499268,0.0,0.0,0.33725491166114807,0.999049723148346,0.9999997615814209,0.0009500384330749512,hist_eq,none
D:\BTECH\PlantDiseaseProject\dataset\val\Tomato___Tomato_Yellow_Leaf_Curl_Virus\cc4ac0f6-b8c6-47c9-9fc5-7a401514f547___YLCV_GCREC 1907.JPG,0.49641111493110657,0.17335286736488342,0.9049129486083984,0.000213623046875,1.52587890625e-05,0.5333333611488342,0.9999996423721313,1.0,3.5762786865234375e-07,clahe,none
D:\BTECH\PlantDiseaseProject\dataset\val\Tomato___Tomato_Yellow_Leaf_Curl_Virus\cc626576-7249-415d-88b1-4dfc47168b8e___UF.GRC_YLCV_Lab 03093.JPG,0.5383642315864563,0.09890464693307877,0.8167334794998169,0.0,0.0,0.3294117748737335,1.0,1.0,0.0,none,none
D:\BTECH\PlantDiseaseProject\dataset\val\Tomato___Tomato_Yellow_Leaf_Curl_Virus\cc7c429d-798c-4635-bf9b-22966967c58c___UF.GRC_YLCV_Lab 02258.JPG,0.5608555674552917,0.06880444288253784,0.6936345100402832,0.0,0.0,0.19607844948768616,0.9999936819076538,0.9999977350234985,4.0531158447265625e-06,clahe,none
D:\BTECH\PlantDiseaseProject\dataset\val\Tomato___Tomato_Yellow_Leaf_Curl_Virus\cd80eef1-7643-4b8c-9fc7-ab72d42288e8___UF.GRC_YLCV_Lab 02657.JPG,0.5287731289863586,0.10304941236972809,0.808167576789856,0.0,0.0,0.32156863808631897,1.0,1.0,0.0,none,none
D:\BTECH\PlantDiseaseProject\dataset\val\Tomato___Tomato_Yellow_Leaf_Curl_Virus\cd830c58-c2ec-474d-bd2f-64ef8d2c863e___UF.GRC_YLCV_Lab 01872.JPG,0.5091817378997803,0.13246475160121918,0.8782249689102173,0.0,0.0,0.40392157435417175,0.9999997615814209,0.9999998807907104,1.1920928955078125e-07,clahe,none
D:\BTECH\PlantDiseaseProject\dataset\val\Tomato___Tomato_Yellow_Leaf_Curl_Virus\cdb067df-5377-4fcf-8531-00d123621957___UF.GRC_YLCV_Lab 02182.JPG,0.5226598978042603,0.0824405625462532,0.7971374988555908,0.0,0.0,0.26274511218070984,0.9999994039535522,1.0,5.960464477539062e-07,hist_eq,none
D:\BTECH\PlantDiseaseProject\dataset\val\Tomato___Tomato_Yellow_Leaf_Curl_Virus\ce265dde-ed56-489d-b93d-46b9ee728646___YLCV_NREC 2920.JPG,0.37863871455192566,0.13472625613212585,0.8768297433853149,0.0001068115234375,0.0,0.458823561668396,0.9999998807907104,0.9999998807907104,0.0,none,none
D:\BTECH\PlantDiseaseProject\dataset\val\Tomato___Tomato_Yellow_Leaf_Curl_Virus\ce2901f4-99fe-496c-a432-d4a9e226c227___YLCV_NREC 2452.JPG,0.5135975480079651,0.2091190367937088,0.9349728226661682,0.0012054443359375,0.0001220703125,0.6823529601097107,0.9999998807907104,0.9999998807907104,0.0,none,none
D:\BTECH\PlantDiseaseProject\dataset\val\Tomato___Tomato_Yellow_Leaf_Curl_Virus\cee46f5c-572a-46b0-9093-ba230d00411f___UF.GRC_YLCV_Lab 03270.JPG,0.5940548777580261,0.06856308877468109,0.721987247467041,0.0,0.0,0.2235293984413147,0.9999473094940186,0.999998927116394,5.161762237548828e-05,clahe,none
D:\BTECH\PlantDiseaseProject\dataset\val\Tomato___Tomato_Yellow_Leaf_Curl_Virus\cfbac9ed-82d2-4ccd-9a73-c97c0f92b2e2___UF.GRC_YLCV_Lab 02814.JPG,0.6014899015426636,0.09821947664022446,0.7865874767303467,0.0,0.0,0.27843138575553894,0.9999997615814209,1.0,2.384185791015625e-07,clahe,none
D:\BTECH\PlantDiseaseProject\dataset\val\Tomato___Tomato_Yellow_Leaf_Curl_Virus\d06050c8-df59-4d97-87f4-f8c4ea505cc7___YLCV_NREC 2817.JPG,0.460831880569458,0.12699061632156372,0.859897255897522,0.00042724609375,0.0,0.40000003576278687,0.9996510744094849,0.9999417066574097,0.0002906322479248047,gamma_bright,none
D:\BTECH\PlantDiseaseProject\dataset\val\Tomato___Tomato_Yellow_Leaf_Curl_Virus\d1021bc4-cc1b-4a4a-ad8f-a13c33f9c786___UF.GRC_YLCV_Lab 01482.JPG,0.5524978041648865,0.08015509694814682,0.7796849012374878,0.0,0.0,0.25882354378700256,0.9999971389770508,0.9999997615814209,2.6226043701171875e-06,clahe,none
D:\BTECH\PlantDiseaseProject\dataset\val\Tomato___Tomato_Yellow_Leaf_Curl_Virus\d1adc05c-68b7-4650-b492-50989a6a9360___UF.GRC_YLCV_Lab 03376.JPG,0.5616685152053833,0.07974353432655334,0.7558110356330872,0.0,0.0,0.2823529541492462,0.9999997615814209,1.0,2.384185791015625e-07,clahe,none
D:\BTECH\PlantDiseaseProject\dataset\val\Tomato___Tomato_Yellow_Leaf_Curl_Virus\d1b947df-f603-46ed-b0a5-a76bf71b6138___UF.GRC_YLCV_Lab 02772.JPG,0.41360026597976685,0.10142091661691666,0.8057926893234253,0.0,0.0,0.32156863808631897,0.9999735355377197,0.9999980926513672,2.4557113647460938e-05,clahe,none
D:\BTECH\PlantDiseaseProject\dataset\val\Tomato___Tomato_Yellow_Leaf_Curl_Virus\d1c9e050-a0a8-4d18-bc4b-a4bca72bea2c___UF.GRC_YLCV_Lab 02158.JPG,0.5468756556510925,0.10342399775981903,0.7805342674255371,0.0,0.0,0.33725491166114807,1.0,1.0,0.0,none,none
D:\BTECH\PlantDiseaseProject\dataset\val\Tomato___Tomato_Yellow_Leaf_Curl_Virus\d2728089-0d36-42ae-b927-b4cac0c65cde___YLCV_GCREC 2632.JPG,0.43290460109710693,0.12949056923389435,0.8683491349220276,0.000518798828125,0.0,0.4235294461250305,1.0,1.0,0.0,none,none
D:\BTECH\PlantDiseaseProject\dataset\val\Tomato___Tomato_Yellow_Leaf_Curl_Virus\d2801efb-4317-442c-a973-0ac340bbb63f___UF.GRC_YLCV_Lab 02721.JPG,0.5016569495201111,0.09546208381652832,0.8239165544509888,0.0,0.0,0.32156863808631897,0.9999997615814209,1.0,2.384185791015625e-07,clahe,none
D:\BTECH\PlantDiseaseProject\dataset\val\Tomato___Tomato_Yellow_Leaf_Curl_Virus\d2eed669-d94e-415d-b3e4-ec852b4e2189___UF.GRC_YLCV_Lab 02240.JPG,0.49408218264579773,0.1355762928724289,0.8070299625396729,0.001739501953125,0.0,0.5058823823928833,0.9999712705612183,1.0,2.872943878173828e-05,hist_eq,none
D:\BTECH\PlantDiseaseProject\dataset\val\Tomato___Tomato_Yellow_Leaf_Curl_Virus\d3201944-9152-4560-8dab-f6042aaaa8b4___YLCV_NREC 2625.JPG,0.47724735736846924,0.20692895352840424,0.9217694997787476,0.00567626953125,1.52587890625e-05,0.6235294342041016,0.9999991655349731,0.9999995231628418,3.5762786865234375e-07,gamma_dark,none
D:\BTECH\PlantDiseaseProject\dataset\val\Tomato___Tomato_Yellow_Leaf_Curl_Virus\d32760eb-dfca-41fb-91f7-11f53d3a49cc___UF.GRC_YLCV_Lab 09343.JPG,0.5303988456726074,0.0910019651055336,0.801918625831604,0.0,0.0,0.3019607961177826,0.9999949932098389,1.0,5.0067901611328125e-06,clahe,none
D:\BTECH\PlantDiseaseProject\dataset\val\Tomato___Tomato_Yellow_Leaf_Curl_Virus\d3c0be8f-9656-4b81-83e9-42ac109339ec___UF.GRC_YLCV_Lab 03217.JPG,0.4995688796043396,0.10225745290517807,0.8374145030975342,0.0,0.0,0.32549020648002625,1.0,1.0,0.0,none,none
D:\BTECH\PlantDiseaseProject\dataset\val\Tomato___Tomato_Yellow_Leaf_Curl_Virus\d4135cbe-93ee-4736-b728-9fa8bfa87774___UF.GRC_YLCV_Lab 08468.JPG,0.5312232971191406,0.10484867542982101,0.8344820737838745,0.0,0.0,0.33725491166114807,0.9999979734420776,0.999998927116394,9.5367431640625e-07,clahe,none
D:\BTECH\PlantDiseaseProject\dataset\val\Tomato___Tomato_Yellow_Leaf_Curl_Virus\d4a9073b-a103-45a3-b534-096f650f00b4___UF.GRC_YLCV_Lab 09411.JPG,0.6378568410873413,0.1085963174700737,0.8342728614807129,0.0,0.0,0.3686274588108063,1.0,1.0,0.0,none,none
D:\BTECH\PlantDiseaseProject\dataset\val\Tomato___Tomato_Yellow_Leaf_Curl_Virus\d4e0e72e-ae8b-4079-9e62-5cd583a9caeb___YLCV_NREC 2060.JPG,0.5026566982269287,0.22834672033786774,0.9255765080451965,0.0025634765625,3.0517578125e-05,0.6745098233222961,0.9999998807907104,0.9999998807907104,0.0,none,none
D:\BTECH\PlantDiseaseProject\dataset\val\Tomato___Tomato_Yellow_Leaf_Curl_Virus\d54150e0-631e-4c87-92eb-1ebf77b65700___UF.GRC_YLCV_Lab 02468.JPG,0.5154650211334229,0.12737828493118286,0.8615888953208923,0.0,0.0,0.37254902720451355,0.9999325275421143,0.9999666213989258,3.409385681152344e-05,clahe,none
D:\BTECH\PlantDiseaseProject\dataset\val\Tomato___Tomato_Yellow_Leaf_Curl_Virus\d5564375-ac12-4c7e-a7a9-e15f3ae671c3___UF.GRC_YLCV_Lab 03294.JPG,0.5504260063171387,0.09350182861089706,0.8097307682037354,0.0,0.0,0.3333333432674408,1.0,1.0,0.0,none,none
D:\BTECH\PlantDiseaseProject\dataset\val\Tomato___Tomato_Yellow_Leaf_Curl_Virus\d6843a48-8f16-40af-8f67-7230395c0aa4___YLCV_NREC 2262.JPG,0.5150421261787415,0.1959308385848999,0.9239281415939331,0.001800537109375,0.000274658203125,0.6549019813537598,1.0,1.0,0.0,none,none
D:\BTECH\PlantDiseaseProject\dataset\val\Tomato___Tomato_Yellow_Leaf_Curl_Virus\d77b604e-0746-4926-aa31-a53a414e360e___YLCV_NREC 2331.JPG,0.4338708817958832,0.2173025757074356,0.9318799376487732,0.0009002685546875,6.103515625e-05,0.6392157077789307,1.0,1.0,0.0,none,none
D:\BTECH\PlantDiseaseProject\dataset\val\Tomato___Tomato_Yellow_Leaf_Curl_Virus\d78615aa-debd-4e88-885d-947beb782e96___YLCV_NREC 2411.JPG,0.4755377769470215,0.21833683550357819,0.9380466938018799,0.0025482177734375,9.1552734375e-05,0.6627451181411743,0.9999996423721313,0.9999998807907104,2.384185791015625e-07,gamma_bright,none
D:\BTECH\PlantDiseaseProject\dataset\val\Tomato___Tomato_Yellow_Leaf_Curl_Virus\d7b8486a-ca45-46e0-9087-8d10804ac55b___UF.GRC_YLCV_Lab 09425.JPG,0.5658237934112549,0.084957554936409,0.7981356978416443,0.0,0.0,0.27843138575553894,0.9999996423721313,0.9999998807907104,2.384185791015625e-07,clahe,none
D:\BTECH\PlantDiseaseProject\dataset\val\Tomato___Tomato_Yellow_Leaf_Curl_Virus\d7e616a6-0d00-4768-8cf5-27f4a81b839f___YLCV_GCREC 2751.JPG,0.4173464775085449,0.14917480945587158,0.8840538263320923,9.1552734375e-05,0.0,0.45098042488098145,1.0,1.0,0.0,none,none
D:\BTECH\PlantDiseaseProject\dataset\val\Tomato___Tomato_Yellow_Leaf_Curl_Virus\d803e841-0f44-41db-9d54-3f125313e814___YLCV_GCREC 2299.JPG,0.4056634306907654,0.12408949434757233,0.8525087833404541,0.0,0.0,0.40000003576278687,0.9999973773956299,0.9999997615814209,2.384185791015625e-06,gamma_dark,none
D:\BTECH\PlantDiseaseProject\dataset\val\Tomato___Tomato_Yellow_Leaf_Curl_Virus\d88a4391-329a-490b-8cd9-2d2612176aba___YLCV_GCREC 2842.JPG,0.47811198234558105,0.13798609375953674,0.8453017473220825,0.0002593994140625,0.0,0.4235294461250305,0.9999998807907104,1.0,1.1920928955078125e-07,gamma_dark,none
D:\BTECH\PlantDiseaseProject\dataset\val\Tomato___Tomato_Yellow_Leaf_Curl_Virus\d8be9000-ddfc-4a38-8a30-24e570facedb___UF.GRC_YLCV_Lab 02349.JPG,0.5185786485671997,0.10766593366861343,0.8412616848945618,0.0,0.0,0.3450980484485626,0.9999998807907104,1.0,1.1920928955078125e-07,clahe,none
D:\BTECH\PlantDiseaseProject\dataset\val\Tomato___Tomato_Yellow_Leaf_Curl_Virus\d8da67f2-2a7e-4b78-9069-169cd2867d82___UF.GRC_YLCV_Lab 01424.JPG,0.5449115037918091,0.12156004458665848,0.8548024892807007,0.0,0.0,0.40392157435417175,0.9999841451644897,0.9999998807907104,1.5735626220703125e-05,clahe,none
D:\BTECH\PlantDiseaseProject\dataset\val\Tomato___Tomato_Yellow_Leaf_Curl_Virus\d8eff209-47eb-4d84-9d3e-a5891a3ed141___UF.GRC_YLCV_Lab 02260.JPG,0.5218068957328796,0.09216097742319107,0.7740313410758972,0.0,0.0,0.32549020648002625,0.9999964237213135,0.9999996423721313,3.2186508178710938e-06,clahe,none
D:\BTECH\PlantDiseaseProject\dataset\val\Tomato___Tomato_Yellow_Leaf_Curl_Virus\d941f1aa-e14a-4079-95a7-80416652f601___YLCV_NREC 0282.JPG,0.4330815076828003,0.13793055713176727,0.8655545711517334,0.0010223388671875,0.0,0.4431372880935669,0.9999980926513672,0.9999986886978149,5.960464477539062e-07,gamma_bright,none
D:\BTECH\PlantDiseaseProject\dataset\val\Tomato___Tomato_Yellow_Leaf_Curl_Virus\d9646346-10be-4daa-9d55-2ac7b2054021___YLCV_NREC 2032.JPG,0.5722055435180664,0.22578543424606323,0.9252171516418457,0.002044677734375,0.0002593994140625,0.6941176652908325,0.9999997615814209,0.9999997615814209,0.0,none,none
D:\BTECH\PlantDiseaseProject\dataset\val\Tomato___Tomato_Yellow_Leaf_Curl_Virus\d9a6cdca-6b73-48b0-a246-d67a53563aa1___UF.GRC_YLCV_Lab 02695.JPG,0.4705648124217987,0.1267825961112976,0.8667834401130676,0.0,0.0,0.4000000059604645,1.0,1.0,0.0,none,none
D:\BTECH\PlantDiseaseProject\dataset\val\Tomato___Tomato_Yellow_Leaf_Curl_Virus\d9f938a4-597b-48ce-a017-1a4ef8b3de04___UF.GRC_YLCV_Lab 09376.JPG,0.5858495235443115,0.08835548162460327,0.7752187252044678,0.0,0.0,0.27450981736183167,0.9999992847442627,1.0,7.152557373046875e-07,hist_eq,none
D:\BTECH\PlantDiseaseProject\dataset\val\Tomato___Tomato_Yellow_Leaf_Curl_Virus\da32e60b-9523-4a19-90c9-eeb088730229___UF.GRC_YLCV_Lab 02583.JPG,0.5357601046562195,0.1182098537683487,0.8398720622062683,3.0517578125e-05,0.0,0.364705890417099,0.9999982118606567,0.9999991655349731,9.5367431640625e-07,gamma_dark,none
D:\BTECH\PlantDiseaseProject\dataset\val\Tomato___Tomato_Yellow_Leaf_Curl_Virus\da6d94f6-005a-4290-b60b-118bab2869c7___YLCV_GCREC 1980.JPG,0.4628366231918335,0.19166447222232819,0.9117356538772583,0.001617431640625,0.0001983642578125,0.6000000238418579,0.9999990463256836,0.9999994039535522,3.5762786865234375e-07,gamma_bright,none
D:\BTECH\PlantDiseaseProject\dataset\val\Tomato___Tomato_Yellow_Leaf_Curl_Virus\daa12c06-0ef9-4749-83b7-729c840d35a7___UF.GRC_YLCV_Lab 02800.JPG,0.49228882789611816,0.13112376630306244,0.860702395439148,0.0,0.0,0.458823561668396,0.9999990463256836,1.0,9.5367431640625e-07,clahe,none
D:\BTECH\PlantDiseaseProject\dataset\val\Tomato___Tomato_Yellow_Leaf_Curl_Virus\daa42538-8e0a-425d-a2c1-3fa4cb3a0aa3___YLCV_GCREC 5516.JPG,0.43002772331237793,0.14337465167045593,0.8743187189102173,3.0517578125e-05,0.0,0.43137258291244507,0.9999998807907104,1.0,1.1920928955078125e-07,gamma_dark,none
D:\BTECH\PlantDiseaseProject\dataset\val\Tomato___Tomato_Yellow_Leaf_Curl_Virus\daf4255b-9671-4fa4-8645-c4ab938e9d9f___YLCV_NREC 2312.JPG,0.5104236602783203,0.1848975270986557,0.9183898568153381,0.0013885498046875,9.1552734375e-05,0.6196078658103943,1.0,1.0,0.0,none,none
D:\BTECH\PlantDiseaseProject\dataset\val\Tomato___Tomato_Yellow_Leaf_Curl_Virus\db4d97fa-700b-457f-a05f-1e1cf22bf88f___YLCV_NREC 2903.JPG,0.422627329826355,0.14046047627925873,0.8760384917259216,0.0003662109375,0.0,0.46274513006210327,0.9991177916526794,0.9998719692230225,0.0007541775703430176,hist_eq,none
D:\BTECH\PlantDiseaseProject\dataset\val\Tomato___Tomato_Yellow_Leaf_Curl_Virus\dbea4bce-5815-4f1a-bb4a-025240bb3d3d___YLCV_NREC 2462.JPG,0.521033525466919,0.19358758628368378,0.9316838383674622,0.003692626953125,0.000152587890625,0.6549019813537598,1.0,1.0,0.0,none,none
D:\BTECH\PlantDiseaseProject\dataset\val\Tomato___Tomato_Yellow_Leaf_Curl_Virus\dc6d4ee9-cf71-4847-bcf8-feeba0f352b9___YLCV_NREC 2006.JPG,0.49182912707328796,0.22804081439971924,0.9364088773727417,0.0047607421875,0.000244140625,0.7058823704719543,0.9993436932563782,0.9998475313186646,0.000503838062286377,hist_eq,none
D:\BTECH\PlantDiseaseProject\dataset\val\Tomato___Tomato_Yellow_Leaf_Curl_Virus\dc72c08a-d3bf-4030-b071-0d1d1499b36f___UF.GRC_YLCV_Lab 01861.JPG,0.5807058811187744,0.16173723340034485,0.9001098871231079,0.0,0.0,0.5137255191802979,1.0,1.0,0.0,none,none
D:\BTECH\PlantDiseaseProject\dataset\val\Tomato___Tomato_Yellow_Leaf_Curl_Virus\dcb644b2-d6cd-49b1-846d-8423f521c1c2___YLCV_NREC 0106.JPG,0.49206840991973877,0.15056906640529633,0.8995113968849182,3.0517578125e-05,1.52587890625e-05,0.48235297203063965,0.9999566078186035,0.9999908208847046,3.421306610107422e-05,gamma_dark,none
D:\BTECH\PlantDiseaseProject\dataset\val\Tomato___Tomato_Yellow_Leaf_Curl_Virus\dcdbd8f4-8d1d-4646-9285-850be7cce71c___UF.GRC_YLCV_Lab 02406.JPG,0.46598905324935913,0.1339567005634308,0.8661965131759644,0.0,0.0,0.3843137323856354,0.9996634721755981,0.9999723434448242,0.0003088712692260742,clahe,none
D:\BTECH\PlantDiseaseProject\dataset\val\Tomato___Tomato_Yellow_Leaf_Curl_Virus\dd4e52d7-ceed-415e-b49c-0aad6a44f7f4___UF.GRC_YLCV_Lab 02032.JPG,0.6668344736099243,0.06274766474962234,0.7148475050926208,0.0,0.0,0.2235293984413147,0.9999998807907104,0.9999998807907104,0.0,none,none
D:\BTECH\PlantDiseaseProject\dataset\val\Tomato___Tomato_Yellow_Leaf_Curl_Virus\dda16bf6-18c8-4e06-8fa4-7eb5ea58f6ee___UF.GRC_YLCV_Lab 02400.JPG,0.5005959272384644,0.13596849143505096,0.8689917325973511,0.0001373291015625,0.0,0.46274513006210327,0.9999995231628418,0.9999998807907104,3.5762786865234375e-07,clahe,none
D:\BTECH\PlantDiseaseProject\dataset\val\Tomato___Tomato_Yellow_Leaf_Curl_Virus\ddb77cd4-07b4-49bd-9381-1edc82531134___UF.GRC_YLCV_Lab 01696.JPG,0.5141465067863464,0.11683019250631332,0.8530676364898682,0.0,0.0,0.37254902720451355,0.9997979998588562,0.9999985694885254,0.00020056962966918945,hist_eq,none
D:\BTECH\PlantDiseaseProject\dataset\val\Tomato___Tomato_Yellow_Leaf_Curl_Virus\ddbd7ee2-3225-442c-bcc0-199c96048899___YLCV_GCREC 2357.JPG,0.4747556447982788,0.12613286077976227,0.868726372718811,3.0517578125e-05,0.0,0.4117647409439087,0.9999644756317139,0.9999644756317139,0.0,none,none
D:\BTECH\PlantDiseaseProject\dataset\val\Tomato___Tomato_Yellow_Leaf_Curl_Virus\de15e42f-fe73-48a2-bfa1-4041b56417ed___UF.GRC_YLCV_Lab 02329.JPG,0.4733302891254425,0.12159593403339386,0.8546153903007507,0.0,0.0,0.3921568989753723,0.9997592568397522,0.999987006187439,0.00022774934768676758,hist_eq,none
D:\BTECH\PlantDiseaseProject\dataset\val\Tomato___Tomato_Yellow_Leaf_Curl_Virus\de63da6c-abd4-4b95-b61f-866592529963___UF.GRC_YLCV_Lab 02570.JPG,0.4726964235305786,0.12175457924604416,0.8560396432876587,0.0,0.0,0.3764705955982208,0.9999991655349731,1.0,8.344650268554688e-07,gamma_dark,none
D:\BTECH\PlantDiseaseProject\dataset\val\Tomato___Tomato_Yellow_Leaf_Curl_Virus\de981953-dabc-45f9-a156-1e942ed7ca24___UF.GRC_YLCV_Lab 01417.JPG,0.5304625034332275,0.09029552340507507,0.7917095422744751,0.0,0.0,0.3450980484485626,0.9999935626983643,0.9999998807907104,6.318092346191406e-06,hist_eq,none
D:\BTECH\PlantDiseaseProject\dataset\val\Tomato___Tomato_Yellow_Leaf_Curl_Virus\dec370f4-2d00-4db1-b344-6c174bc4238c___UF.GRC_YLCV_Lab 02282.JPG,0.5359042286872864,0.10314301401376724,0.8080066442489624,0.0,0.0,0.34117648005485535,1.0,1.0,0.0,none,none
D:\BTECH\PlantDiseaseProject\dataset\val\Tomato___Tomato_Yellow_Leaf_Curl_Virus\df63c0a1-0a40-41c0-81a9-a838b42aa337___YLCV_NREC 2580.JPG,0.44322922825813293,0.12318310141563416,0.8673388361930847,3.0517578125e-05,0.0,0.3960784673690796,1.0,1.0,0.0,none,none
D:\BTECH\PlantDiseaseProject\dataset\val\Tomato___Tomato_Yellow_Leaf_Curl_Virus\df852766-76dd-4029-be71-d3960bc234ec___YLCV_GCREC 2537.JPG,0.41164588928222656,0.1576240360736847,0.8892722129821777,0.0026702880859375,0.0,0.4862745404243469,1.0,1.0,0.0,none,none
D:\BTECH\PlantDiseaseProject\dataset\val\Tomato___Tomato_Yellow_Leaf_Curl_Virus\df881657-9304-417d-9bcd-71a17314df06___YLCV_GCREC 5135.JPG,0.4879828691482544,0.1780366748571396,0.8817322850227356,0.00396728515625,6.103515625e-05,0.5647059082984924,1.0,1.0,0.0,none,none
D:\BTECH\PlantDiseaseProject\dataset\val\Tomato___Tomato_Yellow_Leaf_Curl_Virus\dfeb11af-087c-4197-9a4f-7d1c662b8c23___UF.GRC_YLCV_Lab 02650.JPG,0.480963796377182,0.18405187129974365,0.9114956259727478,0.0,0.0,0.5568627715110779,0.9999982118606567,0.9999998807907104,1.6689300537109375e-06,clahe,none
D:\BTECH\PlantDiseaseProject\dataset\val\Tomato___Tomato_Yellow_Leaf_Curl_Virus\e262e0f7-58e6-4f25-8853-10a6f1566815___YLCV_GCREC 1909.JPG,0.48867106437683105,0.16813567280769348,0.9088504910469055,0.0002899169921875,0.0001068115234375,0.5529412031173706,0.9999918937683105,0.9999974966049194,5.602836608886719e-06,gamma_dark,none
D:\BTECH\PlantDiseaseProject\dataset\val\Tomato___Tomato_Yellow_Leaf_Curl_Virus\e282562f-2754-4412-8673-fa96e572ff1d___YLCV_GCREC 2800.JPG,0.4462471902370453,0.1358524113893509,0.880856990814209,0.000213623046875,0.0,0.45098042488098145,1.0,1.0,0.0,none,none
D:\BTECH\PlantDiseaseProject\dataset\val\Tomato___Tomato_Yellow_Leaf_Curl_Virus\e2c016a2-b0e8-427a-82ac-852404990b33___UF.GRC_YLCV_Lab 03386.JPG,0.6199697256088257,0.09889775514602661,0.83155757188797,0.0,0.0,0.32156863808631897,1.0,1.0,0.0,none,none
D:\BTECH\PlantDiseaseProject\dataset\val\Tomato___Tomato_Yellow_Leaf_Curl_Virus\e2ec5315-9f41-499f-9507-0a8b7f91d1a2___UF.GRC_YLCV_Lab 01842.JPG,0.5011042356491089,0.12506456673145294,0.8769915103912354,0.0,0.0,0.4000000059604645,1.0,1.0,0.0,none,none
D:\BTECH\PlantDiseaseProject\dataset\val\Tomato___Tomato_Yellow_Leaf_Curl_Virus\e31e2ab2-4549-454b-85fe-f42e42f47c68___UF.GRC_YLCV_Lab 01931.JPG,0.42533114552497864,0.1360590010881424,0.887847363948822,3.0517578125e-05,0.0,0.4431372880935669,0.9999655485153198,0.9999929666519165,2.7418136596679688e-05,clahe,none
D:\BTECH\PlantDiseaseProject\dataset\val\Tomato___Tomato_Yellow_Leaf_Curl_Virus\e321a12f-3127-47f5-9f14-7388670a0599___YLCV_NREC 2677.JPG,0.5054800510406494,0.21867135167121887,0.9502994418144226,0.00018310546875,0.0007476806640625,0.6941176652908325,1.0,1.0,0.0,none,none
D:\BTECH\PlantDiseaseProject\dataset\val\Tomato___Tomato_Yellow_Leaf_Curl_Virus\e32287f1-acd0-4ba2-88f9-414950912efc___YLCV_NREC 2616.JPG,0.4731355607509613,0.2023243010044098,0.9377249479293823,0.005279541015625,0.0001373291015625,0.6509804129600525,0.9999957084655762,0.9999985694885254,2.86102294921875e-06,gamma_dark,none
D:\BTECH\PlantDiseaseProject\dataset\val\Tomato___Tomato_Yellow_Leaf_Curl_Virus\e3650c26-1c04-4ed1-bd66-a77da126216f___UF.GRC_YLCV_Lab 01344.JPG,0.5174362659454346,0.10667220503091812,0.819328248500824,7.62939453125e-05,0.0,0.33725491166114807,0.9999520778656006,0.9999970197677612,4.494190216064453e-05,clahe,none
D:\BTECH\PlantDiseaseProject\dataset\val\Tomato___Tomato_Yellow_Leaf_Curl_Virus\e3baabe0-1d09-4180-a3be-95115001615d___UF.GRC_YLCV_Lab 01512.JPG,0.6435481905937195,0.13469760119915009,0.8545293211936951,0.0,3.0517578125e-05,0.3921568691730499,0.9999998807907104,1.0,1.1920928955078125e-07,clahe,none
D:\BTECH\PlantDiseaseProject\dataset\val\Tomato___Tomato_Yellow_Leaf_Curl_Virus\e3e268c4-8796-4130-9b5f-ad76440372c2___UF.GRC_YLCV_Lab 02297.JPG,0.423450767993927,0.10878866165876389,0.84074467420578,0.00140380859375,0.0,0.3490196466445923,1.0,1.0,0.0,none,none
D:\BTECH\PlantDiseaseProject\dataset\val\Tomato___Tomato_Yellow_Leaf_Curl_Virus\e401d0e1-88c0-4dba-add4-7d76d135b153___UF.GRC_YLCV_Lab 03402.JPG,0.5486882328987122,0.08391296118497849,0.785333514213562,0.0,0.0,0.2549019753932953,1.0,1.0,0.0,none,none
D:\BTECH\PlantDiseaseProject\dataset\val\Tomato___Tomato_Yellow_Leaf_Curl_Virus\e4431f36-5b30-4420-aed2-9449f0d8ebbb___UF.GRC_YLCV_Lab 09466.JPG,0.5033261179924011,0.11294831335544586,0.8417755961418152,0.0,0.0,0.34117648005485535,1.0,1.0,0.0,none,none
D:\BTECH\PlantDiseaseProject\dataset\val\Tomato___Tomato_Yellow_Leaf_Curl_Virus\e4883c5c-0006-490b-9e40-b4ff968059ed___YLCV_GCREC 2845.JPG,0.42486268281936646,0.13642330467700958,0.8835168480873108,0.000335693359375,0.0,0.44705885648727417,0.9999949932098389,0.9999979734420776,2.9802322387695312e-06,gamma_dark,none
D:\BTECH\PlantDiseaseProject\dataset\val\Tomato___Tomato_Yellow_Leaf_Curl_Virus\e4dc2089-5562-4b74-8a1d-8cf1a6360097___YLCV_NREC 2079.JPG,0.5367229580879211,0.1934303343296051,0.92494136095047,0.0017852783203125,9.1552734375e-05,0.6509804129600525,0.9999998807907104,1.0,1.1920928955078125e-07,gamma_dark,none
D:\BTECH\PlantDiseaseProject\dataset\val\Tomato___Tomato_Yellow_Leaf_Curl_Virus\e55470c7-4232-4271-b3e4-be5ecc9974b3___YLCV_GCREC 1976.JPG,0.42058390378952026,0.16259300708770752,0.9061703085899353,0.0018463134765625,0.0,0.5098039507865906,0.9999985694885254,0.9999985694885254,0.0,none,none
D:\BTECH\PlantDiseaseProject\dataset\val\Tomato___Tomato_Yellow_Leaf_Curl_Virus\e5777f61-ddb7-4acb-bd53-0ca82ba5ab52___UF.GRC_YLCV_Lab 01536.JPG,0.4787195324897766,0.10728172957897186,0.8363838195800781,0.0,0.0,0.3490196168422699,0.9999653100967407,0.9999997615814209,3.445148468017578e-05,clahe,none
D:\BTECH\PlantDiseaseProject\dataset\val\Tomato___Tomato_Yellow_Leaf_Curl_Virus\e5b39e29-e605-41fe-98ea-ba1e47f062b8___UF.GRC_YLCV_Lab 08475.JPG,0.6179822087287903,0.07362810522317886,0.7372075915336609,0.0,0.0,0.2392156720161438,0.9999953508377075,0.9999991655349731,3.814697265625e-06,hist_eq,none
D:\BTECH\PlantDiseaseProject\dataset\val\Tomato___Tomato_Yellow_Leaf_Curl_Virus\e5fd4586-d720-4e69-892c-9e5e68beee6b___UF.GRC_YLCV_Lab 01727.JPG,0.5998719930648804,0.1107802614569664,0.8363355994224548,0.0,0.0,0.3294117748737335,0.9999998807907104,1.0,1.1920928955078125e-07,clahe,none
D:\BTECH\PlantDiseaseProject\dataset\val\Tomato___Tomato_Yellow_Leaf_Curl_Virus\e72d086f-930b-4523-9ce9-213db17221aa___YLCV_NREC 2964.JPG,0.38102906942367554,0.1492118388414383,0.8996244072914124,0.0007781982421875,0.0,0.4941176772117615,0.9999997615814209,0.9999998807907104,1.1920928955078125e-07,gamma_bright,none
D:\BTECH\PlantDiseaseProject\dataset\val\Tomato___Tomato_Yellow_Leaf_Curl_Virus\e770e4af-6284-48d9-bba1-76c2734c6096___YLCV_GCREC 2052.JPG,0.4669969379901886,0.1444825530052185,0.8825514316558838,0.0002288818359375,3.0517578125e-05,0.45098042488098145,0.9999998807907104,0.9999998807907104,0.0,none,none
D:\BTECH\PlantDiseaseProject\dataset\val\Tomato___Tomato_Yellow_Leaf_Curl_Virus\e7ad99c3-6982-4db5-b75c-e01309734da4___YLCV_NREC 2800.JPG,0.44446834921836853,0.12356727570295334,0.8590438365936279,0.0001220703125,0.0,0.38823533058166504,0.9999996423721313,0.9999997615814209,1.1920928955078125e-07,gamma_bright,none
D:\BTECH\PlantDiseaseProject\dataset\val\Tomato___Tomato_Yellow_Leaf_Curl_Virus\e83dd7c1-0a85-4bf3-a8df-632a1bd40c13___UF.GRC_YLCV_Lab 02246.JPG,0.55161052942276,0.07441353052854538,0.7683998346328735,0.0,0.0,0.22352942824363708,1.0,1.0,0.0,none,none
D:\BTECH\PlantDiseaseProject\dataset\val\Tomato___Tomato_Yellow_Leaf_Curl_Virus\e885ddfc-9d5d-4dc4-8de0-fc7edf675017___YLCV_NREC 2820.JPG,0.41698047518730164,0.11833754181861877,0.8310701251029968,0.0,0.0,0.3960784673690796,0.9969531297683716,0.9991714954376221,0.0022183656692504883,gamma_bright,none
D:\BTECH\PlantDiseaseProject\dataset\val\Tomato___Tomato_Yellow_Leaf_Curl_Virus\e8a00295-fd3b-4fc4-895e-8e574aad6913___YLCV_GCREC 5429.JPG,0.3947414755821228,0.16328220069408417,0.9022647142410278,9.1552734375e-05,0.0,0.5058823823928833,0.9977160692214966,0.9994749426841736,0.001758873462677002,gamma_dark,none
D:\BTECH\PlantDiseaseProject\dataset\val\Tomato___Tomato_Yellow_Leaf_Curl_Virus\e8a73a80-16f4-46b0-825b-01feef1bd203___UF.GRC_YLCV_Lab 01562.JPG,0.48343849182128906,0.13065102696418762,0.8534551858901978,0.0,0.0,0.43529412150382996,0.9999841451644897,0.9999921321868896,7.987022399902344e-06,clahe,none
D:\BTECH\PlantDiseaseProject\dataset\val\Tomato___Tomato_Yellow_Leaf_Curl_Virus\e8db7386-db51-4952-ba59-4b7bc44b1520___YLCV_NREC 2688.JPG,0.5031441450119019,0.2201678603887558,0.9410587549209595,0.007781982421875,0.0001220703125,0.7058823704719543,0.9999997615814209,0.9999997615814209,0.0,none,none
D:\BTECH\PlantDiseaseProject\dataset\val\Tomato___Tomato_Yellow_Leaf_Curl_Virus\e8f1f392-e244-46a0-8852-8fbe2e944fae___YLCV_GCREC 5386.JPG,0.3878602981567383,0.16632123291492462,0.9073903560638428,0.0002288818359375,0.0,0.5254902243614197,0.9999858140945435,0.9999911785125732,5.364418029785156e-06,gamma_bright,none
D:\BTECH\PlantDiseaseProject\dataset\val\Tomato___Tomato_Yellow_Leaf_Curl_Virus\e8f9aa7f-8fc9-49d1-b6eb-a27d3c8ca240___UF.GRC_YLCV_Lab 03191.JPG,0.3550824522972107,0.09090021997690201,0.8163586854934692,0.0,0.0,0.29019612073898315,0.9999996423721313,0.9999996423721313,0.0,none,none
D:\BTECH\PlantDiseaseProject\dataset\val\Tomato___Tomato_Yellow_Leaf_Curl_Virus\e95291a3-6040-4816-8fb5-b9e57424bd55___UF.GRC_YLCV_Lab 01452.JPG,0.5301978588104248,0.06879140436649323,0.7472376227378845,1.52587890625e-05,0.0,0.22352942824363708,0.9999994039535522,1.0,5.960464477539062e-07,hist_eq,none
D:\BTECH\PlantDiseaseProject\dataset\val\Tomato___Tomato_Yellow_Leaf_Curl_Virus\e9688f99-9a4a-4d39-91c3-d4ea5a25e591___YLCV_GCREC 2919.JPG,0.3866541087627411,0.14920204877853394,0.8915295600891113,0.00030517578125,0.0,0.46666669845581055,0.9999878406524658,0.9999933242797852,5.4836273193359375e-06,gamma_dark,none
D:\BTECH\PlantDiseaseProject\dataset\val\Tomato___Tomato_Yellow_Leaf_Curl_Virus\e9793af4-c84c-425f-b763-b493c5e256ce___YLCV_GCREC 2030.JPG,0.3833187222480774,0.11841129511594772,0.8550768494606018,0.0003662109375,1.52587890625e-05,0.3921568989753723,0.9999998807907104,0.9999998807907104,0.0,none,none
D:\BTECH\PlantDiseaseProject\dataset\val\Tomato___Tomato_Yellow_Leaf_Curl_Virus\ea824bff-58c4-402e-936c-70bc49912701___UF.GRC_YLCV_Lab 02667.JPG,0.6030377149581909,0.1101490929722786,0.8486596941947937,0.0,0.0,0.3529411852359772,1.0,1.0,0.0,none,none
D:\BTECH\PlantDiseaseProject\dataset\val\Tomato___Tomato_Yellow_Leaf_Curl_Virus\eacfdafe-9c98-4e67-aec3-64600d846c41___YLCV_GCREC 1981.JPG,0.4373723268508911,0.1752069890499115,0.9017812013626099,0.0004425048828125,0.0,0.5372549295425415,0.9999997615814209,0.9999998807907104,1.1920928955078125e-07,hist_eq,none
D:\BTECH\PlantDiseaseProject\dataset\val\Tomato___Tomato_Yellow_Leaf_Curl_Virus\eaeb08b7-357b-48de-9b3f-60d6df7b55f6___YLCV_NREC 2689.JPG,0.4843292832374573,0.2223036140203476,0.9392271041870117,0.006500244140625,9.1552734375e-05,0.6901960968971252,1.0,1.0,0.0,none,none
D:\BTECH\PlantDiseaseProject\dataset\val\Tomato___Tomato_Yellow_Leaf_Curl_Virus\eb1c372c-ce2b-4416-b191-a65277f42779___YLCV_NREC 0195.JPG,0.48638856410980225,0.13075950741767883,0.8693661689758301,0.0004730224609375,0.0,0.43137258291244507,0.9999997615814209,0.9999998807907104,1.1920928955078125e-07,gamma_dark,none
D:\BTECH\PlantDiseaseProject\dataset\val\Tomato___Tomato_Yellow_Leaf_Curl_Virus\eb1ebddb-ab92-49bd-b304-9620effd96ce___YLCV_NREC 2902.JPG,0.403164803981781,0.1493729203939438,0.8971571922302246,0.00030517578125,0.0,0.4901961088180542,0.9999995231628418,0.9999996423721313,1.1920928955078125e-07,gamma_bright,none
D:\BTECH\PlantDiseaseProject\dataset\val\Tomato___Tomato_Yellow_Leaf_Curl_Virus\eb52b160-081d-4e69-8446-cabecf9b14ad___UF.GRC_YLCV_Lab 01494.JPG,0.6129175424575806,0.11694985628128052,0.7900003790855408,0.0,0.0,0.3803921639919281,0.9999960660934448,0.9999998807907104,3.814697265625e-06,clahe,none
D:\BTECH\PlantDiseaseProject\dataset\val\Tomato___Tomato_Yellow_Leaf_Curl_Virus\eb613923-0d8d-4ebd-914b-fa52188c0630___UF.GRC_YLCV_Lab 03182.JPG,0.5499430894851685,0.12113165110349655,0.8407896757125854,0.0,0.0,0.3960784375667572,0.9999980926513672,1.0,1.9073486328125e-06,hist_eq,none
D:\BTECH\PlantDiseaseProject\dataset\val\Tomato___Tomato_Yellow_Leaf_Curl_Virus\eb6e317d-9c61-4ba2-9128-099c766ea6fb___YLCV_GCREC 2322.JPG,0.45494043827056885,0.16657711565494537,0.9048768281936646,0.00238037109375,6.103515625e-05,0.5490196347236633,1.0,1.0,0.0,none,none
D:\BTECH\PlantDiseaseProject\dataset\val\Tomato___Tomato_Yellow_Leaf_Curl_Virus\eb70e5e4-bea1-4510-b942-4eb644adc5a7___YLCV_GCREC 2564.JPG,0.4289500117301941,0.12996816635131836,0.8778015971183777,0.0002899169921875,0.0,0.4235294461250305,0.9999998807907104,0.9999998807907104,0.0,none,none
D:\BTECH\PlantDiseaseProject\dataset\val\Tomato___Tomato_Yellow_Leaf_Curl_Virus\ec10c0fd-520c-4bcb-933e-9bd695690b09___YLCV_NREC 1988.JPG,0.5156115293502808,0.21668827533721924,0.9382201433181763,0.0002593994140625,0.00030517578125,0.6784313917160034,0.9996237754821777,0.9997342228889465,0.00011044740676879883,gamma_dark,none
D:\BTECH\PlantDiseaseProject\dataset\val\Tomato___Tomato_Yellow_Leaf_Curl_Virus\ec7d8dde-84ea-44c9-bf4c-60ba75ca4a37___UF.GRC_YLCV_Lab 09439.JPG,0.5095387697219849,0.10264647006988525,0.8299455046653748,0.0,0.0,0.3529411852359772,1.0,1.0,0.0,none,none
D:\BTECH\PlantDiseaseProject\dataset\val\Tomato___Tomato_Yellow_Leaf_Curl_Virus\edbeb216-1ad8-4593-848e-84cc21886897___YLCV_GCREC 2380.JPG,0.4644763171672821,0.14972181618213654,0.8946467041969299,0.000244140625,0.0,0.49803924560546875,0.9999995231628418,0.9999996423721313,1.1920928955078125e-07,gamma_dark,none
D:\BTECH\PlantDiseaseProject\dataset\val\Tomato___Tomato_Yellow_Leaf_Curl_Virus\ee98a8a9-cd0d-4b81-87e5-cc0fefc88739___YLCV_NREC 2061.JPG,0.540357768535614,0.1939641535282135,0.9197282791137695,0.0015869140625,6.103515625e-05,0.6549019813537598,0.9999902248382568,0.9999954700469971,5.245208740234375e-06,gamma_dark,none
D:\BTECH\PlantDiseaseProject\dataset\val\Tomato___Tomato_Yellow_Leaf_Curl_Virus\eea3b9b0-30d1-4f00-8763-db2f8629efab___YLCV_GCREC 2685.JPG,0.38534650206565857,0.15504997968673706,0.8861432075500488,0.0,0.0,0.4784314036369324,0.9999998807907104,1.0,1.1920928955078125e-07,clahe,none
D:\BTECH\PlantDiseaseProject\dataset\val\Tomato___Tomato_Yellow_Leaf_Curl_Virus\eefc17a1-cc41-4ae9-b796-e43a7b50caa5___YLCV_GCREC 2356.JPG,0.48518240451812744,0.12419026345014572,0.8531640768051147,0.0,0.0,0.3960784673690796,0.9999512434005737,0.9999661445617676,1.4901161193847656e-05,gamma_dark,none
D:\BTECH\PlantDiseaseProject\dataset\val\Tomato___Tomato_Yellow_Leaf_Curl_Virus\ef68ed02-6aa2-4ce4-8af8-9e642e3c581f___YLCV_NREC 2436.JPG,0.5058249831199646,0.17164872586727142,0.9167953729629517,0.0024566650390625,0.0001678466796875,0.5960784554481506,0.9999998807907104,1.0,1.1920928955078125e-07,gamma_dark,none
D:\BTECH\PlantDiseaseProject\dataset\val\Tomato___Tomato_Yellow_Leaf_Curl_Virus\efc37f3e-864a-49d0-8832-3dddafb4e3a6___YLCV_NREC 2819.JPG,0.4402197599411011,0.13466396927833557,0.8722599744796753,0.0003662109375,0.0,0.43137258291244507,0.9999973773956299,0.9999990463256836,1.6689300537109375e-06,hist_eq,none
D:\BTECH\PlantDiseaseProject\dataset\val\Tomato___Tomato_Yellow_Leaf_Curl_Virus\efdbdf70-e543-4c8f-82d4-27a06b7e0cfc___YLCV_GCREC 2516.JPG,0.4998989403247833,0.14401714503765106,0.8710342645645142,0.0,0.0,0.43529412150382996,0.999995231628418,0.999997615814209,2.384185791015625e-06,gamma_dark,none
D:\BTECH\PlantDiseaseProject\dataset\val\Tomato___Tomato_Yellow_Leaf_Curl_Virus\f05dadb1-7d1d-4b5e-b388-f5f0fc4d0a01___UF.GRC_YLCV_Lab 09532.JPG,0.4847833514213562,0.10319484025239944,0.8393478989601135,0.0,0.0,0.33725491166114807,0.9999969005584717,0.9999982118606567,1.3113021850585938e-06,clahe,none
D:\BTECH\PlantDiseaseProject\dataset\val\Tomato___Tomato_Yellow_Leaf_Curl_Virus\f0c9b881-fe08-4be1-bef5-008e33eaf8a0___UF.GRC_YLCV_Lab 03269.JPG,0.4932766258716583,0.1248052567243576,0.8591862916946411,0.0,0.0,0.3607843220233917,0.9999856948852539,0.9999988079071045,1.3113021850585938e-05,clahe,none
D:\BTECH\PlantDiseaseProject\dataset\val\Tomato___Tomato_Yellow_Leaf_Curl_Virus\f119cd84-0834-4a95-89d2-d247a1857a6c___YLCV_GCREC 2391.JPG,0.45290607213974,0.1614789366722107,0.8820371627807617,1.52587890625e-05,0.0,0.4745098352432251,0.9999998807907104,0.9999998807907104,0.0,none,none
D:\BTECH\PlantDiseaseProject\dataset\val\Tomato___Tomato_Yellow_Leaf_Curl_Virus\f13c697c-a907-40b1-b7f4-efacce4601a4___YLCV_GCREC 2176.JPG,0.4208230674266815,0.1950252503156662,0.9357709884643555,0.0015716552734375,3.0517578125e-05,0.6117647290229797,0.9999995231628418,0.9999998807907104,3.5762786865234375e-07,gamma_dark,none
D:\BTECH\PlantDiseaseProject\dataset\val\Tomato___Tomato_Yellow_Leaf_Curl_Virus\f1d47764-62c3-40c1-8884-c18ac36b8954___YLCV_NREC 2624.JPG,0.47614431381225586,0.16356995701789856,0.9163703918457031,0.0015716552734375,0.0,0.550000011920929,0.9999986886978149,0.9999990463256836,3.5762786865234375e-07,gamma_dark,none
D:\BTECH\PlantDiseaseProject\dataset\val\Tomato___Tomato_Yellow_Leaf_Curl_Virus\f21eff54-2d5b-4314-960a-54c943628556___UF.GRC_YLCV_Lab 03005.JPG,0.45639467239379883,0.11787349730730057,0.8581399917602539,0.0,0.0,0.3686274588108063,1.0,1.0,0.0,none,none
D:\BTECH\PlantDiseaseProject\dataset\val\Tomato___Tomato_Yellow_Leaf_Curl_Virus\f27e1953-2025-49a2-9bd7-48a28903bd1b___UF.GRC_YLCV_Lab 02942.JPG,0.43045517802238464,0.09978654980659485,0.8319301605224609,0.0,0.0,0.34117648005485535,0.9999867677688599,0.9999990463256836,1.2278556823730469e-05,hist_eq,none
D:\BTECH\PlantDiseaseProject\dataset\val\Tomato___Tomato_Yellow_Leaf_Curl_Virus\f28367de-351f-4188-9421-f367c60f9499___YLCV_GCREC 1982.JPG,0.4889031648635864,0.15531493723392487,0.8858295679092407,0.0017547607421875,4.57763671875e-05,0.5333333611488342,0.9999955892562866,0.9999997615814209,4.172325134277344e-06,gamma_dark,none
D:\BTECH\PlantDiseaseProject\dataset\val\Tomato___Tomato_Yellow_Leaf_Curl_Virus\f2cb4560-81ab-41ba-bb67-2f26b438f31e___YLCV_NREC 2329.JPG,0.44330060482025146,0.22676856815814972,0.9299511909484863,0.0008544921875,0.00030517578125,0.6666666865348816,1.0,1.0,0.0,none,none
D:\BTECH\PlantDiseaseProject\dataset\val\Tomato___Tomato_Yellow_Leaf_Curl_Virus\f2cd644a-34cf-45e8-9dd8-9a648b1d06be___UF.GRC_YLCV_Lab 01254.JPG,0.5388005375862122,0.0876370221376419,0.8104571104049683,0.0,0.0,0.29019609093666077,0.9999995231628418,1.0,4.76837158203125e-07,hist_eq,none
D:\BTECH\PlantDiseaseProject\dataset\val\Tomato___Tomato_Yellow_Leaf_Curl_Virus\f2e9db8c-c535-4b1d-a7cf-2f3768c6da05___YLCV_NREC 2227.JPG,0.39299359917640686,0.17753227055072784,0.9254276752471924,0.001861572265625,0.0,0.5607843399047852,0.9999891519546509,0.9999983310699463,9.179115295410156e-06,gamma_dark,none
D:\BTECH\PlantDiseaseProject\dataset\val\Tomato___Tomato_Yellow_Leaf_Curl_Virus\f3271707-bde8-4c0a-b7f9-00f6e2bb81c4___YLCV_NREC 2300.JPG,0.5317204594612122,0.20119325816631317,0.9323310852050781,0.0020904541015625,0.0001983642578125,0.6745098233222961,1.0,1.0,0.0,none,none
D:\BTECH\PlantDiseaseProject\dataset\val\Tomato___Tomato_Yellow_Leaf_Curl_Virus\f35186ea-23c1-4ee6-86e1-c8725b0c68de___YLCV_NREC 2802.JPG,0.4331572651863098,0.12955458462238312,0.8738031387329102,0.000396728515625,0.0,0.41960787773132324,0.9999991655349731,0.9999994039535522,2.384185791015625e-07,hist_eq,none
D:\BTECH\PlantDiseaseProject\dataset\val\Tomato___Tomato_Yellow_Leaf_Curl_Virus\f3918648-a3a6-461e-941a-9920db2f1ca6___UF.GRC_YLCV_Lab 02619.JPG,0.535469651222229,0.15088212490081787,0.8944011926651001,0.0,0.0,0.4941176474094391,0.9998224377632141,1.0,0.00017756223678588867,hist_eq,none
D:\BTECH\PlantDiseaseProject\dataset\val\Tomato___Tomato_Yellow_Leaf_Curl_Virus\f3e276a5-57d6-426d-9fa5-1ddc9a6b467b___UF.GRC_YLCV_Lab 02562.JPG,0.5121735334396362,0.07383903861045837,0.7728960514068604,0.0,0.0,0.2549019753932953,0.9999973773956299,0.9999995231628418,2.1457672119140625e-06,gamma_dark,none
D:\BTECH\PlantDiseaseProject\dataset\val\Tomato___Tomato_Yellow_Leaf_Curl_Virus\f3e90f86-4d46-4547-a821-282c4d57326a___YLCV_NREC 2059.JPG,0.5158141851425171,0.20985445380210876,0.9363222122192383,0.0041351318359375,9.1552734375e-05,0.6784313917160034,0.9999996423721313,0.9999997615814209,1.1920928955078125e-07,hist_eq,none
D:\BTECH\PlantDiseaseProject\dataset\val\Tomato___Tomato_Yellow_Leaf_Curl_Virus\f40054b6-9432-4a53-994a-d614840b8540___UF.GRC_YLCV_Lab 02544.JPG,0.4982576072216034,0.08693285286426544,0.8038573265075684,0.0,0.0,0.27843138575553894,0.9999995231628418,1.0,4.76837158203125e-07,hist_eq,none
D:\BTECH\PlantDiseaseProject\dataset\val\Tomato___Tomato_Yellow_Leaf_Curl_Virus\f40419f9-4e4a-43ac-bddb-fec44293cdaf___YLCV_GCREC 5356.JPG,0.4309513568878174,0.1309630572795868,0.8794064521789551,0.0,0.0,0.4274510145187378,1.0,1.0,0.0,none,none
D:\BTECH\PlantDiseaseProject\dataset\val\Tomato___Tomato_Yellow_Leaf_Curl_Virus\f45631e7-854d-4577-9766-86877156749c___UF.GRC_YLCV_Lab 02291.JPG,0.6545933485031128,0.10691011697053909,0.8436965942382812,0.0,0.0,0.34117648005485535,1.0,1.0,0.0,none,none
D:\BTECH\PlantDiseaseProject\dataset\val\Tomato___Tomato_Yellow_Leaf_Curl_Virus\f4685352-baac-45d1-867b-b009adfe3abd___YLCV_NREC 2965.JPG,0.47763901948928833,0.14410482347011566,0.8634874820709229,0.0004730224609375,0.0,0.46274513006210327,0.9999998807907104,0.9999998807907104,0.0,none,none
D:\BTECH\PlantDiseaseProject\dataset\val\Tomato___Tomato_Yellow_Leaf_Curl_Virus\f47380ee-3923-4e1f-ac8b-ace09b3fe3fb___UF.GRC_YLCV_Lab 03019.JPG,0.5640090107917786,0.10684170573949814,0.8199561834335327,0.0,0.0,0.35686275362968445,0.9999998807907104,1.0,1.1920928955078125e-07,clahe,none
D:\BTECH\PlantDiseaseProject\dataset\val\Tomato___Tomato_Yellow_Leaf_Curl_Virus\f4d4e7ed-7f9f-499d-8e61-92a8941e7b7f___UF.GRC_YLCV_Lab 01469.JPG,0.5161131620407104,0.0846400111913681,0.7964663505554199,0.0,0.0,0.2823529541492462,0.9999849796295166,0.9999977350234985,1.2755393981933594e-05,hist_eq,none
D:\BTECH\PlantDiseaseProject\dataset\val\Tomato___Tomato_Yellow_Leaf_Curl_Virus\f69b1e36-ccab-4a84-9830-b07145cf96bf___UF.GRC_YLCV_Lab 01502.JPG,0.596172034740448,0.10304141044616699,0.7568031549453735,0.0,0.0,0.32156863808631897,0.9999730587005615,0.9999966621398926,2.3603439331054688e-05,clahe,none
D:\BTECH\PlantDiseaseProject\dataset\val\Tomato___Tomato_Yellow_Leaf_Curl_Virus\f6d5ad61-dfaf-4083-a9af-1b0755ec0a5d___YLCV_GCREC 2381.JPG,0.4242398142814636,0.17256100475788116,0.9174627065658569,0.0027313232421875,0.0,0.545098066329956,0.999997615814209,0.9999984502792358,8.344650268554688e-07,gamma_dark,none
D:\BTECH\PlantDiseaseProject\dataset\val\Tomato___Tomato_Yellow_Leaf_Curl_Virus\f6ecf360-6917-4478-895a-84eb384033cb___YLCV_GCREC 5427.JPG,0.3627472519874573,0.1703844964504242,0.9072816371917725,0.000335693359375,0.0,0.5411764979362488,0.9998418092727661,0.9999556541442871,0.0001138448715209961,gamma_bright,none
D:\BTECH\PlantDiseaseProject\dataset\val\Tomato___Tomato_Yellow_Leaf_Curl_Virus\f74a7680-7b4e-47b2-8eef-e5274847ca9c___YLCV_GCREC 2219.JPG,0.4474512040615082,0.1377692073583603,0.8737741708755493,4.57763671875e-05,0.0,0.44705885648727417,0.9999856948852539,0.9999881982803345,2.5033950805664062e-06,gamma_dark,none
D:\BTECH\PlantDiseaseProject\dataset\val\Tomato___Tomato_Yellow_Leaf_Curl_Virus\f77be740-83d8-4c10-a29c-0277a12ef23c___YLCV_GCREC 2098.JPG,0.4554770588874817,0.1886281669139862,0.9024090766906738,0.0015716552734375,4.57763671875e-05,0.5686274766921997,0.9999597072601318,0.9999998807907104,4.017353057861328e-05,clahe,none
D:\BTECH\PlantDiseaseProject\dataset\val\Tomato___Tomato_Yellow_Leaf_Curl_Virus\f7a6a43c-7808-4350-b539-85d816920f43___UF.GRC_YLCV_Lab 03177.JPG,0.4075658917427063,0.14766143262386322,0.8882272243499756,0.0,0.0,0.45098042488098145,0.9999958276748657,0.9999980926513672,2.2649765014648438e-06,clahe,none
D:\BTECH\PlantDiseaseProject\dataset\val\Tomato___Tomato_Yellow_Leaf_Curl_Virus\f7c52821-b74c-486c-bf18-e0cbcba2adac___YLCV_GCREC 5142.JPG,0.4821959435939789,0.1797579526901245,0.8709448575973511,3.0517578125e-05,0.0,0.5686274766921997,0.9999356269836426,0.9999964237213135,6.079673767089844e-05,gamma_dark,none
D:\BTECH\PlantDiseaseProject\dataset\val\Tomato___Tomato_Yellow_Leaf_Curl_Virus\f7fc5826-74eb-44aa-9b10-2a9dac4de845___YLCV_GCREC 2843.JPG,0.4965859055519104,0.1418558657169342,0.8729931116104126,0.000518798828125,0.0,0.4549019932746887,0.9999997615814209,0.9999998807907104,1.1920928955078125e-07,gamma_dark,none
D:\BTECH\PlantDiseaseProject\dataset\val\Tomato___Tomato_Yellow_Leaf_Curl_Virus\f808bf17-246f-4eba-9d53-019cfc3508b1___UF.GRC_YLCV_Lab 03147.JPG,0.6025592088699341,0.11003448814153671,0.8444514274597168,0.0,0.0,0.3607843220233917,1.0,1.0,0.0,none,none
D:\BTECH\PlantDiseaseProject\dataset\val\Tomato___Tomato_Yellow_Leaf_Curl_Virus\f8592a78-59ca-4f35-a7bf-1e4001af98a4___YLCV_GCREC 5500.JPG,0.4287732243537903,0.16401806473731995,0.9005602598190308,0.0003662109375,0.0,0.4941176772117615,1.0,1.0,0.0,none,none
D:\BTECH\PlantDiseaseProject\dataset\val\Tomato___Tomato_Yellow_Leaf_Curl_Virus\f8c27546-86a9-46ac-ab93-51863759218e___YLCV_NREC 2049.JPG,0.5583447217941284,0.19650119543075562,0.9166197776794434,0.00250244140625,0.0001068115234375,0.6401960849761963,1.0,1.0,0.0,none,none
D:\BTECH\PlantDiseaseProject\dataset\val\Tomato___Tomato_Yellow_Leaf_Curl_Virus\f940df0a-db07-446a-8106-815d7ebe2f00___UF.GRC_YLCV_Lab 02317.JPG,0.5066337585449219,0.14034084975719452,0.868759274482727,0.0,0.0,0.3960784375667572,1.0,1.0,0.0,none,none
D:\BTECH\PlantDiseaseProject\dataset\val\Tomato___Tomato_Yellow_Leaf_Curl_Virus\f98a3863-0896-4af5-8ed2-d151e321c368___UF.GRC_YLCV_Lab 02930.JPG,0.47635728120803833,0.14185898005962372,0.891257643699646,0.0,0.0,0.4862745404243469,0.9999985694885254,0.9999998807907104,1.3113021850585938e-06,clahe,none
D:\BTECH\PlantDiseaseProject\dataset\val\Tomato___Tomato_Yellow_Leaf_Curl_Virus\f9e747d6-1cc4-4175-8dc1-d43136530c3f___YLCV_GCREC 5515.JPG,0.39880818128585815,0.14343427121639252,0.8657150864601135,0.0001373291015625,0.0,0.4235294461250305,0.9999849796295166,0.9999967813491821,1.1801719665527344e-05,gamma_dark,none
D:\BTECH\PlantDiseaseProject\dataset\val\Tomato___Tomato_Yellow_Leaf_Curl_Virus\fb09137b-619b-45ca-9b7e-24a1ba1330e8___YLCV_NREC 0070.JPG,0.47010016441345215,0.15314623713493347,0.8799314498901367,0.00067138671875,0.0,0.4901961088180542,0.9999943971633911,0.9999954700469971,1.0728836059570312e-06,clahe,none
D:\BTECH\PlantDiseaseProject\dataset\val\Tomato___Tomato_Yellow_Leaf_Curl_Virus\fb3f870b-9d10-49c0-98ba-8e5c5d318ed7___YLCV_GCREC 1908.JPG,0.5050127506256104,0.1763485074043274,0.8847907781600952,3.0517578125e-05,3.0517578125e-05,0.5843137502670288,0.9999946355819702,0.9999995231628418,4.887580871582031e-06,hist_eq,none
D:\BTECH\PlantDiseaseProject\dataset\val\Tomato___Tomato_Yellow_Leaf_Curl_Virus\fbcde21a-84a9-4d1d-95be-0fa5972b55e4___UF.GRC_YLCV_Lab 01736.JPG,0.4101492464542389,0.17508035898208618,0.9084359407424927,3.0517578125e-05,0.0,0.5372549295425415,0.9999911785125732,0.999998927116394,7.748603820800781e-06,clahe,none
D:\BTECH\PlantDiseaseProject\dataset\val\Tomato___Tomato_Yellow_Leaf_Curl_Virus\fbe9e984-e1fc-4c4c-b130-a1ef45d69868___YLCV_NREC 2439.JPG,0.5180727243423462,0.17427970468997955,0.9141501188278198,0.001495361328125,0.0001373291015625,0.6078431606292725,1.0,1.0,0.0,none,none
D:\BTECH\PlantDiseaseProject\dataset\val\Tomato___Tomato_Yellow_Leaf_Curl_Virus\fc8d8c51-99a2-4dc2-8b2c-c304f793fb86___YLCV_NREC 2829.JPG,0.44623035192489624,0.18178798258304596,0.9178751707077026,0.0044403076171875,0.0,0.5843137502670288,0.9999998807907104,1.0,1.1920928955078125e-07,clahe,none
D:\BTECH\PlantDiseaseProject\dataset\val\Tomato___Tomato_Yellow_Leaf_Curl_Virus\fcab8ee1-db97-45ea-aba5-75abfb6e8af4___UF.GRC_YLCV_Lab 02141.JPG,0.5115871429443359,0.12602952122688293,0.8171088695526123,1.52587890625e-05,0.0,0.4392157196998596,0.9999781847000122,1.0,2.181529998779297e-05,clahe,none
D:\BTECH\PlantDiseaseProject\dataset\val\Tomato___Tomato_Yellow_Leaf_Curl_Virus\fd3f0954-0ade-4026-a4fa-daaa84f5827a___YLCV_NREC 0225.JPG,0.4740890860557556,0.14296676218509674,0.8867515921592712,0.0001983642578125,0.0,0.4431372880935669,0.9999998807907104,1.0,1.1920928955078125e-07,gamma_bright,none
D:\BTECH\PlantDiseaseProject\dataset\val\Tomato___Tomato_Yellow_Leaf_Curl_Virus\fd96c6e2-6728-4b14-96cf-6effd437b361___UF.GRC_YLCV_Lab 01921.JPG,0.5099870562553406,0.12473852932453156,0.8573694825172424,0.0,0.0,0.40784314274787903,0.9999860525131226,0.9999964237213135,1.0371208190917969e-05,clahe,none
D:\BTECH\PlantDiseaseProject\dataset\val\Tomato___Tomato_Yellow_Leaf_Curl_Virus\fdce3f3b-0eac-42d8-9e54-1b756e35386c___UF.GRC_YLCV_Lab 02936.JPG,0.42175742983818054,0.11182190477848053,0.8430278301239014,0.0,0.0,0.3490196168422699,0.9999146461486816,1.0,8.535385131835938e-05,clahe,none
D:\BTECH\PlantDiseaseProject\dataset\val\Tomato___Tomato_Yellow_Leaf_Curl_Virus\fdd78f01-9327-45b9-903c-0e22bf295ec0___YLCV_NREC 2454.JPG,0.5375662446022034,0.18819503486156464,0.9238015413284302,0.001190185546875,0.000152587890625,0.6235294342041016,0.9999649524688721,0.9999904632568359,2.5510787963867188e-05,gamma_dark,none
D:\BTECH\PlantDiseaseProject\dataset\val\Tomato___Tomato_Yellow_Leaf_Curl_Virus\fde59a55-1ee4-44d3-936f-c8f2cdb70f6a___UF.GRC_YLCV_Lab 02647.JPG,0.5137420296669006,0.10620418190956116,0.8197406530380249,0.0,0.0,0.3607843220233917,0.9999997615814209,1.0,2.384185791015625e-07,clahe,none
D:\BTECH\PlantDiseaseProject\dataset\val\Tomato___Tomato_Yellow_Leaf_Curl_Virus\fea6a6d4-6457-4868-bbdd-9195eafb50d0___YLCV_GCREC 2289.JPG,0.49192091822624207,0.15923753380775452,0.9012789726257324,0.00030517578125,4.57763671875e-05,0.529411792755127,0.9999877214431763,0.9999949932098389,7.271766662597656e-06,gamma_dark,none
D:\BTECH\PlantDiseaseProject\dataset\val\Tomato___Tomato_Yellow_Leaf_Curl_Virus\febc9f52-45d4-47be-b4e8-8facaf94cdbb___YLCV_NREC 2963.JPG,0.4421864449977875,0.16113516688346863,0.9070534110069275,0.0021209716796875,0.0,0.5176470875740051,1.0,1.0,0.0,none,none
D:\BTECH\PlantDiseaseProject\dataset\val\Tomato___Tomato_Yellow_Leaf_Curl_Virus\ffa378ce-ee74-4bd3-bb05-ad43d05a91d1___UF.GRC_YLCV_Lab 02805.JPG,0.5126997232437134,0.13152648508548737,0.8603683710098267,1.52587890625e-05,0.0,0.458823561668396,0.9999996423721313,1.0,3.5762786865234375e-07,clahe,none
D:\BTECH\PlantDiseaseProject\dataset\val\Tomato___Tomato_Yellow_Leaf_Curl_Virus\ffa8932e-df1c-4ac8-bead-825a4f55a072___UF.GRC_YLCV_Lab 01395.JPG,0.5315172672271729,0.09911099821329117,0.8243316411972046,0.0,0.0,0.32156863808631897,0.9999462366104126,0.9999992847442627,5.3048133850097656e-05,clahe,none
D:\BTECH\PlantDiseaseProject\dataset\val\Tomato___Tomato_Yellow_Leaf_Curl_Virus\ffb119bc-8d09-4f83-b1c5-483599a93d03___UF.GRC_YLCV_Lab 02541.JPG,0.5452885031700134,0.12545950710773468,0.8621483445167542,0.0,0.0,0.37254902720451355,1.0,1.0,0.0,none,none
D:\BTECH\PlantDiseaseProject\dataset\val\Tomato___Tomato_Yellow_Leaf_Curl_Virus\ffb28cee-f1c8-4020-a876-fb8235d983ea___UF.GRC_YLCV_Lab 02802.JPG,0.46246033906936646,0.11022584140300751,0.8424019813537598,0.0,0.0,0.3490196168422699,0.9999880790710449,1.0,1.1920928955078125e-05,hist_eq,none
D:\BTECH\PlantDiseaseProject\dataset\val\Tomato___Tomato_Yellow_Leaf_Curl_Virus\fff6bf83-797c-4de4-83f7-39b74786fec4___UF.GRC_YLCV_Lab 03179.JPG,0.48118019104003906,0.13667599856853485,0.8572653532028198,0.0005340576171875,0.0,0.40000003576278687,0.999998927116394,0.9999995231628418,5.960464477539062e-07,clahe,none
D:\BTECH\PlantDiseaseProject\dataset\val\Tomato___Tomato_mosaic_virus\006e354b-c054-4b72-a83c-e3feb038942e___PSU_CG 2330.JPG,0.4759002923965454,0.13444463908672333,0.881803572177887,0.00225830078125,0.0,0.4392157196998596,0.9999970197677612,0.9999980926513672,1.0728836059570312e-06,clahe,none
D:\BTECH\PlantDiseaseProject\dataset\val\Tomato___Tomato_mosaic_virus\021accd9-bbb2-4777-8f94-93295e6de49e___PSU_CG 2075.JPG,0.49573320150375366,0.1415998637676239,0.8352119326591492,0.0032806396484375,6.103515625e-05,0.5529412031173706,0.9999986886978149,0.9999991655349731,4.76837158203125e-07,gamma_dark,none
D:\BTECH\PlantDiseaseProject\dataset\val\Tomato___Tomato_mosaic_virus\0f47e5f6-7271-45c8-8364-e962dedd83c9___PSU_CG 2148.JPG,0.4716973304748535,0.13207167387008667,0.877182126045227,0.0014190673828125,1.52587890625e-05,0.4392157196998596,0.9999654293060303,0.9999847412109375,1.9311904907226562e-05,gamma_dark,none
D:\BTECH\PlantDiseaseProject\dataset\val\Tomato___Tomato_mosaic_virus\0fcf9c2a-5c8c-4f37-aa43-6fd41d5e5442___PSU_CG 2055.JPG,0.4854590892791748,0.15475036203861237,0.8970010280609131,0.0067291259765625,9.1552734375e-05,0.5568627715110779,0.999998927116394,0.999998927116394,0.0,none,none
D:\BTECH\PlantDiseaseProject\dataset\val\Tomato___Tomato_mosaic_virus\119554ae-c777-46da-abb7-591404fdc65f___PSU_CG 2393.JPG,0.5325175523757935,0.19573791325092316,0.8776620626449585,0.0265960693359375,0.000274658203125,0.6745098233222961,0.9999957084655762,0.9999957084655762,0.0,none,none
D:\BTECH\PlantDiseaseProject\dataset\val\Tomato___Tomato_mosaic_virus\146eaf68-7f61-4717-ac81-2f8bb4533fec___PSU_CG 2406.JPG,0.4739595651626587,0.12215369194746017,0.8097537755966187,0.0081329345703125,0.0,0.4078431725502014,0.9999911785125732,0.9999951124191284,3.933906555175781e-06,gamma_dark,none
D:\BTECH\PlantDiseaseProject\dataset\val\Tomato___Tomato_mosaic_virus\14c21616-aa9e-4d85-8aff-bdf7f4cf3720___PSU_CG 2079.JPG,0.4994276463985443,0.12021179497241974,0.8260273337364197,0.0054473876953125,6.103515625e-05,0.40000003576278687,0.9999984502792358,0.9999985694885254,1.1920928955078125e-07,gamma_dark,none
D:\BTECH\PlantDiseaseProject\dataset\val\Tomato___Tomato_mosaic_virus\1b9dc07a-40ab-45bc-a873-1ad4212e35a3___PSU_CG 2289.JPG,0.5221326351165771,0.14482609927654266,0.8867905139923096,0.0052490234375,0.0003814697265625,0.47058823704719543,0.9999936819076538,0.9999969005584717,3.2186508178710938e-06,gamma_dark,none
D:\BTECH\PlantDiseaseProject\dataset\val\Tomato___Tomato_mosaic_virus\2df35be7-ba8c-4ff6-a608-f7c481c59ede___PSU_CG 2202.JPG,0.437857985496521,0.12672996520996094,0.8540339469909668,0.0067901611328125,0.0,0.4274510145187378,0.9999450445175171,0.9999704360961914,2.5391578674316406e-05,gamma_dark,none
D:\BTECH\PlantDiseaseProject\dataset\val\Tomato___Tomato_mosaic_virus\2e03280e-123a-4231-a73a-652c57338137___PSU_CG 2053.JPG,0.5401493310928345,0.15518121421337128,0.8829651474952698,0.004913330078125,0.0001373291015625,0.5254902243614197,0.9999963045120239,0.9999971389770508,8.344650268554688e-07,gamma_bright,none
D:\BTECH\PlantDiseaseProject\dataset\val\Tomato___Tomato_mosaic_virus\388f46e3-32d3-45f3-84fd-12cb06feed12___PSU_CG 2119.JPG,0.5446256995201111,0.14119067788124084,0.8657064437866211,0.004913330078125,0.0001068115234375,0.4901961088180542,0.9999988079071045,0.9999991655349731,3.5762786865234375e-07,gamma_dark,none
D:\BTECH\PlantDiseaseProject\dataset\val\Tomato___Tomato_mosaic_virus\3b990211-ec63-4cb4-a502-ca99b4764dfb___PSU_CG 2126.JPG,0.5223612785339355,0.1588376760482788,0.9113526940345764,0.005950927734375,0.000213623046875,0.5254902243614197,0.9999995231628418,0.9999995231628418,0.0,none,none
D:\BTECH\PlantDiseaseProject\dataset\val\Tomato___Tomato_mosaic_virus\3ecbb7b8-ad66-4944-886e-de2ae2c2c35e___PSU_CG 2095.JPG,0.46393638849258423,0.17673251032829285,0.8887129426002502,0.0224456787109375,1.52587890625e-05,0.6313725709915161,0.9999912977218628,0.9999912977218628,0.0,none,none
D:\BTECH\PlantDiseaseProject\dataset\val\Tomato___Tomato_mosaic_virus\40f5f8aa-9bba-4e56-8ec0-8a935309c70f___PSU_CG 2211.JPG,0.44038456678390503,0.12878577411174774,0.8837802410125732,0.000152587890625,3.0517578125e-05,0.4235294461250305,0.9999964237213135,0.9999986886978149,2.2649765014648438e-06,gamma_dark,none
D:\BTECH\PlantDiseaseProject\dataset\val\Tomato___Tomato_mosaic_virus\4139ab06-a33a-448d-819a-3b6da9784a2d___PSU_CG 2049.JPG,0.49266690015792847,0.1588847041130066,0.8903018832206726,0.00518798828125,3.0517578125e-05,0.5882353186607361,0.9999985694885254,0.9999992847442627,7.152557373046875e-07,gamma_dark,none
D:\BTECH\PlantDiseaseProject\dataset\val\Tomato___Tomato_mosaic_virus\43f4bccf-0e70-479a-9880-5523f8ffbe9b___PSU_CG 2367.JPG,0.470872700214386,0.15312349796295166,0.9136707782745361,0.00103759765625,3.0517578125e-05,0.501960813999176,0.9999995231628418,0.9999997615814209,2.384185791015625e-07,clahe,none
D:\BTECH\PlantDiseaseProject\dataset\val\Tomato___Tomato_mosaic_virus\4ab5b752-6622-42f2-8743-fa9c9b03e137___PSU_CG 2120.JPG,0.5196372270584106,0.12704387307167053,0.8601910471916199,0.0034637451171875,0.0,0.42352941632270813,0.9999991655349731,0.9999992847442627,1.1920928955078125e-07,gamma_dark,none
D:\BTECH\PlantDiseaseProject\dataset\val\Tomato___Tomato_mosaic_virus\4ab92098-cb26-40ef-b145-fbd1cdde9bd5___PSU_CG 2392.JPG,0.5081606507301331,0.15404115617275238,0.8579812049865723,0.0169830322265625,3.0517578125e-05,0.5568627715110779,0.9999994039535522,0.9999994039535522,0.0,none,none
D:\BTECH\PlantDiseaseProject\dataset\val\Tomato___Tomato_mosaic_virus\54355f0e-7332-4990-b96e-fbff2637f5b7___PSU_CG 2245.JPG,0.518356204032898,0.15532445907592773,0.9033026695251465,0.006317138671875,0.0003662109375,0.529411792755127,0.9999992847442627,0.9999992847442627,0.0,none,none
D:\BTECH\PlantDiseaseProject\dataset\val\Tomato___Tomato_mosaic_virus\597f8dc8-681f-49a8-8985-4ba5b181b53a___PSU_CG 2193.JPG,0.48616233468055725,0.15322765707969666,0.9012166261672974,0.0028533935546875,0.0,0.5058823823928833,0.9999912977218628,0.9999974966049194,6.198883056640625e-06,clahe,none
D:\BTECH\PlantDiseaseProject\dataset\val\Tomato___Tomato_mosaic_virus\5c49d086-dc47-480e-b5b1-0b69bacb66bf___PSU_CG 2241.JPG,0.505748987197876,0.11199589818716049,0.8098303079605103,0.0033111572265625,0.0,0.32156863808631897,0.999998927116394,0.999998927116394,0.0,none,none
D:\BTECH\PlantDiseaseProject\dataset\val\Tomato___Tomato_mosaic_virus\5d3eb639-b75e-4929-9a6a-4b89856b2345___PSU_CG 2273.JPG,0.4528502821922302,0.13972008228302002,0.8903766870498657,0.0018157958984375,0.0,0.46274513006210327,0.9999810457229614,0.9999872446060181,6.198883056640625e-06,gamma_bright,none
D:\BTECH\PlantDiseaseProject\dataset\val\Tomato___Tomato_mosaic_virus\5e990ddc-28f3-4624-8498-28f3b10111fd___PSU_CG 2182.JPG,0.4463406801223755,0.13129299879074097,0.876137912273407,0.0023193359375,0.0,0.4235294461250305,0.9999963045120239,0.9999967813491821,4.76837158203125e-07,gamma_dark,none
D:\BTECH\PlantDiseaseProject\dataset\val\Tomato___Tomato_mosaic_virus\658e96ee-271d-442b-876e-a52970ff540f___PSU_CG 2269.JPG,0.470439612865448,0.1256253868341446,0.866666316986084,0.0024871826171875,0.0,0.4078431725502014,0.9999996423721313,0.9999997615814209,1.1920928955078125e-07,gamma_bright,none
D:\BTECH\PlantDiseaseProject\dataset\val\Tomato___Tomato_mosaic_virus\6ebb483a-d1b6-4d7d-aad1-e717c2a36167___PSU_CG 2286.JPG,0.5252127051353455,0.12743820250034332,0.866061806678772,0.003326416015625,6.103515625e-05,0.3921568691730499,0.9999963045120239,0.9999991655349731,2.86102294921875e-06,hist_eq,none
D:\BTECH\PlantDiseaseProject\dataset\val\Tomato___Tomato_mosaic_virus\7395917b-a4d4-4156-9bd8-55b4a4dc5022___PSU_CG 2207.JPG,0.46886730194091797,0.08842377364635468,0.8091115951538086,7.62939453125e-05,0.0,0.2823529541492462,0.9999849796295166,0.9999935626983643,8.58306884765625e-06,clahe,none
D:\BTECH\PlantDiseaseProject\dataset\val\Tomato___Tomato_mosaic_virus\7c9939ff-c133-460f-a883-26ecb38aa594___PSU_CG 2340.JPG,0.3850920498371124,0.09910116344690323,0.8211334943771362,0.00823974609375,0.0,0.3176470994949341,0.9999995231628418,0.9999996423721313,1.1920928955078125e-07,gamma_bright,none
D:\BTECH\PlantDiseaseProject\dataset\val\Tomato___Tomato_mosaic_virus\860780b3-9c8b-4f90-9010-ac255e953784___PSU_CG 2150.JPG,0.46193569898605347,0.143056258559227,0.8741768598556519,0.0096435546875,1.52587890625e-05,0.4901961088180542,0.9999918937683105,0.9999932050704956,1.3113021850585938e-06,clahe,none
D:\BTECH\PlantDiseaseProject\dataset\val\Tomato___Tomato_mosaic_virus\8af472ce-108f-4478-807f-cdf8f4cbdceb___PSU_CG 2218.JPG,0.4902658760547638,0.12135007232427597,0.8677235841751099,0.0006866455078125,1.52587890625e-05,0.4000000059604645,0.9998461008071899,0.9999359846115112,8.988380432128906e-05,gamma_dark,none
D:\BTECH\PlantDiseaseProject\dataset\val\Tomato___Tomato_mosaic_virus\8babd25a-f124-4d1f-a57a-5db347b34f0d___PSU_CG 2355.JPG,0.5079896450042725,0.14456574618816376,0.8902803659439087,0.0045623779296875,0.0001678466796875,0.4784314036369324,0.9999980926513672,0.9999988079071045,7.152557373046875e-07,gamma_dark,none
D:\BTECH\PlantDiseaseProject\dataset\val\Tomato___Tomato_mosaic_virus\8d37ec47-c16b-4d56-a19e-0cf49690a30a___PSU_CG 2197.JPG,0.4690285325050354,0.12543556094169617,0.8544138669967651,0.0032958984375,1.52587890625e-05,0.41960787773132324,0.9999991655349731,0.9999995231628418,3.5762786865234375e-07,gamma_dark,none
D:\BTECH\PlantDiseaseProject\dataset\val\Tomato___Tomato_mosaic_virus\9155ae3a-ecb2-4744-b60b-60f96f4e3ba8___PSU_CG 2191.JPG,0.4941418468952179,0.1038718894124031,0.8250726461410522,0.0003509521484375,0.0,0.3294117748737335,0.999997615814209,0.9999979734420776,3.5762786865234375e-07,gamma_dark,none
D:\BTECH\PlantDiseaseProject\dataset\val\Tomato___Tomato_mosaic_virus\96c9cc98-5faf-49ad-826b-11f3ecd64577___PSU_CG 2161.JPG,0.5323327779769897,0.12290496379137039,0.8476152420043945,0.003204345703125,6.103515625e-05,0.3960784375667572,0.9999986886978149,0.9999990463256836,3.5762786865234375e-07,gamma_dark,none
D:\BTECH\PlantDiseaseProject\dataset\val\Tomato___Tomato_mosaic_virus\9ef0e7b7-ce38-4829-aad9-23b954a26000___PSU_CG 2324.JPG,0.45921069383621216,0.15970003604888916,0.9009138941764832,0.016357421875,3.0517578125e-05,0.5607843399047852,0.9999982118606567,0.9999986886978149,4.76837158203125e-07,gamma_dark,none
D:\BTECH\PlantDiseaseProject\dataset\val\Tomato___Tomato_mosaic_virus\a0966902-32cd-469a-bf55-9fc7f4761107___PSU_CG 2322.JPG,0.505874514579773,0.1485944241285324,0.8854274749755859,0.010223388671875,9.1552734375e-05,0.4862745404243469,0.9999992847442627,0.9999996423721313,3.5762786865234375e-07,gamma_dark,none
D:\BTECH\PlantDiseaseProject\dataset\val\Tomato___Tomato_mosaic_virus\a374c412-e665-4f38-9e73-49a70fb18b1c___PSU_CG 2378.JPG,0.42602676153182983,0.11051978170871735,0.851142168045044,0.0013885498046875,0.0,0.3647059202194214,0.9999102354049683,0.9999685287475586,5.829334259033203e-05,gamma_dark,none
D:\BTECH\PlantDiseaseProject\dataset\val\Tomato___Tomato_mosaic_virus\a3bfb1c8-d60a-4894-adf8-297035279f47___PSU_CG 2306.JPG,0.5179921984672546,0.1704006791114807,0.917020320892334,0.0077972412109375,0.0001678466796875,0.5803921818733215,0.9999924898147583,0.9999961853027344,3.6954879760742188e-06,gamma_dark,none
D:\BTECH\PlantDiseaseProject\dataset\val\Tomato___Tomato_mosaic_virus\afd8bd61-a7fe-4ee1-8cf8-afa0c116d751___PSU_CG 2391.JPG,0.48817524313926697,0.18174324929714203,0.9156227111816406,0.0297698974609375,0.00054931640625,0.658823549747467,0.999991774559021,0.999991774559021,0.0,none,none
D:\BTECH\PlantDiseaseProject\dataset\val\Tomato___Tomato_mosaic_virus\b23eb7f0-daa4-4775-a09c-f87363bdc141___PSU_CG 2255.JPG,0.5654235482215881,0.1507142186164856,0.8726831078529358,0.0031585693359375,0.00018310546875,0.5058823823928833,0.9999499320983887,0.9999821186065674,3.218650817871094e-05,gamma_dark,none
D:\BTECH\PlantDiseaseProject\dataset\val\Tomato___Tomato_mosaic_virus\b637932e-ac61-448a-b0d6-cabd8b444d27___PSU_CG 2407.JPG,0.5598901510238647,0.15771567821502686,0.8487319350242615,0.007904052734375,9.1552734375e-05,0.5686274766921997,0.9999974966049194,0.9999984502792358,9.5367431640625e-07,gamma_dark,none
D:\BTECH\PlantDiseaseProject\dataset\val\Tomato___Tomato_mosaic_virus\b8c1b55d-a4b9-4f84-9f0c-bd7d08a48f78___PSU_CG 2262.JPG,0.48842859268188477,0.1310981959104538,0.8739388585090637,0.0008392333984375,0.0,0.4392157196998596,0.9999823570251465,0.9999929666519165,1.0609626770019531e-05,gamma_dark,none
D:\BTECH\PlantDiseaseProject\dataset\val\Tomato___Tomato_mosaic_virus\bd533964-8188-49ba-92e8-334cdc4ecb70___PSU_CG 2369.JPG,0.4198055565357208,0.1314014196395874,0.8630428314208984,0.0088043212890625,0.0,0.4549019932746887,0.9999963045120239,0.999997615814209,1.3113021850585938e-06,gamma_dark,none
D:\BTECH\PlantDiseaseProject\dataset\val\Tomato___Tomato_mosaic_virus\c1ca36c4-bffc-494d-9199-0753d7319bce___PSU_CG 2357.JPG,0.48020628094673157,0.13191662728786469,0.8489084243774414,0.0064544677734375,0.0,0.45098042488098145,0.9999986886978149,0.9999990463256836,3.5762786865234375e-07,gamma_bright,none
D:\BTECH\PlantDiseaseProject\dataset\val\Tomato___Tomato_mosaic_virus\c2bad1f4-959c-4c08-bd0e-ee2f91640632___PSU_CG 2325.JPG,0.4529241919517517,0.14314879477024078,0.8869970440864563,0.0075225830078125,0.0,0.46666669845581055,0.9999946355819702,0.9999971389770508,2.5033950805664062e-06,gamma_dark,none
D:\BTECH\PlantDiseaseProject\dataset\val\Tomato___Tomato_mosaic_virus\c56876f0-d18b-4a90-86d1-7f90e8e15fac___PSU_CG 2240.JPG,0.5489273071289062,0.16430573165416718,0.9015883207321167,0.006561279296875,0.0006561279296875,0.5764706134796143,0.9999991655349731,0.9999996423721313,4.76837158203125e-07,gamma_dark,none
D:\BTECH\PlantDiseaseProject\dataset\val\Tomato___Tomato_mosaic_virus\c668017b-5c87-4f2e-90ab-021b81f48b1b___PSU_CG 2272.JPG,0.5067077875137329,0.14907804131507874,0.9070249795913696,0.000701904296875,1.52587890625e-05,0.4901961088180542,0.9999977350234985,0.9999979734420776,2.384185791015625e-07,gamma_dark,none
D:\BTECH\PlantDiseaseProject\dataset\val\Tomato___Tomato_mosaic_virus\c7f8e876-66c2-4014-82a4-47d4556bfb7d___PSU_CG 2418.JPG,0.46538618206977844,0.1519487500190735,0.8825303316116333,0.0167999267578125,0.0001983642578125,0.545098066329956,0.9998857975006104,0.9998992681503296,1.3470649719238281e-05,hist_eq,none
D:\BTECH\PlantDiseaseProject\dataset\val\Tomato___Tomato_mosaic_virus\cc8059de-bae3-4ace-b6a5-f12a07fef342___PSU_CG 2410.JPG,0.5084027647972107,0.16086383163928986,0.8879256248474121,0.010894775390625,0.0001678466796875,0.572549045085907,0.999990701675415,0.999990701675415,0.0,none,none
D:\BTECH\PlantDiseaseProject\dataset\val\Tomato___Tomato_mosaic_virus\d398ca36-5b67-4690-a2d2-53380e63c4bb___PSU_CG 2085.JPG,0.4988052248954773,0.14906500279903412,0.8997326493263245,0.0031890869140625,9.1552734375e-05,0.5058823823928833,1.0,1.0,0.0,none,none
D:\BTECH\PlantDiseaseProject\dataset\val\Tomato___Tomato_mosaic_virus\d636946f-b3da-4b36-aeb6-f602ef86a245___PSU_CG 2101.JPG,0.531046986579895,0.17777153849601746,0.8721493482589722,0.0087890625,4.57763671875e-05,0.6549019813537598,0.9996482133865356,0.9997312426567078,8.302927017211914e-05,clahe,none
D:\BTECH\PlantDiseaseProject\dataset\val\Tomato___Tomato_mosaic_virus\d82c0de0-bd22-464c-b511-1aad0a44f005___PSU_CG 2384.JPG,0.5901408195495605,0.14659713208675385,0.8699657917022705,0.0018463134765625,0.00018310546875,0.47058823704719543,0.9999786615371704,0.9999929666519165,1.430511474609375e-05,gamma_dark,none
D:\BTECH\PlantDiseaseProject\dataset\val\Tomato___Tomato_mosaic_virus\f16eeb0f-5219-4a81-9941-351b3d9ba5fc___PSU_CG 2089.JPG,0.5176048278808594,0.17166413366794586,0.8959844708442688,0.0191802978515625,0.0001220703125,0.6117647290229797,0.9998793601989746,0.9999411106109619,6.175041198730469e-05,clahe,none
D:\BTECH\PlantDiseaseProject\dataset\val\Tomato___Tomato_mosaic_virus\f404ec4e-80d9-4392-900e-43a28f689145___PSU_CG 2323.JPG,0.43977153301239014,0.12274450063705444,0.8421710729598999,0.009735107421875,1.52587890625e-05,0.41960787773132324,0.9999998807907104,0.9999998807907104,0.0,none,none
D:\BTECH\PlantDiseaseProject\dataset\val\Tomato___Tomato_mosaic_virus\f464b52d-2c7e-4086-abdb-99a2c5e1a9da___PSU_CG 2174.JPG,0.46069273352622986,0.10881568491458893,0.8496367335319519,0.0005645751953125,0.0,0.34607845544815063,0.9999966621398926,0.9999970197677612,3.5762786865234375e-07,gamma_dark,none
D:\BTECH\PlantDiseaseProject\dataset\val\Tomato___Tomato_mosaic_virus\f7d8d2a1-2cc6-41e7-9626-76ddf51e7a8b___PSU_CG 2179.JPG,0.44111329317092896,0.14097335934638977,0.8837721347808838,0.003143310546875,0.0,0.4549019932746887,0.9999971389770508,0.9999991655349731,2.0265579223632812e-06,clahe,none
D:\BTECH\PlantDiseaseProject\dataset\val\Tomato___Tomato_mosaic_virus\f983209a-7b7c-43f3-b86a-bd9bc7e29c96___PSU_CG 2287.JPG,0.5302501916885376,0.13978038728237152,0.8821719884872437,0.003662109375,0.0002593994140625,0.43921568989753723,0.9999881982803345,0.9999969005584717,8.702278137207031e-06,clahe,none
D:\BTECH\PlantDiseaseProject\dataset\val\Tomato___healthy\000bf685-b305-408b-91f4-37030f8e62db___GH_HL Leaf 308.1.JPG,0.4767459034919739,0.11368981748819351,0.85555100440979,3.0517578125e-05,1.52587890625e-05,0.3764705955982208,0.9993103742599487,0.9995087385177612,0.0001983642578125,gamma_bright,none
D:\BTECH\PlantDiseaseProject\dataset\val\Tomato___healthy\00bce074-967b-4d50-967a-31fdaa35e688___RS_HL 0223.JPG,0.4970996379852295,0.18416151404380798,0.9394901990890503,0.001739501953125,0.001129150390625,0.6431372761726379,0.9999799728393555,0.9999833106994629,3.337860107421875e-06,gamma_bright,none
D:\BTECH\PlantDiseaseProject\dataset\val\Tomato___healthy\01700b46-3800-46c6-ab81-09a5f50af525___RS_HL 0108.JPG,0.471411794424057,0.1884671151638031,0.9292175769805908,0.002716064453125,0.000701904296875,0.658823549747467,0.9999463558197021,0.9999904632568359,4.410743713378906e-05,gamma_bright,none
D:\BTECH\PlantDiseaseProject\dataset\val\Tomato___healthy\04dec2d5-560b-4f34-a4a1-36b034031e4d___RS_HL 0516.JPG,0.4731558561325073,0.21405571699142456,0.9486507773399353,0.003814697265625,0.0022125244140625,0.7098039388656616,0.9999973773956299,0.9999991655349731,1.7881393432617188e-06,gamma_bright,none
D:\BTECH\PlantDiseaseProject\dataset\val\Tomato___healthy\06ee1c8d-fbe4-48e9-a1b2-fed7ed5539f7___GH_HL Leaf 293.JPG,0.3983505368232727,0.09219439327716827,0.821636438369751,7.62939453125e-05,0.0,0.30980393290519714,0.9999716281890869,0.9999818801879883,1.0251998901367188e-05,gamma_dark,none
D:\BTECH\PlantDiseaseProject\dataset\val\Tomato___healthy\0764ce38-ecb9-4046-88d9-c8f176c6ee8b___GH_HL Leaf 423.JPG,0.48646947741508484,0.07133379578590393,0.7740758657455444,0.0,0.0,0.2392157018184662,0.9859988689422607,0.9972012042999268,0.011202335357666016,hist_eq,none
D:\BTECH\PlantDiseaseProject\dataset\val\Tomato___healthy\0894c925-d193-412f-961d-d188b57ee337___GH_HL Leaf 393.JPG,0.5298389196395874,0.08494360744953156,0.7937868237495422,0.0,0.0,0.2705882489681244,0.997427761554718,0.9982298016548157,0.0008020401000976562,gamma_bright,none
D:\BTECH\PlantDiseaseProject\dataset\val\Tomato___healthy\0b5cfce2-38fd-4984-8926-2d2911c48490___RS_HL 9733.JPG,0.4811289608478546,0.19239717721939087,0.9274290800094604,0.014373779296875,0.0003814697265625,0.6901960968971252,0.9993423819541931,0.9995995163917542,0.00025713443756103516,clahe,none
D:\BTECH\PlantDiseaseProject\dataset\val\Tomato___healthy\0cabff41-b00b-4692-98af-6b8b0aeba7aa___RS_HL 9774.JPG,0.5125811696052551,0.18254713714122772,0.9285501837730408,0.00628662109375,0.0006561279296875,0.6431372761726379,0.9999973773956299,0.9999985694885254,1.1920928955078125e-06,clahe,none
D:\BTECH\PlantDiseaseProject\dataset\val\Tomato___healthy\0d789240-9714-4378-8b63-4afb12ddfa44___RS_HL 9735.JPG,0.4641038775444031,0.18856379389762878,0.9206972122192383,0.0143585205078125,0.000701904296875,0.6941176652908325,0.9999933242797852,0.9999933242797852,0.0,none,none
D:\BTECH\PlantDiseaseProject\dataset\val\Tomato___healthy\11fe6fbc-a1a9-4cc4-ba85-a6864a4e9bae___GH_HL Leaf 280.JPG,0.4899228811264038,0.09246916323900223,0.8234862685203552,0.0,3.0517578125e-05,0.3019607961177826,0.9997788071632385,0.9998773336410522,9.85264778137207e-05,gamma_bright,none
D:\BTECH\PlantDiseaseProject\dataset\val\Tomato___healthy\1352e7ea-9a81-44fb-98e9-25ee6c701753___RS_HL 0549.JPG,0.4784570038318634,0.19589455425739288,0.9466438293457031,0.00341796875,0.0016021728515625,0.6745098233222961,0.9999974966049194,0.9999997615814209,2.2649765014648438e-06,hist_eq,none
D:\BTECH\PlantDiseaseProject\dataset\val\Tomato___healthy\13688c77-f2ad-4f7c-972c-99d70652fac6___RS_HL 0458.JPG,0.4567281901836395,0.20897646248340607,0.9456787109375,0.001739501953125,0.0013275146484375,0.6745098233222961,0.9999986886978149,0.9999988079071045,1.1920928955078125e-07,gamma_bright,none
D:\BTECH\PlantDiseaseProject\dataset\val\Tomato___healthy\13b114fe-22bf-498e-8534-4049123ef655___RS_HL 9775.JPG,0.49169230461120605,0.1664276123046875,0.9101867079734802,0.0055694580078125,0.001007080078125,0.615686297416687,0.9999955892562866,0.9999983310699463,2.7418136596679688e-06,gamma_bright,none
D:\BTECH\PlantDiseaseProject\dataset\val\Tomato___healthy\1479f22a-c0d6-4dac-a752-578f575f276d___GH_HL Leaf 173.5.JPG,0.5041143894195557,0.10818488895893097,0.8426392078399658,0.0,0.0,0.3529411852359772,0.08013485372066498,0.18745754659175873,0.10732269287109375,gamma_bright,gamma_bright
D:\BTECH\PlantDiseaseProject\dataset\val\Tomato___healthy\14d46dfe-5348-428c-af6b-82b6625ce6c3___GH_HL Leaf 483.1.JPG,0.4737796187400818,0.11343749612569809,0.8527476191520691,0.0,0.0,0.3686274588108063,0.992949366569519,0.9962245225906372,0.003275156021118164,gamma_bright,none
D:\BTECH\PlantDiseaseProject\dataset\val\Tomato___healthy\15ba0299-5f38-47ed-ab19-fe6a72737705___RS_HL 9732.JPG,0.5189006924629211,0.16776509582996368,0.9014607667922974,0.008453369140625,0.000274658203125,0.6509804129600525,0.999951958656311,0.9999960660934448,4.410743713378906e-05,hist_eq,none
D:\BTECH\PlantDiseaseProject\dataset\val\Tomato___healthy\167247af-fd67-4b70-a72e-052dc5ea863b___GH_HL Leaf 388.1.JPG,0.46742627024650574,0.0733971893787384,0.771121621131897,0.0,0.0,0.22352942824363708,0.9996691942214966,0.9996871948242188,1.800060272216797e-05,clahe,none
D:\BTECH\PlantDiseaseProject\dataset\val\Tomato___healthy\16927ddc-fc87-4ff2-b450-1edc2b4c6191___RS_HL 0051.JPG,0.48920193314552307,0.2019488364458084,0.9416828155517578,0.0038299560546875,0.0008697509765625,0.6980392336845398,0.9999974966049194,0.9999998807907104,2.384185791015625e-06,clahe,none
D:\BTECH\PlantDiseaseProject\dataset\val\Tomato___healthy\16f3a461-aafc-49e9-8973-39a52190985a___RS_HL 9803.JPG,0.47624361515045166,0.19469909369945526,0.9356732368469238,0.0095672607421875,0.001190185546875,0.6980392336845398,0.9999986886978149,0.9999994039535522,7.152557373046875e-07,gamma_bright,none
D:\BTECH\PlantDiseaseProject\dataset\val\Tomato___healthy\18fa8f7f-ef94-4a3b-9c79-5f4362323134___RS_HL 9977.JPG,0.4710237383842468,0.20828327536582947,0.9535895586013794,0.009796142578125,0.0024566650390625,0.7176470756530762,0.9999990463256836,0.9999991655349731,1.1920928955078125e-07,gamma_bright,none
D:\BTECH\PlantDiseaseProject\dataset\val\Tomato___healthy\19787f8b-a78e-4cf2-8fb2-3aae59b20c47___RS_HL 0456.JPG,0.4580193758010864,0.20362386107444763,0.9498061537742615,0.0031280517578125,0.0017242431640625,0.6745098233222961,0.9999988079071045,0.9999995231628418,7.152557373046875e-07,gamma_bright,none
D:\BTECH\PlantDiseaseProject\dataset\val\Tomato___healthy\1a0b9a32-3993-44e4-879f-338cd6e45a09___GH_HL Leaf 178.JPG,0.5202541947364807,0.11068464070558548,0.8513270020484924,0.0,9.1552734375e-05,0.3686274588108063,0.997530996799469,0.9976596832275391,0.00012868642807006836,gamma_bright,none
D:\BTECH\PlantDiseaseProject\dataset\val\Tomato___healthy\1ae5cf7c-f03a-4591-93e9-61d9784763e0___RS_HL 0043.JPG,0.4905581772327423,0.18961286544799805,0.938835859298706,0.0058135986328125,0.001129150390625,0.6666666865348816,0.9999653100967407,0.999987006187439,2.1696090698242188e-05,gamma_bright,none
D:\BTECH\PlantDiseaseProject\dataset\val\Tomato___healthy\1b6ac535-3a40-40c7-a626-d11181dfb5a4___GH_HL Leaf 304.JPG,0.5046594738960266,0.09890435636043549,0.8316305875778198,6.103515625e-05,6.103515625e-05,0.32549020648002625,0.9995697140693665,0.9996863603591919,0.00011664628982543945,gamma_bright,none
D:\BTECH\PlantDiseaseProject\dataset\val\Tomato___healthy\1ca23194-53c1-44a9-973a-39aa073f4a33___RS_HL 0058.JPG,0.4941512942314148,0.19227933883666992,0.9309685230255127,0.0034332275390625,0.0005645751953125,0.686274528503418,0.9999160766601562,0.9999641180038452,4.8041343688964844e-05,hist_eq,none
D:\BTECH\PlantDiseaseProject\dataset\val\Tomato___healthy\1d31b822-7933-4801-a18c-657b8af377d6___RS_HL 0636.JPG,0.46024835109710693,0.22999221086502075,0.9425334930419922,0.0024566650390625,0.002349853515625,0.6901960968971252,0.9981733560562134,0.9996408224105835,0.0014674663543701172,clahe,none
D:\BTECH\PlantDiseaseProject\dataset\val\Tomato___healthy\1d598eb4-b055-4c4c-8b7e-b60990804957___RS_HL 9838.JPG,0.5041418671607971,0.19394837319850922,0.9327752590179443,0.0055999755859375,0.000762939453125,0.6784313917160034,0.9999852180480957,0.9999958276748657,1.0609626770019531e-05,clahe,none
D:\BTECH\PlantDiseaseProject\dataset\val\Tomato___healthy\1e5e6f9d-6d14-4ea7-9c36-c6a559e567d7___RS_HL 9780.JPG,0.5336171388626099,0.17183147370815277,0.9198155403137207,0.0048980712890625,0.0009002685546875,0.6078431606292725,0.999996542930603,0.9999971389770508,5.960464477539062e-07,hist_eq,none
D:\BTECH\PlantDiseaseProject\dataset\val\Tomato___healthy\21f1c16d-2d7f-44e6-a2e4-7d830dfbfda3___RS_HL 9996.JPG,0.47900164127349854,0.21730823814868927,0.9614683389663696,0.0038299560546875,0.0032196044921875,0.7019608020782471,0.9999996423721313,0.9999996423721313,0.0,none,none
D:\BTECH\PlantDiseaseProject\dataset\val\Tomato___healthy\22c48f3b-b49d-48b1-977e-e81d47c0f951___RS_HL 0369.JPG,0.4891873598098755,0.18137510120868683,0.9366808533668518,0.0013580322265625,0.000640869140625,0.615686297416687,0.999972939491272,0.9999855756759644,1.2636184692382812e-05,gamma_bright,none
D:\BTECH\PlantDiseaseProject\dataset\val\Tomato___healthy\23467438-6237-4b34-acde-80a3129e4b5d___GH_HL Leaf 187.JPG,0.5003206133842468,0.11362652480602264,0.8500046730041504,1.52587890625e-05,7.62939453125e-05,0.3803921639919281,0.9999154806137085,0.9999504089355469,3.4928321838378906e-05,gamma_bright,none
D:\BTECH\PlantDiseaseProject\dataset\val\Tomato___healthy\237ec7d7-d96f-434d-8a94-250ec92c8e86___RS_HL 0457.JPG,0.4904994070529938,0.19401361048221588,0.9403353929519653,0.00189208984375,0.0015106201171875,0.6705882549285889,0.9999924898147583,0.9999977350234985,5.245208740234375e-06,gamma_bright,none
D:\BTECH\PlantDiseaseProject\dataset\val\Tomato___healthy\24fe1921-3196-4125-8f96-d68edef32487___RS_HL 0109.JPG,0.43638110160827637,0.18483084440231323,0.9262001514434814,0.0039825439453125,0.000244140625,0.6078431606292725,0.9999722242355347,0.9999974966049194,2.5272369384765625e-05,gamma_bright,none
D:\BTECH\PlantDiseaseProject\dataset\val\Tomato___healthy\25080b1c-6c0f-4b11-bb31-b5cfb2429395___GH_HL Leaf 238.JPG,0.5014575719833374,0.1076379120349884,0.8489731550216675,3.0517578125e-05,6.103515625e-05,0.35686275362968445,0.9981167316436768,0.9986196756362915,0.0005029439926147461,gamma_bright,none
D:\BTECH\PlantDiseaseProject\dataset\val\Tomato___healthy\25cac927-fd33-4890-9948-8aa1e9a7af52___GH_HL Leaf 293.1.JPG,0.44822388887405396,0.10372289270162582,0.8405217528343201,0.0001373291015625,6.103515625e-05,0.34117648005485535,0.9997976422309875,0.9999082088470459,0.00011056661605834961,gamma_dark,none
D:\BTECH\PlantDiseaseProject\dataset\val\Tomato___healthy\28200010-ba2b-41f7-9dff-94d86019488e___GH_HL Leaf 366.JPG,0.548281729221344,0.08977247774600983,0.796889066696167,0.0,0.0,0.2862745225429535,0.9939175844192505,0.9987315535545349,0.004813969135284424,hist_eq,none
D:\BTECH\PlantDiseaseProject\dataset\val\Tomato___healthy\29d9f827-5e61-4b9b-acba-db0e7ce2016d___GH_HL Leaf 480.JPG,0.5087770819664001,0.10620950907468796,0.8282473087310791,0.0,0.0,0.3490196168422699,0.991422712802887,0.991422712802887,0.0,none,none
D:\BTECH\PlantDiseaseProject\dataset\val\Tomato___healthy\29ff6f63-9b09-4833-8d76-00af9c7b6495___GH_HL Leaf 320.2.JPG,0.47962307929992676,0.11251354962587357,0.8541815280914307,0.0,4.57763671875e-05,0.3686274588108063,0.9995890259742737,0.9997286200523376,0.00013959407806396484,gamma_bright,none
D:\BTECH\PlantDiseaseProject\dataset\val\Tomato___healthy\2a99d5af-218f-4332-a8ce-505301abdbfe___RS_HL 9693.JPG,0.44960227608680725,0.2279103547334671,0.945950984954834,0.0222625732421875,0.0012359619140625,0.729411780834198,0.9999985694885254,0.9999990463256836,4.76837158203125e-07,gamma_bright,none
D:\BTECH\PlantDiseaseProject\dataset\val\Tomato___healthy\2b21cbfc-9c23-42fb-984c-9439fa891a4c___RS_HL 9637.JPG,0.47560885548591614,0.2056601345539093,0.9282199144363403,0.0130157470703125,0.00091552734375,0.7098039388656616,0.9971786737442017,0.9993821382522583,0.0022034645080566406,hist_eq,none
D:\BTECH\PlantDiseaseProject\dataset\val\Tomato___healthy\2b6c6705-59ce-4afe-8ad1-62a367ea10e0___RS_HL 9994.JPG,0.5151399374008179,0.19802722334861755,0.9427606463432312,0.0034332275390625,0.00164794921875,0.6941176652908325,0.9999992847442627,0.9999997615814209,4.76837158203125e-07,clahe,none
D:\BTECH\PlantDiseaseProject\dataset\val\Tomato___healthy\2bc7f6c3-7765-4ab0-926b-57fc918bfbf0___GH_HL Leaf 305.JPG,0.46452122926712036,0.11211336404085159,0.8497070074081421,1.52587890625e-05,3.0517578125e-05,0.3686274588108063,0.9982625842094421,0.9987794756889343,0.0005168914794921875,gamma_bright,none
D:\BTECH\PlantDiseaseProject\dataset\val\Tomato___healthy\2d9352d7-2509-40a1-be35-01404448266c___RS_HL 9805.JPG,0.47433772683143616,0.19594216346740723,0.94436115026474,0.009002685546875,0.0013885498046875,0.6784313917160034,0.9999996423721313,0.9999998807907104,2.384185791015625e-07,gamma_bright,none
D:\BTECH\PlantDiseaseProject\dataset\val\Tomato___healthy\2de3b39c-9fbd-4e94-b9e4-3f97dac9c34d___GH_HL Leaf 286.1.JPG,0.45716044306755066,0.0944649949669838,0.822628378868103,3.0517578125e-05,0.0,0.30588236451148987,0.999009370803833,0.9992951154708862,0.00028574466705322266,gamma_bright,none
D:\BTECH\PlantDiseaseProject\dataset\val\Tomato___healthy\2df73051-0fdf-4ed5-a626-205e245ad8c7___GH_HL Leaf 233.JPG,0.5052929520606995,0.10494346171617508,0.8453662991523743,0.0,6.103515625e-05,0.3529411852359772,0.9999364614486694,0.9999499320983887,1.3470649719238281e-05,gamma_bright,none
D:\BTECH\PlantDiseaseProject\dataset\val\Tomato___healthy\2eb4a2fa-d41e-47f1-9e3f-e49035c5b24a___RS_HL 9995.JPG,0.47277510166168213,0.20777025818824768,0.9535583853721619,0.003814697265625,0.0016326904296875,0.686274528503418,0.999994158744812,0.9999992847442627,5.125999450683594e-06,hist_eq,none
D:\BTECH\PlantDiseaseProject\dataset\val\Tomato___healthy\310d6f93-5075-44a2-80e4-57463adff105___GH_HL Leaf 449.1.JPG,0.5274451971054077,0.07076942175626755,0.7633464336395264,3.0517578125e-05,1.52587890625e-05,0.23137256503105164,0.9996774196624756,0.9999171495437622,0.0002397298812866211,clahe,none
D:\BTECH\PlantDiseaseProject\dataset\val\Tomato___healthy\31dd192f-dcf8-4f89-9890-7bd22653f823___RS_HL 0052.JPG,0.48232150077819824,0.2124687135219574,0.9512143135070801,0.00579833984375,0.0018157958984375,0.7137255072593689,0.9999991655349731,0.9999995231628418,3.5762786865234375e-07,gamma_bright,none
D:\BTECH\PlantDiseaseProject\dataset\val\Tomato___healthy\31e58e07-386c-4915-aa37-8ce39ee29ce9___RS_HL 9949.JPG,0.4663900136947632,0.20358924567699432,0.9386274814605713,0.0093994140625,0.00054931640625,0.6941176652908325,0.9999911785125732,0.9999974966049194,6.318092346191406e-06,hist_eq,none
D:\BTECH\PlantDiseaseProject\dataset\val\Tomato___healthy\3200dbab-2da4-49c9-bd74-34d67e763b22___RS_HL 0562.JPG,0.47937414050102234,0.20178331434726715,0.9473744630813599,0.0017852783203125,0.001708984375,0.6784313917160034,0.9992569088935852,0.9992569088935852,0.0,none,none
D:\BTECH\PlantDiseaseProject\dataset\val\Tomato___healthy\347987eb-9aee-49c7-a8c9-346d18ee7227___GH_HL Leaf 229.1.JPG,0.4805634021759033,0.09974195063114166,0.8350842595100403,1.52587890625e-05,0.0,0.3294117748737335,0.9927847385406494,0.995570957660675,0.0027862191200256348,gamma_bright,none
D:\BTECH\PlantDiseaseProject\dataset\val\Tomato___healthy\35f9364b-1ec2-42ee-99f4-3cdeda433f92___RS_HL 9778.JPG,0.5281368494033813,0.18092645704746246,0.9247952699661255,0.009429931640625,0.0010986328125,0.6313725709915161,0.9999958276748657,0.9999963045120239,4.76837158203125e-07,hist_eq,none
D:\BTECH\PlantDiseaseProject\dataset\val\Tomato___healthy\377ffc94-d068-4ba0-80cc-dea49edf094d___RS_HL 0367.JPG,0.5727823376655579,0.17664653062820435,0.9226030707359314,0.0006103515625,0.0017852783203125,0.6392157077789307,0.9978408813476562,0.999076247215271,0.001235365867614746,gamma_bright,none
D:\BTECH\PlantDiseaseProject\dataset\val\Tomato___healthy\3796ec31-0263-4e17-a312-7871e7b5c0c2___GH_HL Leaf 486.JPG,0.49017664790153503,0.10344307869672775,0.8330942392349243,0.0,3.0517578125e-05,0.3333333432674408,0.9989227652549744,0.999311089515686,0.0003883242607116699,clahe,none
D:\BTECH\PlantDiseaseProject\dataset\val\Tomato___healthy\388aca21-8d73-460f-8f58-a876f294f98e___GH_HL Leaf 463.JPG,0.5127416849136353,0.08289895206689835,0.79803866147995,0.0,0.0,0.27450981736183167,0.9986827969551086,0.9991188645362854,0.0004360675811767578,clahe,none
D:\BTECH\PlantDiseaseProject\dataset\val\Tomato___healthy\39976b35-40e7-4426-b21d-a8bfe1ce0a01___GH_HL Leaf 450.JPG,0.5400851368904114,0.08136212825775146,0.7964392900466919,0.0,0.0,0.25882354378700256,0.9990723133087158,0.9993391633033752,0.00026684999465942383,gamma_bright,none
D:\BTECH\PlantDiseaseProject\dataset\val\Tomato___healthy\399da916-8ffa-40f0-a7a6-62442f14067b___RS_HL 0088.JPG,0.47545427083969116,0.2283524125814438,0.9547338485717773,0.002197265625,0.0036468505859375,0.7254902124404907,0.9999997615814209,0.9999998807907104,1.1920928955078125e-07,gamma_bright,none
D:\BTECH\PlantDiseaseProject\dataset\val\Tomato___healthy\3b0677fb-ff25-4871-aa89-37f756e917af___GH_HL Leaf 253.JPG,0.43187350034713745,0.09274251759052277,0.8222888708114624,0.0,0.0,0.30980393290519714,0.9998420476913452,0.9998916387557983,4.9591064453125e-05,clahe,none
D:\BTECH\PlantDiseaseProject\dataset\val\Tomato___healthy\3d16ce8b-81ef-4be2-aec6-d1deab7282b4___RS_HL 0089.JPG,0.48605847358703613,0.2063034027814865,0.9521880149841309,0.002685546875,0.00335693359375,0.6941176652908325,1.0,1.0,0.0,none,none
D:\BTECH\PlantDiseaseProject\dataset\val\Tomato___healthy\3d1ab8b2-d61c-4ab1-9222-52bf63eb0315___RS_HL 0548.JPG,0.4772193431854248,0.2035968005657196,0.9528908133506775,0.00384521484375,0.001922607421875,0.6784313917160034,0.9999990463256836,0.9999996423721313,5.960464477539062e-07,clahe,none
D:\BTECH\PlantDiseaseProject\dataset\val\Tomato___healthy\3e2fa71c-73a6-48f5-9175-4d43a078115a___RS_HL 0159.JPG,0.5240597724914551,0.19275833666324615,0.9197892546653748,0.004730224609375,0.00018310546875,0.6666666865348816,0.9999206066131592,0.9999709129333496,5.030632019042969e-05,gamma_bright,none
D:\BTECH\PlantDiseaseProject\dataset\val\Tomato___healthy\3e4f86b3-55d1-4efc-bd8a-f13af318b181___GH_HL Leaf 492.JPG,0.48750582337379456,0.09431078284978867,0.8126541376113892,0.0,0.0,0.30980393290519714,0.997626006603241,0.998638927936554,0.0010129213333129883,clahe,none
D:\BTECH\PlantDiseaseProject\dataset\val\Tomato___healthy\45a1a63e-d00e-434d-b1b8-5b14dcde5b1e___GH_HL Leaf 250.JPG,0.5144563913345337,0.09310935437679291,0.8240609169006348,0.0,3.0517578125e-05,0.30980393290519714,0.9999483823776245,0.9999483823776245,0.0,none,none
D:\BTECH\PlantDiseaseProject\dataset\val\Tomato___healthy\476e6aa3-ad1e-4f86-abea-c37dfb3f8df9___RS_HL 0522.JPG,0.4810750484466553,0.18910938501358032,0.9420570135116577,0.0017852783203125,0.0011138916015625,0.658823549747467,0.9989610910415649,0.9999223947525024,0.0009613037109375,clahe,none
D:\BTECH\PlantDiseaseProject\dataset\val\Tomato___healthy\4806eef9-06a4-4da8-9327-939641fbb260___RS_HL 9692.JPG,0.4708476662635803,0.17826645076274872,0.9208178520202637,0.0256500244140625,0.0004425048828125,0.6274510025978088,0.9999982118606567,0.9999992847442627,1.0728836059570312e-06,clahe,none
D:\BTECH\PlantDiseaseProject\dataset\val\Tomato___healthy\48e28bd8-2395-4541-a64c-fd6fab030f06___GH_HL Leaf 352.1.JPG,0.5636093616485596,0.08972885459661484,0.8051042556762695,3.0517578125e-05,1.52587890625e-05,0.29411765933036804,0.9996021389961243,0.999627947807312,2.580881118774414e-05,gamma_bright,none
D:\BTECH\PlantDiseaseProject\dataset\val\Tomato___healthy\4935c405-26c7-4e53-b6cf-0f4dcc798504___RS_HL 9730.JPG,0.5285349488258362,0.17016442120075226,0.9162228107452393,0.0081024169921875,0.000152587890625,0.5960784554481506,0.9998335838317871,0.9999327659606934,9.918212890625e-05,gamma_bright,none
D:\BTECH\PlantDiseaseProject\dataset\val\Tomato___healthy\4a077dcb-30be-4f8d-9dc9-00f3874b1676___GH_HL Leaf 465.JPG,0.5256247520446777,0.08462101966142654,0.7991123795509338,3.0517578125e-05,4.57763671875e-05,0.27843138575553894,0.9997498393058777,0.9997630715370178,1.3232231140136719e-05,gamma_bright,none
D:\BTECH\PlantDiseaseProject\dataset\val\Tomato___healthy\4b8df56a-6124-4e5c-a1b7-8e771a472813___RS_HL 0520.JPG,0.48718538880348206,0.18868598341941833,0.9346499443054199,0.0009307861328125,0.0013275146484375,0.6666666865348816,0.9999719858169556,0.9999873638153076,1.537799835205078e-05,gamma_bright,none
D:\BTECH\PlantDiseaseProject\dataset\val\Tomato___healthy\4e3e2f5a-04a7-4142-aad1-acfa13344e33___GH_HL Leaf 358.JPG,0.3686695396900177,0.07735207676887512,0.7834319472312927,0.0,0.0,0.2558823525905609,0.9997041821479797,0.9997891783714294,8.499622344970703e-05,gamma_dark,none
D:\BTECH\PlantDiseaseProject\dataset\val\Tomato___healthy\4ed95a13-f09b-452e-84d0-b4b6a94a022d___RS_HL 9975.JPG,0.515398383140564,0.17689543962478638,0.9202825427055359,0.0019378662109375,0.0007476806640625,0.6431372761726379,0.9999992847442627,0.9999997615814209,4.76837158203125e-07,gamma_bright,none
D:\BTECH\PlantDiseaseProject\dataset\val\Tomato___healthy\500f0eb8-4141-454e-a186-68350293b2ce___RS_HL 9905.JPG,0.4597652852535248,0.20439761877059937,0.9409952163696289,0.00628662109375,0.00103759765625,0.6901960968971252,0.9999995231628418,0.9999996423721313,1.1920928955078125e-07,gamma_bright,none
D:\BTECH\PlantDiseaseProject\dataset\val\Tomato___healthy\51fda747-5f6a-4870-a874-2a53f706c015___GH_HL Leaf 220.1.JPG,0.5253549218177795,0.09069973975419998,0.8194772005081177,0.0,1.52587890625e-05,0.2980392277240753,0.9999445676803589,0.9999594688415527,1.4901161193847656e-05,gamma_bright,none
D:\BTECH\PlantDiseaseProject\dataset\val\Tomato___healthy\525c2813-206e-40ee-80a2-83b56ef45b13___RS_HL 0547.JPG,0.5132357478141785,0.188111811876297,0.9454475045204163,0.001556396484375,0.0017547607421875,0.6509804129600525,0.9999997615814209,0.9999998807907104,1.1920928955078125e-07,clahe,none
D:\BTECH\PlantDiseaseProject\dataset\val\Tomato___healthy\530faba8-67fa-45bc-8aad-353f879b224c___GH_HL Leaf 462.JPG,0.423326313495636,0.07867344468832016,0.7866817712783813,0.0,0.0,0.24705883860588074,0.9883344173431396,0.9942352175712585,0.0059008002281188965,gamma_bright,none
D:\BTECH\PlantDiseaseProject\dataset\val\Tomato___healthy\5630c5b1-a956-4a34-879a-eb1cb89d22d1___RS_HL 9806.JPG,0.5126360654830933,0.18988077342510223,0.9347888231277466,0.0077362060546875,0.000732421875,0.6745098233222961,0.9999994039535522,0.9999998807907104,4.76837158203125e-07,clahe,none
D:\BTECH\PlantDiseaseProject\dataset\val\Tomato___healthy\574dab67-daab-46c8-918f-beb10b427cd5___RS_HL 9974.JPG,0.5141304731369019,0.18296928703784943,0.9350682497024536,0.00274658203125,0.0013885498046875,0.6431372761726379,0.9999998807907104,1.0,1.1920928955078125e-07,gamma_bright,none
D:\BTECH\PlantDiseaseProject\dataset\val\Tomato___healthy\59f54d36-b98b-4271-88ed-7a9672907bee___RS_HL 0519.JPG,0.48887234926223755,0.19895389676094055,0.9442439675331116,0.00140380859375,0.001129150390625,0.686274528503418,0.9998507499694824,0.999976396560669,0.00012564659118652344,gamma_bright,none
D:\BTECH\PlantDiseaseProject\dataset\val\Tomato___healthy\5ac6005e-d9b6-4847-bd28-e43038e02450___RS_HL 0489.JPG,0.5292547941207886,0.18581585586071014,0.9353148341178894,0.0011138916015625,0.0013580322265625,0.6549019813537598,0.9837890863418579,0.9960635304450989,0.012274444103240967,clahe,none
D:\BTECH\PlantDiseaseProject\dataset\val\Tomato___healthy\5b36f575-af3a-454c-b31f-2d4218fb5cca___GH_HL Leaf 487.JPG,0.5084264278411865,0.09670114517211914,0.8205640316009521,0.0,0.0,0.3176470696926117,0.9863065481185913,0.9900246858596802,0.003718137741088867,gamma_bright,none
D:\BTECH\PlantDiseaseProject\dataset\val\Tomato___healthy\5b7b9824-0cdd-4c67-9377-136a0615d784___RS_HL 0056.JPG,0.47897425293922424,0.1944127082824707,0.9392010569572449,0.0045318603515625,0.0007476806640625,0.6745098233222961,0.9999910593032837,0.9999959468841553,4.887580871582031e-06,gamma_bright,none
D:\BTECH\PlantDiseaseProject\dataset\val\Tomato___healthy\5df79085-2c00-41d6-ac0f-33a831a16d89___RS_HL 9634.JPG,0.5091482400894165,0.17269740998744965,0.9266621470451355,0.008880615234375,0.0007476806640625,0.5843137502670288,0.999969482421875,0.9999947547912598,2.5272369384765625e-05,clahe,none
D:\BTECH\PlantDiseaseProject\dataset\val\Tomato___healthy\5ecf00da-161c-4e2f-a525-b9223adce0b6___GH_HL Leaf 252.1.JPG,0.38141030073165894,0.08812347054481506,0.8081098198890686,4.57763671875e-05,0.0,0.2980392575263977,0.9999257326126099,0.999964714050293,3.898143768310547e-05,gamma_bright,none
D:\BTECH\PlantDiseaseProject\dataset\val\Tomato___healthy\5fdf7f4f-4847-4492-bda8-01995d192e75___GH_HL Leaf 405.JPG,0.5182332992553711,0.07899337261915207,0.7897411584854126,0.0,0.0,0.24705883860588074,0.9996986389160156,0.9997406601905823,4.202127456665039e-05,gamma_bright,none
D:\BTECH\PlantDiseaseProject\dataset\val\Tomato___healthy\61a348ec-8afa-4445-9a98-6e38ba0cd6d4___RS_HL 9914.JPG,0.5127379894256592,0.2036249190568924,0.9304289221763611,0.0051422119140625,0.000640869140625,0.7098039388656616,0.9999985694885254,0.9999995231628418,9.5367431640625e-07,clahe,none
D:\BTECH\PlantDiseaseProject\dataset\val\Tomato___healthy\6200ddc6-ea83-42e0-9936-4f82cfa14a1f___RS_HL 9976.JPG,0.5039776563644409,0.1862519234418869,0.9400458335876465,0.0054473876953125,0.0012664794921875,0.6509804129600525,0.9999996423721313,0.9999997615814209,1.1920928955078125e-07,hist_eq,none
D:\BTECH\PlantDiseaseProject\dataset\val\Tomato___healthy\6555b55c-78bc-4391-88ed-65b596fc7e76___GH_HL Leaf 441.JPG,0.5074398517608643,0.08670636266469955,0.7932725548744202,0.0,0.0,0.27450981736183167,0.9989004135131836,0.9990467429161072,0.00014632940292358398,gamma_bright,none
D:\BTECH\PlantDiseaseProject\dataset\val\Tomato___healthy\666598c7-f09e-4f8b-baf1-7d99e38de8c9___GH_HL Leaf 430.1.JPG,0.50722336769104,0.0772470235824585,0.7811867594718933,0.0,0.0,0.2352941334247589,0.9931620359420776,0.9965918064117432,0.0034297704696655273,clahe,none
D:\BTECH\PlantDiseaseProject\dataset\val\Tomato___healthy\668e811e-7b65-404e-9bc5-6519efb1c708___RS_HL 0160.JPG,0.48492738604545593,0.19384585320949554,0.9217689037322998,0.0036163330078125,0.0003204345703125,0.658823549747467,0.9998453855514526,0.9999897480010986,0.0001443624496459961,hist_eq,none
D:\BTECH\PlantDiseaseProject\dataset\val\Tomato___healthy\676eaef6-b16c-4f13-a39d-86c22f64da83___GH_HL Leaf 356.JPG,0.5605126619338989,0.09778638929128647,0.8343299627304077,0.0,6.103515625e-05,0.32156863808631897,0.9998857975006104,0.9999035596847534,1.7762184143066406e-05,clahe,none
D:\BTECH\PlantDiseaseProject\dataset\val\Tomato___healthy\67fb6b30-9542-4606-9438-da3e96b6a2d7___GH_HL Leaf 213.2.JPG,0.48479634523391724,0.09827343374490738,0.8316123485565186,0.0,3.0517578125e-05,0.3176470696926117,0.9989926218986511,0.9992941617965698,0.00030153989791870117,gamma_dark,none
D:\BTECH\PlantDiseaseProject\dataset\val\Tomato___healthy\688c6cc1-16b4-4f4a-9491-afba5c8a64b6___GH_HL Leaf 347.JPG,0.49265605211257935,0.0939030572772026,0.8179621696472168,0.0,1.52587890625e-05,0.30588236451148987,0.9988312125205994,0.9992637038230896,0.0004324913024902344,gamma_bright,none
D:\BTECH\PlantDiseaseProject\dataset\val\Tomato___healthy\6a9836cb-f987-4ccf-8841-f227989ff5ec___RS_HL 0045.JPG,0.5101337432861328,0.18412840366363525,0.9376771450042725,0.0026702880859375,0.002105712890625,0.6549019813537598,0.9999998807907104,1.0,1.1920928955078125e-07,clahe,none
D:\BTECH\PlantDiseaseProject\dataset\val\Tomato___healthy\6aed746b-e45b-40d6-addb-71bdd0456618___RS_HL 0638.JPG,0.45479223132133484,0.2377486228942871,0.9532641768455505,0.0030364990234375,0.004364013671875,0.7176470756530762,0.5784302949905396,0.9547703862190247,0.3763400912284851,clahe,clahe
D:\BTECH\PlantDiseaseProject\dataset\val\Tomato___healthy\6b9b1ad6-3e75-4378-ad97-7dc9b8fa084e___GH_HL Leaf 179.1.JPG,0.4508436620235443,0.10093237459659576,0.8384382128715515,9.1552734375e-05,1.52587890625e-05,0.3333333432674408,0.9999260902404785,0.9999492168426514,2.3126602172851562e-05,gamma_dark,none
D:\BTECH\PlantDiseaseProject\dataset\val\Tomato___healthy\6bcd0525-7b7a-4503-aff0-73cc04db5105___RS_HL 9916.JPG,0.5032056570053101,0.19371308386325836,0.9310675859451294,0.0060577392578125,0.0006103515625,0.6705882549285889,0.9999997615814209,0.9999998807907104,1.1920928955078125e-07,clahe,none
D:\BTECH\PlantDiseaseProject\dataset\val\Tomato___healthy\6c93e40c-bd94-4583-8651-2b9d7215a392___RS_HL 0054.JPG,0.46088892221450806,0.21194271743297577,0.9565869569778442,0.008026123046875,0.0015869140625,0.6901960968971252,0.9999991655349731,0.9999995231628418,3.5762786865234375e-07,gamma_bright,none
D:\BTECH\PlantDiseaseProject\dataset\val\Tomato___healthy\6cabb19a-2a35-4897-a646-a13e3cf494c6___RS_HL 0591.JPG,0.4424770176410675,0.20494358241558075,0.9506961703300476,0.0023651123046875,0.00103759765625,0.658823549747467,0.9996964931488037,0.9999082088470459,0.0002117156982421875,gamma_bright,none
D:\BTECH\PlantDiseaseProject\dataset\val\Tomato___healthy\6d2b6ab9-dd43-446a-ae14-0fc3fb12b9ca___GH_HL Leaf 265.2.JPG,0.4580375552177429,0.09715516865253448,0.8280379176139832,0.0,0.0,0.3176470696926117,0.997310996055603,0.9979853630065918,0.0006743669509887695,gamma_bright,none
D:\BTECH\PlantDiseaseProject\dataset\val\Tomato___healthy\6dde71bb-a416-41eb-a629-7b4541e85cfc___RS_HL 9734.JPG,0.5064677000045776,0.16793851554393768,0.888521671295166,0.009735107421875,9.1552734375e-05,0.6313725709915161,0.9954700469970703,0.999267041683197,0.003796994686126709,hist_eq,none
D:\BTECH\PlantDiseaseProject\dataset\val\Tomato___healthy\6e1abdb8-4020-48c9-9488-2d320e8d5a4d___RS_HL 0168.JPG,0.48325425386428833,0.19221751391887665,0.9319459199905396,0.0024566650390625,0.00103759765625,0.6705882549285889,0.9999899864196777,0.9999990463256836,9.059906005859375e-06,clahe,none
D:\BTECH\PlantDiseaseProject\dataset\val\Tomato___healthy\6e3fca10-be50-4074-ada4-3122e864d4e0___GH_HL Leaf 294.1.JPG,0.45537009835243225,0.10070032626390457,0.8390899896621704,1.52587890625e-05,0.0,0.3333333432674408,0.9999911785125732,0.9999935626983643,2.384185791015625e-06,gamma_bright,none
D:\BTECH\PlantDiseaseProject\dataset\val\Tomato___healthy\6f46242c-3654-4670-8587-91c6b74af742___RS_HL 9731.JPG,0.48426929116249084,0.1762901246547699,0.9208237528800964,0.0114898681640625,0.000335693359375,0.6470588445663452,0.9979530572891235,0.9992583394050598,0.0013052821159362793,clahe,none
D:\BTECH\PlantDiseaseProject\dataset\val\Tomato___healthy\6f6c7236-d6b5-4bbb-a89e-e1c8246550dd___RS_HL 0559.JPG,0.5018070340156555,0.18194417655467987,0.9398630857467651,0.00177001953125,0.0011444091796875,0.6235294342041016,0.9999974966049194,0.9999986886978149,1.1920928955078125e-06,gamma_bright,none
D:\BTECH\PlantDiseaseProject\dataset\val\Tomato___healthy\6ff7ee8e-bb69-4b7e-a15b-09c6d406ef92___RS_HL 0087.JPG,0.49957001209259033,0.20728710293769836,0.9512534737586975,0.0020751953125,0.00201416015625,0.7019608020782471,1.0,1.0,0.0,none,none
D:\BTECH\PlantDiseaseProject\dataset\val\Tomato___healthy\70097a25-88b2-4c9a-800b-5a978cdf4c7c___GH_HL Leaf 384.1.JPG,0.5220733284950256,0.07588569819927216,0.7795864939689636,0.0,0.0,0.24705883860588074,0.9935970306396484,0.9949517250061035,0.0013546943664550781,clahe,none
D:\BTECH\PlantDiseaseProject\dataset\val\Tomato___healthy\709e6c14-61e3-4157-b371-f143ca5b1fda___GH_HL Leaf 256.JPG,0.5120125412940979,0.09005627036094666,0.8188427686691284,0.0,1.52587890625e-05,0.2980392277240753,0.9998001456260681,0.99985671043396,5.65648078918457e-05,gamma_dark,none
D:\BTECH\PlantDiseaseProject\dataset\val\Tomato___healthy\70e2244d-152b-4dc7-b002-5991e1a195db___RS_HL 9948.JPG,0.5109131336212158,0.18520468473434448,0.9187977313995361,0.005615234375,0.000396728515625,0.658823549747467,0.9999991655349731,0.9999998807907104,7.152557373046875e-07,clahe,none
D:\BTECH\PlantDiseaseProject\dataset\val\Tomato___healthy\724de01c-90cd-48e7-9360-749bb5b4713b___GH_HL Leaf 271.1.JPG,0.425153911113739,0.08631376177072525,0.8095049858093262,3.0517578125e-05,0.0,0.2862745225429535,0.9993820190429688,0.9996497631072998,0.0002677440643310547,gamma_bright,none
D:\BTECH\PlantDiseaseProject\dataset\val\Tomato___healthy\73815ecf-ee85-4bba-864f-f47d01a96615___RS_HL 0348.JPG,0.467746764421463,0.18628381192684174,0.9335348606109619,0.0031890869140625,0.00079345703125,0.6392157077789307,0.99954754114151,0.9998559951782227,0.0003084540367126465,gamma_bright,none
D:\BTECH\PlantDiseaseProject\dataset\val\Tomato___healthy\739d1e6a-f835-4ff4-ab1c-33946def661a___GH_HL Leaf 219.JPG,0.5053083896636963,0.10589141398668289,0.8457437753677368,0.0,1.52587890625e-05,0.3529411852359772,0.9998928308486938,0.9999387264251709,4.589557647705078e-05,gamma_bright,none
D:\BTECH\PlantDiseaseProject\dataset\val\Tomato___healthy\73bfef3d-ba16-4d1d-9aac-71b771e9c9b6___RS_HL 9777.JPG,0.4887896180152893,0.1852749139070511,0.9269091486930847,0.011566162109375,0.0005645751953125,0.686274528503418,0.9999741315841675,0.9999876022338867,1.3470649719238281e-05,clahe,none
D:\BTECH\PlantDiseaseProject\dataset\val\Tomato___healthy\73cc02ea-96ad-4e02-8240-b599cf1e0384___RS_HL 9839.JPG,0.4582173824310303,0.21588952839374542,0.9460382461547852,0.0113372802734375,0.002349853515625,0.7215686440467834,0.9999973773956299,0.9999995231628418,2.1457672119140625e-06,clahe,none
D:\BTECH\PlantDiseaseProject\dataset\val\Tomato___healthy\750a42ee-b73f-4137-934d-501b311a5528___GH_HL Leaf 330.JPG,0.4518548250198364,0.10377100855112076,0.8424915075302124,0.0,0.0,0.3450980484485626,0.9887790679931641,0.9950141310691833,0.006235063076019287,gamma_dark,none
D:\BTECH\PlantDiseaseProject\dataset\val\Tomato___healthy\79ceff7d-4092-419c-b7c1-340ae2dc0605___RS_HL 0225.JPG,0.5225297212600708,0.18917472660541534,0.9319820404052734,0.0009613037109375,0.0011444091796875,0.6705882549285889,0.9999195337295532,0.9999195337295532,0.0,none,none
D:\BTECH\PlantDiseaseProject\dataset\val\Tomato___healthy\7af927ee-8940-49bf-bcb3-78ec3fcc40f3___RS_HL 9626.JPG,0.49202197790145874,0.22762823104858398,0.9397780895233154,0.0198516845703125,0.0006256103515625,0.7450980544090271,0.9970054030418396,0.9988440275192261,0.0018386244773864746,clahe,none
D:\BTECH\PlantDiseaseProject\dataset\val\Tomato___healthy\7b246e09-0a8c-4078-9e0a-6207de8dc804___RS_HL 9809.JPG,0.4592454731464386,0.1834850013256073,0.915385365486145,0.0101470947265625,0.000244140625,0.658823549747467,0.9999994039535522,0.9999995231628418,1.1920928955078125e-07,gamma_bright,none
D:\BTECH\PlantDiseaseProject\dataset\val\Tomato___healthy\7b93db88-7c70-444a-9096-1812426217f7___RS_HL 0167.JPG,0.5062437653541565,0.17892231047153473,0.925030529499054,0.003021240234375,0.00048828125,0.6352941393852234,0.9999995231628418,0.9999998807907104,3.5762786865234375e-07,gamma_bright,none
D:\BTECH\PlantDiseaseProject\dataset\val\Tomato___healthy\7b953f3c-719f-4b0e-b62d-2c651eac6c18___RS_HL 0635.JPG,0.4630717635154724,0.22531910240650177,0.9453268647193909,0.0028076171875,0.001434326171875,0.6823529601097107,0.9818618893623352,0.9900627732276917,0.008200883865356445,gamma_bright,none
D:\BTECH\PlantDiseaseProject\dataset\val\Tomato___healthy\7ce1f8c1-1542-4d7b-be27-11e29d572283___GH_HL Leaf 508.2.JPG,0.3790033161640167,0.1017751470208168,0.8323439359664917,1.52587890625e-05,0.0,0.3294118046760559,0.9908832907676697,0.9944602251052856,0.003576934337615967,gamma_bright,none
D:\BTECH\PlantDiseaseProject\dataset\val\Tomato___healthy\7d76aa96-b29e-4a60-a3e7-bd489f5a79b2___GH_HL Leaf 176.3.JPG,0.5044772624969482,0.11546719074249268,0.8638556003570557,0.0,9.1552734375e-05,0.3803921639919281,0.9997287392616272,0.9997708201408386,4.208087921142578e-05,gamma_bright,none
D:\BTECH\PlantDiseaseProject\dataset\val\Tomato___healthy\7f58b2c9-3a62-402f-80d8-4a9aef9203ea___GH_HL Leaf 411.1.JPG,0.5036894679069519,0.08522269874811172,0.8066965937614441,0.0,0.0,0.2823529541492462,0.9990895986557007,0.9991071820259094,1.7583370208740234e-05,gamma_bright,none
D:\BTECH\PlantDiseaseProject\dataset\val\Tomato___healthy\8295c1b4-7674-4b15-8a32-bb665a969e9b___RS_HL 9776.JPG,0.5016477108001709,0.17289425432682037,0.9142571687698364,0.006072998046875,0.001129150390625,0.6470588445663452,0.9999980926513672,0.9999995231628418,1.430511474609375e-06,clahe,none
D:\BTECH\PlantDiseaseProject\dataset\val\Tomato___healthy\82a3d470-940b-431f-9d79-3963b4e41028___GH_HL Leaf 475.1.JPG,0.5382882952690125,0.07812570035457611,0.7847213745117188,0.0,0.0,0.24705883860588074,0.9999256134033203,0.9999417066574097,1.609325408935547e-05,clahe,none
D:\BTECH\PlantDiseaseProject\dataset\val\Tomato___healthy\82b63dfc-d0b6-4bb3-afc4-db8d61476b10___GH_HL Leaf 415.JPG,0.49594011902809143,0.08453680574893951,0.8080688118934631,0.0,0.0,0.27843138575553894,0.9998646974563599,0.9998884201049805,2.372264862060547e-05,clahe,none
D:\BTECH\PlantDiseaseProject\dataset\val\Tomato___healthy\82df832d-43d4-41c5-97b8-baf8ff9c658c___RS_HL 9917.JPG,0.451080322265625,0.21940608322620392,0.9444985389709473,0.0141448974609375,0.001129150390625,0.7098039388656616,0.9999997615814209,1.0,2.384185791015625e-07,clahe,none
D:\BTECH\PlantDiseaseProject\dataset\val\Tomato___healthy\83d9992c-b4ee-41f5-b3eb-792afd464f4e___RS_HL 9629.JPG,0.45165514945983887,0.2093891054391861,0.9292150735855103,0.0183258056640625,0.0009765625,0.6941176652908325,0.9983110427856445,0.9998643398284912,0.0015532970428466797,hist_eq,none
D:\BTECH\PlantDiseaseProject\dataset\val\Tomato___healthy\85305af1-0d24-4eba-a750-f74c0e6657f4___RS_HL 9635.JPG,0.45714399218559265,0.2109455168247223,0.943909227848053,0.018707275390625,0.0018768310546875,0.7137255072593689,0.99982750415802,0.9999897480010986,0.00016224384307861328,hist_eq,none
D:\BTECH\PlantDiseaseProject\dataset\val\Tomato___healthy\8558f71b-626f-40f3-863d-69493941f829___RS_HL 0044.JPG,0.4796168804168701,0.2113208770751953,0.9539196491241455,0.006072998046875,0.003326416015625,0.7176470756530762,0.999997615814209,0.9999997615814209,2.1457672119140625e-06,hist_eq,none
D:\BTECH\PlantDiseaseProject\dataset\val\Tomato___healthy\87f08e15-5b2d-4d01-b83b-fd958eba02d4___GH_HL Leaf 434.2.JPG,0.5349670052528381,0.07531885802745819,0.7778160572052002,0.0,0.0,0.22745099663734436,0.9995415210723877,0.9995416402816772,1.1920928955078125e-07,gamma_dark,none
D:\BTECH\PlantDiseaseProject\dataset\val\Tomato___healthy\8887e457-f477-426d-bcf7-a6e7d43d42c1___GH_HL Leaf 296.JPG,0.48087918758392334,0.11871910095214844,0.864490807056427,4.57763671875e-05,0.0,0.3960784375667572,0.9992539286613464,0.9995457530021667,0.0002918243408203125,gamma_bright,none
D:\BTECH\PlantDiseaseProject\dataset\val\Tomato___healthy\89aa561a-1ea7-4e24-a92b-47f3dedcecdb___RS_HL 0107.JPG,0.4851287007331848,0.20963752269744873,0.9276952147483826,0.00225830078125,0.000274658203125,0.6745098233222961,0.9999327659606934,0.9999934434890747,6.0677528381347656e-05,gamma_bright,none
D:\BTECH\PlantDiseaseProject\dataset\val\Tomato___healthy\89e63d70-677a-41e3-a5fe-c38d6b98abbc___RS_HL 9902.JPG,0.49181124567985535,0.18507228791713715,0.9292845129966736,0.0064697265625,0.0007171630859375,0.6666666865348816,0.9999998807907104,1.0,1.1920928955078125e-07,clahe,none
D:\BTECH\PlantDiseaseProject\dataset\val\Tomato___healthy\8b94be33-e461-4004-8891-0a69598cea6b___GH_HL Leaf 223.1.JPG,0.5062772035598755,0.08140423893928528,0.8011548519134521,0.0,1.52587890625e-05,0.2666666805744171,0.9997044205665588,0.9997676014900208,6.318092346191406e-05,clahe,none
D:\BTECH\PlantDiseaseProject\dataset\val\Tomato___healthy\8c43c178-69de-4e23-a075-1f0bdbf586db___RS_HL 0637.JPG,0.44719210267066956,0.22745032608509064,0.9456037878990173,0.002685546875,0.0023040771484375,0.6941176652908325,0.6336870789527893,0.7669243216514587,0.13323724269866943,gamma_bright,gamma_bright
D:\BTECH\PlantDiseaseProject\dataset\val\Tomato___healthy\8d39c92d-db17-4a32-a350-1fa670fe2268___GH_HL Leaf 224.JPG,0.4720669686794281,0.09510982781648636,0.825435221195221,3.0517578125e-05,1.52587890625e-05,0.3176470696926117,0.9996101260185242,0.9996101260185242,0.0,none,none
D:\BTECH\PlantDiseaseProject\dataset\val\Tomato___healthy\8d4a3b2d-bcef-4861-a0a0-c3cb0a1990ce___GH_HL Leaf 204.JPG,0.4730590581893921,0.10388659685850143,0.8437343835830688,0.0,0.0,0.3450980484485626,0.9990886449813843,0.9994702935218811,0.00038164854049682617,clahe,none
D:\BTECH\PlantDiseaseProject\dataset\val\Tomato___healthy\90a8b687-3191-4ef5-bb9c-e11aeb2d6c8f___RS_HL 0057.JPG,0.5236544013023376,0.17583155632019043,0.9173414707183838,0.0032196044921875,0.0004425048828125,0.6509804129600525,0.9999518394470215,0.9999858140945435,3.3974647521972656e-05,gamma_bright,none
D:\BTECH\PlantDiseaseProject\dataset\val\Tomato___healthy\911f4e0f-c13a-411a-8a75-2793b006a5d4___RS_HL 0083.JPG,0.5127261877059937,0.18080663681030273,0.9281952977180481,0.0008697509765625,0.0009613037109375,0.6627451181411743,0.9999997615814209,1.0,2.384185791015625e-07,clahe,none
D:\BTECH\PlantDiseaseProject\dataset\val\Tomato___healthy\9299f3e8-15ee-4cf2-997a-058bb19900a5___RS_HL 9781.JPG,0.49575042724609375,0.20825974643230438,0.9304980635643005,0.0098724365234375,0.001556396484375,0.7372549176216125,0.9985277652740479,0.9991772770881653,0.0006495118141174316,clahe,none
D:\BTECH\PlantDiseaseProject\dataset\val\Tomato___healthy\92d04528-2709-4cc0-8e98-bdfe2ef97143___RS_HL 9808.JPG,0.4864998757839203,0.19040147960186005,0.9261268377304077,0.007781982421875,0.0006103515625,0.6901960968971252,0.9999997615814209,1.0,2.384185791015625e-07,clahe,none
D:\BTECH\PlantDiseaseProject\dataset\val\Tomato___healthy\933b7a1c-5015-48df-8c2d-b7fdf918a4db___GH_HL Leaf 490.1.JPG,0.4818574786186218,0.10387638211250305,0.840187132358551,0.0,0.0,0.3450980484485626,0.9523425102233887,0.9830684065818787,0.03072589635848999,clahe,clahe
D:\BTECH\PlantDiseaseProject\dataset\val\Tomato___healthy\95abb641-4435-4531-88f6-a4a597c5ff33___RS_HL 9779.JPG,0.4981626570224762,0.18189814686775208,0.9303634166717529,0.0072784423828125,0.0009307861328125,0.6470588445663452,0.9999966621398926,0.9999973773956299,7.152557373046875e-07,gamma_bright,none
D:\BTECH\PlantDiseaseProject\dataset\val\Tomato___healthy\9630e186-4b6c-492b-b450-a30bd7fd7fcb___GH_HL Leaf 322.1.JPG,0.464519739151001,0.09331118315458298,0.8201620578765869,0.0,0.0,0.30980393290519714,0.9995137453079224,0.9997054934501648,0.00019174814224243164,gamma_bright,none
D:\BTECH\PlantDiseaseProject\dataset\val\Tomato___healthy\9721c76f-52cc-4a63-a465-4cc32974806c___GH_HL Leaf 431.1.JPG,0.4662312865257263,0.06956351548433304,0.7726662755012512,0.0,0.0,0.22352942824363708,0.9989261031150818,0.9989261031150818,0.0,none,none
D:\BTECH\PlantDiseaseProject\dataset\val\Tomato___healthy\982bdd12-cce3-413e-89ae-444ebc3ee32e___RS_HL 0487.JPG,0.49195197224617004,0.20690637826919556,0.9375920295715332,0.0019073486328125,0.0012054443359375,0.7058823704719543,0.9999387264251709,0.9999889135360718,5.0187110900878906e-05,gamma_bright,none
D:\BTECH\PlantDiseaseProject\dataset\val\Tomato___healthy\9bda0790-8cb2-4dce-8b8a-debdbd08a67d___GH_HL Leaf 388.JPG,0.5079887509346008,0.08152227103710175,0.7903384566307068,0.0,0.0,0.250980406999588,0.998971700668335,0.9995869994163513,0.0006152987480163574,clahe,none
D:\BTECH\PlantDiseaseProject\dataset\val\Tomato___healthy\9c84597a-72a3-4e91-9203-92de6090462b___RS_HL 0040.JPG,0.46884670853614807,0.17700310051441193,0.9249805212020874,0.003814697265625,0.0003509521484375,0.6245098114013672,0.9999686479568481,0.9999895095825195,2.086162567138672e-05,hist_eq,none
D:\BTECH\PlantDiseaseProject\dataset\val\Tomato___healthy\9ee73ce8-ea9e-4a76-8b41-39500bdf3514___RS_HL 0110.JPG,0.48847323656082153,0.19229550659656525,0.9405872225761414,0.0023651123046875,0.0009307861328125,0.6509804129600525,0.9999715089797974,0.9999806880950928,9.179115295410156e-06,clahe,none
D:\BTECH\PlantDiseaseProject\dataset\val\Tomato___healthy\a02c1c45-0962-42c4-bc8b-13b07308a1f8___RS_HL 0561.JPG,0.4514557123184204,0.1902453750371933,0.9402244091033936,0.002838134765625,0.0005950927734375,0.658823549747467,0.9999960660934448,0.999998927116394,2.86102294921875e-06,gamma_bright,none
D:\BTECH\PlantDiseaseProject\dataset\val\Tomato___healthy\a37b6334-5748-413a-9c7d-85c3ac8edee8___GH_HL Leaf 260.1.JPG,0.419207364320755,0.10559772700071335,0.8419368863105774,0.0001068115234375,1.52587890625e-05,0.34117650985717773,0.9975219368934631,0.9986429810523987,0.0011210441589355469,clahe,none
D:\BTECH\PlantDiseaseProject\dataset\val\Tomato___healthy\a37f028b-6cb5-4557-8e5d-61b25830858c___RS_HL 0530.JPG,0.483480304479599,0.20796501636505127,0.952235221862793,0.003326416015625,0.002685546875,0.7215686440467834,0.9999918937683105,0.9999973773956299,5.4836273193359375e-06,gamma_bright,none
D:\BTECH\PlantDiseaseProject\dataset\val\Tomato___healthy\a424fe57-c3ff-400e-ac88-000ca1781300___RS_HL 9802.JPG,0.5238252282142639,0.1647249162197113,0.9017523527145386,0.0052947998046875,0.0005645751953125,0.6117647290229797,0.9999840259552002,0.999995231628418,1.1205673217773438e-05,clahe,none
D:\BTECH\PlantDiseaseProject\dataset\val\Tomato___healthy\a5a6aa27-9a67-486e-853d-50ccdd1d8c21___RS_HL 0170.JPG,0.4851906895637512,0.19499029219150543,0.9360994696617126,0.002655029296875,0.0010223388671875,0.6705882549285889,1.0,1.0,0.0,none,none
D:\BTECH\PlantDiseaseProject\dataset\val\Tomato___healthy\a8036d3b-eda1-4309-b2ac-5a409963f4d7___RS_HL 9840.JPG,0.4985385835170746,0.1979072093963623,0.9377776980400085,0.008331298828125,0.0008544921875,0.6941176652908325,0.9999998807907104,1.0,1.1920928955078125e-07,clahe,none
D:\BTECH\PlantDiseaseProject\dataset\val\Tomato___healthy\a9c274c1-698c-4840-984b-8cb34e7ae97b___RS_HL 0224.JPG,0.48067569732666016,0.20243698358535767,0.9447600245475769,0.0023040771484375,0.000946044921875,0.6666666865348816,0.99992835521698,0.999957799911499,2.944469451904297e-05,gamma_bright,none
D:\BTECH\PlantDiseaseProject\dataset\val\Tomato___healthy\aa0058b5-2857-40fd-8b40-24d728574aec___RS_HL 0415.JPG,0.518919825553894,0.1905212253332138,0.9343887567520142,0.0016326904296875,0.00091552734375,0.6705882549285889,0.9999988079071045,0.9999996423721313,8.344650268554688e-07,gamma_bright,none
D:\BTECH\PlantDiseaseProject\dataset\val\Tomato___healthy\ab43ead0-0a4c-4069-8c29-43310eb145e1___GH_HL Leaf 419.JPG,0.46643683314323425,0.08711372315883636,0.8127601742744446,0.0,1.52587890625e-05,0.2862745225429535,0.9994279742240906,0.9996975660324097,0.0002695918083190918,gamma_bright,none
D:\BTECH\PlantDiseaseProject\dataset\val\Tomato___healthy\afbedba8-4d3a-4816-9c55-bd666d262b59___RS_HL 9841.JPG,0.4659363031387329,0.22476842999458313,0.9432097673416138,0.0101165771484375,0.0017852783203125,0.7372549176216125,0.9999996423721313,1.0,3.5762786865234375e-07,hist_eq,none
D:\BTECH\PlantDiseaseProject\dataset\val\Tomato___healthy\b4a854a1-cd40-4bac-b377-97fc49b8314c___RS_HL 9628.JPG,0.4914368987083435,0.20676155388355255,0.9269425868988037,0.00994873046875,0.0003204345703125,0.7019608020782471,0.9967293739318848,0.9998843669891357,0.0031549930572509766,clahe,none
D:\BTECH\PlantDiseaseProject\dataset\val\Tomato___healthy\b5ff3a01-04bd-47d0-99c5-cb90ec1f9916___RS_HL 9804.JPG,0.5049318671226501,0.1653049737215042,0.9144437313079834,0.0053558349609375,0.00054931640625,0.5921568870544434,0.9999953508377075,0.9999974966049194,2.1457672119140625e-06,gamma_bright,none
D:\BTECH\PlantDiseaseProject\dataset\val\Tomato___healthy\b6690f04-b49a-43eb-8804-67eeffae7950___RS_HL 0518.JPG,0.4599880576133728,0.21508194506168365,0.9477179050445557,0.00335693359375,0.00177001953125,0.6980392336845398,0.999994158744812,0.999997615814209,3.4570693969726562e-06,gamma_bright,none
D:\BTECH\PlantDiseaseProject\dataset\val\Tomato___healthy\b7dd82f7-99d1-4abf-914e-9a0a88dda675___RS_HL 0046.JPG,0.4854087233543396,0.2014056295156479,0.9422975778579712,0.0056304931640625,0.0015716552734375,0.7098039388656616,0.999998927116394,0.9999997615814209,8.344650268554688e-07,gamma_bright,none
D:\BTECH\PlantDiseaseProject\dataset\val\Tomato___healthy\b91da997-c7c4-44aa-b00c-e558887d0ba6___GH_HL Leaf 368.1.JPG,0.5409515500068665,0.08823487162590027,0.7820206880569458,0.0,0.0,0.2862745225429535,0.9994086027145386,0.9994086027145386,0.0,none,none
D:\BTECH\PlantDiseaseProject\dataset\val\Tomato___healthy\ba541656-6ae6-4471-8c17-7144e4c23edf___RS_HL 9947.JPG,0.47386080026626587,0.17805983126163483,0.9106258749961853,0.003662109375,0.0003814697265625,0.6431372761726379,0.999996542930603,0.9999996423721313,3.0994415283203125e-06,hist_eq,none
D:\BTECH\PlantDiseaseProject\dataset\val\Tomato___healthy\bb49e566-90cf-48c2-ae3a-83b7f362b703___RS_HL 0347.JPG,0.49355462193489075,0.18637675046920776,0.9345249533653259,0.0023193359375,0.000457763671875,0.6509804129600525,0.9957347512245178,0.998024582862854,0.0022898316383361816,gamma_bright,none
D:\BTECH\PlantDiseaseProject\dataset\val\Tomato___healthy\bb7bfa73-7bd8-4703-a175-5843c00851ac___RS_HL 0517.JPG,0.4413805902004242,0.1889760047197342,0.9370789527893066,0.004608154296875,0.0005340576171875,0.6470588445663452,0.9999973773956299,0.9999996423721313,2.2649765014648438e-06,hist_eq,none
D:\BTECH\PlantDiseaseProject\dataset\val\Tomato___healthy\bc5e650e-075e-4359-9f31-79cd0ef3208b___RS_HL 9807.JPG,0.462866872549057,0.17794695496559143,0.8908984661102295,0.0104522705078125,0.0001373291015625,0.658823549747467,0.9997414946556091,0.9999762773513794,0.00023478269577026367,clahe,none
D:\BTECH\PlantDiseaseProject\dataset\val\Tomato___healthy\bc825946-3ee5-4269-8ba4-202afc766654___RS_HL 0368.JPG,0.4731563925743103,0.18752910196781158,0.9392107129096985,0.004852294921875,0.0006103515625,0.6392157077789307,0.9999818801879883,0.999991774559021,9.894371032714844e-06,gamma_bright,none
D:\BTECH\PlantDiseaseProject\dataset\val\Tomato___healthy\bcae8241-335d-48f4-ae20-e57b17b29db4___RS_HL 0521.JPG,0.46038734912872314,0.18746480345726013,0.9419466853141785,0.002471923828125,0.001220703125,0.6470588445663452,0.9997498393058777,0.9998974800109863,0.00014764070510864258,gamma_bright,none
D:\BTECH\PlantDiseaseProject\dataset\val\Tomato___healthy\be5a8881-cc33-42c0-adc7-52d2380a9902___GH_HL Leaf 505.4.JPG,0.48934024572372437,0.11366435885429382,0.8537328243255615,7.62939453125e-05,0.0,0.37254902720451355,0.9969869256019592,0.9991912245750427,0.002204298973083496,clahe,none
D:\BTECH\PlantDiseaseProject\dataset\val\Tomato___healthy\c0b3ea2d-4889-4693-8590-cef2d32b81e3___RS_HL 0370.JPG,0.47735095024108887,0.1932915449142456,0.9352572560310364,0.002471923828125,0.000732421875,0.6784313917160034,0.9999538660049438,0.9999825954437256,2.872943878173828e-05,gamma_bright,none
D:\BTECH\PlantDiseaseProject\dataset\val\Tomato___healthy\c0c7cd05-de91-47b6-9702-823e34e7d332___RS_HL 0505.JPG,0.497905433177948,0.19968320429325104,0.9417082071304321,0.0018768310546875,0.0020294189453125,0.6745098233222961,0.9999942779541016,0.999997615814209,3.337860107421875e-06,gamma_bright,none
D:\BTECH\PlantDiseaseProject\dataset\val\Tomato___healthy\c17bbdf8-c589-44bc-a805-6dec51568733___GH_HL Leaf 402.JPG,0.506807267665863,0.08518010377883911,0.8021600246429443,0.0,0.0,0.27450981736183167,0.9993613362312317,0.9994680285453796,0.00010669231414794922,gamma_bright,none
D:\BTECH\PlantDiseaseProject\dataset\val\Tomato___healthy\c1c04a55-0dd5-48e2-9cc6-76bbcc1899fd___GH_HL Leaf 340.1.JPG,0.41962215304374695,0.08814654499292374,0.806469738483429,3.0517578125e-05,0.0,0.29411765933036804,0.9994315505027771,0.9996747970581055,0.00024324655532836914,gamma_dark,none
D:\BTECH\PlantDiseaseProject\dataset\val\Tomato___healthy\c1fe17e6-7776-4f80-a048-6095504dd0cf___RS_HL 9690.JPG,0.4963832497596741,0.18208721280097961,0.9355016946792603,0.0094757080078125,0.000946044921875,0.6235294342041016,0.9999995231628418,0.9999997615814209,2.384185791015625e-07,gamma_bright,none
D:\BTECH\PlantDiseaseProject\dataset\val\Tomato___healthy\c296246d-42ab-4274-9037-df2470e2d3a5___RS_HL 0085.JPG,0.5195482969284058,0.1811971813440323,0.9326608180999756,0.0022735595703125,0.0013427734375,0.6352941393852234,0.9999988079071045,0.9999997615814209,9.5367431640625e-07,clahe,none
D:\BTECH\PlantDiseaseProject\dataset\val\Tomato___healthy\c3dcca18-f12f-4a4d-a90c-563ded6c7df8___RS_HL 9691.JPG,0.4578661322593689,0.20400501787662506,0.9426594376564026,0.022308349609375,0.0017547607421875,0.7137255072593689,0.9999951124191284,0.9999986886978149,3.5762786865234375e-06,hist_eq,none
D:\BTECH\PlantDiseaseProject\dataset\val\Tomato___healthy\c4238856-a924-4621-a4eb-3f34668aa23c___RS_HL 0592.JPG,0.42120426893234253,0.21868588030338287,0.9476381540298462,0.0041961669921875,0.0007476806640625,0.6823529601097107,0.9995555281639099,0.999966025352478,0.00041049718856811523,hist_eq,none
D:\BTECH\PlantDiseaseProject\dataset\val\Tomato___healthy\c7db2891-1bfa-4047-8864-66be6cc9e185___RS_HL 0162.JPG,0.48593464493751526,0.199619323015213,0.9288933873176575,0.0030364990234375,0.0002899169921875,0.6745098233222961,0.9999890327453613,0.9999978542327881,8.821487426757812e-06,gamma_bright,none
D:\BTECH\PlantDiseaseProject\dataset\val\Tomato___healthy\c7e8ea40-31e0-4e96-80e5-7d0adfd73d16___RS_HL 0417.JPG,0.5169172286987305,0.191994309425354,0.939233660697937,0.0009613037109375,0.001983642578125,0.686274528503418,0.9999995231628418,0.9999997615814209,2.384185791015625e-07,gamma_bright,none
D:\BTECH\PlantDiseaseProject\dataset\val\Tomato___healthy\c9f92d4b-9d9c-4932-ba1b-bc290987c154___RS_HL 0350.JPG,0.4740951657295227,0.189486563205719,0.9362235069274902,0.00604248046875,0.00103759765625,0.6784313917160034,0.9994472861289978,0.9997448325157166,0.00029754638671875,clahe,none
D:\BTECH\PlantDiseaseProject\dataset\val\Tomato___healthy\caab6cf8-07a8-422a-84e9-3311f85d2427___RS_HL 0455.JPG,0.5002108216285706,0.19644318521022797,0.939794659614563,0.0014801025390625,0.001251220703125,0.6705882549285889,0.9999961853027344,0.9999995231628418,3.337860107421875e-06,clahe,none
D:\BTECH\PlantDiseaseProject\dataset\val\Tomato___healthy\cae87492-704e-472a-8bc4-fea1ce042167___RS_HL 9915.JPG,0.4683588743209839,0.2220345288515091,0.9470858573913574,0.0103302001953125,0.001708984375,0.7333333492279053,0.9999995231628418,0.9999998807907104,3.5762786865234375e-07,clahe,none
D:\BTECH\PlantDiseaseProject\dataset\val\Tomato___healthy\cb3ab315-c340-469c-8291-abe02183b05a___RS_HL 0161.JPG,0.46278461813926697,0.17626726627349854,0.9126675128936768,0.0066680908203125,0.000152587890625,0.6274510025978088,0.9999444484710693,0.9999929666519165,4.851818084716797e-05,hist_eq,none
D:\BTECH\PlantDiseaseProject\dataset\val\Tomato___healthy\cc289e5c-7899-4081-9ea9-c3dc3ad3d2d4___GH_HL Leaf 408.1.JPG,0.45664721727371216,0.08553442358970642,0.8087111115455627,0.0,1.52587890625e-05,0.2823529541492462,0.998083233833313,0.998083233833313,0.0,none,none
D:\BTECH\PlantDiseaseProject\dataset\val\Tomato___healthy\ce56d8ec-bfd5-4755-8010-c42658f8d597___RS_HL 0090.JPG,0.4700396656990051,0.22322015464305878,0.9480552077293396,0.001617431640625,0.002197265625,0.7137255072593689,0.9999996423721313,0.9999996423721313,0.0,none,none
D:\BTECH\PlantDiseaseProject\dataset\val\Tomato___healthy\ce9a5c21-e77d-4db4-baa3-d03c24e360b0___GH_HL Leaf 281.JPG,0.4908309876918793,0.1035766750574112,0.840872049331665,0.0,0.0,0.3490196168422699,0.9994789958000183,0.9996711015701294,0.00019210577011108398,gamma_bright,none
D:\BTECH\PlantDiseaseProject\dataset\val\Tomato___healthy\cf021ef4-2bde-4984-8604-c813cb195fe4___RS_HL 0490.JPG,0.46856623888015747,0.1988183856010437,0.951398491859436,0.0040435791015625,0.0015411376953125,0.6784313917160034,0.9999649524688721,0.9999904632568359,2.5510787963867188e-05,clahe,none
D:\BTECH\PlantDiseaseProject\dataset\val\Tomato___healthy\d06e33fb-58bf-440f-9dbc-a1ceec9abaea___GH_HL Leaf 383.JPG,0.5289267897605896,0.08214826881885529,0.7957980632781982,0.0,0.0,0.27450981736183167,0.9997259974479675,0.9998781681060791,0.00015217065811157227,clahe,none
D:\BTECH\PlantDiseaseProject\dataset\val\Tomato___healthy\d1750517-689b-4372-a717-6b81c0dd64b0___GH_HL Leaf 262.JPG,0.44502490758895874,0.10321284085512161,0.8428622484207153,6.103515625e-05,0.0,0.3450980484485626,0.9998403787612915,0.9998779296875,3.7550926208496094e-05,gamma_bright,none
D:\BTECH\PlantDiseaseProject\dataset\val\Tomato___healthy\d2bab7ce-8028-41ed-b0a0-22472f904974___RS_HL 0528.JPG,0.507224440574646,0.20645128190517426,0.949123740196228,0.0030670166015625,0.0032806396484375,0.7372549176216125,0.99998939037323,0.9999959468841553,6.556510925292969e-06,gamma_bright,none
D:\BTECH\PlantDiseaseProject\dataset\val\Tomato___healthy\d382d5de-6608-4492-a1eb-e4c525f8b3e4___GH_HL Leaf 461.JPG,0.4735735356807709,0.08909045159816742,0.8068431615829468,0.0,0.0,0.27450981736183167,0.997595489025116,0.9982241988182068,0.0006287097930908203,gamma_bright,none
D:\BTECH\PlantDiseaseProject\dataset\val\Tomato___healthy\d442075f-73bb-47a0-9545-9b36bca9300b___GH_HL Leaf 210.JPG,0.48508304357528687,0.0962824746966362,0.8209109306335449,0.0,0.0,0.30588236451148987,0.9999964237213135,0.9999972581863403,8.344650268554688e-07,gamma_dark,none
D:\BTECH\PlantDiseaseProject\dataset\val\Tomato___healthy\d454ff7e-7a9d-45c1-b7f1-d098edcb1fa7___RS_HL 0418.JPG,0.49407100677490234,0.19749249517917633,0.9466944336891174,0.0024261474609375,0.0015411376953125,0.6901960968971252,0.9999984502792358,0.9999991655349731,7.152557373046875e-07,hist_eq,none
D:\BTECH\PlantDiseaseProject\dataset\val\Tomato___healthy\d48fe069-a000-4242-b6cf-fb465e47615b___RS_HL 0594.JPG,0.43550044298171997,0.23049484193325043,0.951465368270874,0.0016021728515625,0.002166748046875,0.7058823704719543,0.9998434782028198,0.9998506307601929,7.152557373046875e-06,gamma_bright,none
D:\BTECH\PlantDiseaseProject\dataset\val\Tomato___healthy\d5ccbb2a-258c-4963-bdd6-d7eb22f351a5___RS_HL 9946.JPG,0.5153924226760864,0.19544310867786407,0.9337441325187683,0.0045166015625,0.00042724609375,0.6745098233222961,0.9999997615814209,0.9999998807907104,1.1920928955078125e-07,clahe,none
D:\BTECH\PlantDiseaseProject\dataset\val\Tomato___healthy\d835fbab-7301-4544-aba9-37cb5d25de9f___RS_HL 0506.JPG,0.46908295154571533,0.19527912139892578,0.9409972429275513,0.003570556640625,0.00103759765625,0.658823549747467,0.9997112154960632,0.9999063014984131,0.00019508600234985352,gamma_bright,none
D:\BTECH\PlantDiseaseProject\dataset\val\Tomato___healthy\d84eb3b6-3321-4034-9bcc-d2cddb8a3467___RS_HL 0053.JPG,0.48754411935806274,0.21806161105632782,0.9620170593261719,0.006103515625,0.0024261474609375,0.7137255072593689,0.9999998807907104,0.9999998807907104,0.0,none,none
D:\BTECH\PlantDiseaseProject\dataset\val\Tomato___healthy\d9756e4c-11ac-4c09-8a3c-4938d56bfc1e___RS_HL 0488.JPG,0.5006046295166016,0.202841117978096,0.9358891248703003,0.001068115234375,0.0012664794921875,0.6901960968971252,0.9999827146530151,0.9999974966049194,1.4781951904296875e-05,gamma_bright,none
D:\BTECH\PlantDiseaseProject\dataset\val\Tomato___healthy\d9bb47b1-fa25-49fb-9b30-df7a7db48f8d___GH_HL Leaf 290.JPG,0.5194379091262817,0.1079331785440445,0.8420137166976929,0.0,0.0,0.3490196168422699,0.9979148507118225,0.9985883831977844,0.0006735324859619141,gamma_bright,none
D:\BTECH\PlantDiseaseProject\dataset\val\Tomato___healthy\dad127e0-8761-47bd-8ea1-21727847a1f4___RS_HL 0416.JPG,0.48824238777160645,0.172913059592247,0.9276531338691711,0.0025787353515625,0.0008087158203125,0.6196078658103943,0.9999997615814209,1.0,2.384185791015625e-07,gamma_bright,none
D:\BTECH\PlantDiseaseProject\dataset\val\Tomato___healthy\debe033e-a878-46dc-8336-8bc25811df35___GH_HL Leaf 303.JPG,0.4795134365558624,0.1134243831038475,0.860304594039917,1.52587890625e-05,1.52587890625e-05,0.3764705955982208,0.999915361404419,0.999935507774353,2.014636993408203e-05,gamma_dark,none
D:\BTECH\PlantDiseaseProject\dataset\val\Tomato___healthy\df35d1fb-978c-4aeb-9d6f-e7da242c81b8___RS_HL 0515.JPG,0.5150158405303955,0.1895422637462616,0.9365473985671997,0.0018157958984375,0.001190185546875,0.6823529601097107,0.9999788999557495,0.9999940395355225,1.5139579772949219e-05,gamma_bright,none
D:\BTECH\PlantDiseaseProject\dataset\val\Tomato___healthy\df99e31e-11ab-49be-bd51-d1fda2667c76___GH_HL Leaf 458.JPG,0.46312034130096436,0.08230964839458466,0.7979708909988403,9.1552734375e-05,0.0,0.2549019753932953,0.9438982605934143,0.9763249158859253,0.032426655292510986,hist_eq,hist_eq
D:\BTECH\PlantDiseaseProject\dataset\val\Tomato___healthy\e110eaa3-3f80-477f-ad86-18b7e308b764___RS_HL 0349.JPG,0.5124469995498657,0.18203197419643402,0.9320449829101562,0.003265380859375,0.0007781982421875,0.6470588445663452,0.9990587830543518,0.9995525479316711,0.0004937648773193359,gamma_bright,none
D:\BTECH\PlantDiseaseProject\dataset\val\Tomato___healthy\e1436a17-dca7-4687-a0ec-31a28389063e___RS_HL 0529.JPG,0.5106731653213501,0.177203968167305,0.937301516532898,0.001373291015625,0.00201416015625,0.6078431606292725,0.9999622106552124,0.9999892711639404,2.7060508728027344e-05,gamma_bright,none
D:\BTECH\PlantDiseaseProject\dataset\val\Tomato___healthy\e1571f83-5f00-4653-a176-2033f27405fa___GH_HL Leaf 353.JPG,0.5153698921203613,0.10679023712873459,0.8400136232376099,0.0,1.52587890625e-05,0.3490196168422699,0.9992092251777649,0.9994449019432068,0.00023567676544189453,gamma_bright,none
D:\BTECH\PlantDiseaseProject\dataset\val\Tomato___healthy\e357a876-daff-428c-828f-7f1b6e998175___RS_HL 0593.JPG,0.45800215005874634,0.2072046995162964,0.9469006657600403,0.0013885498046875,0.001373291015625,0.6784313917160034,0.08858855068683624,0.35893937945365906,0.2703508287668228,gamma_bright,gamma_bright
D:\BTECH\PlantDiseaseProject\dataset\val\Tomato___healthy\e55fc417-6c08-4150-913e-11e7c7e15eb7___RS_HL 0504.JPG,0.48804765939712524,0.2055131494998932,0.9428607225418091,0.0038299560546875,0.0014495849609375,0.686274528503418,0.9998756647109985,0.9999839067459106,0.00010824203491210938,hist_eq,none
D:\BTECH\PlantDiseaseProject\dataset\val\Tomato___healthy\e62a7ec8-3e5e-4a47-be14-a57db0322bb6___RS_HL 9627.JPG,0.4718901515007019,0.22468385100364685,0.9308899641036987,0.0250396728515625,0.0008392333984375,0.7215686440467834,0.9923933744430542,0.9994462132453918,0.0070528388023376465,clahe,none
D:\BTECH\PlantDiseaseProject\dataset\val\Tomato___healthy\e73a233d-84c8-407a-aefa-8a3865450351___GH_HL Leaf 222.JPG,0.44962188601493835,0.10276801139116287,0.841844916343689,0.0001373291015625,0.0,0.34117648005485535,0.9997424483299255,0.9998989105224609,0.0001564621925354004,clahe,none
D:\BTECH\PlantDiseaseProject\dataset\val\Tomato___healthy\e8ccc10e-1991-4cd9-8419-fc3857f96867___RS_HL 0550.JPG,0.4670867919921875,0.21476340293884277,0.9542185068130493,0.0024871826171875,0.0020599365234375,0.6980392336845398,0.9999990463256836,0.9999995231628418,4.76837158203125e-07,gamma_bright,none
D:\BTECH\PlantDiseaseProject\dataset\val\Tomato___healthy\e9392a5e-2fac-48c5-a23d-df3aa3f61048___GH_HL Leaf 217.JPG,0.4850381314754486,0.10352320969104767,0.8367648124694824,1.52587890625e-05,1.52587890625e-05,0.33725491166114807,0.9998452663421631,0.9999126195907593,6.73532485961914e-05,clahe,none
D:\BTECH\PlantDiseaseProject\dataset\val\Tomato___healthy\e9f45c75-db52-4a85-ab72-0b9adf1f047b___GH_HL Leaf 480.1.JPG,0.4553738534450531,0.10158379375934601,0.8345529437065125,0.0,0.0,0.3333333432674408,0.9849013686180115,0.9883755445480347,0.0034741759300231934,gamma_bright,none
D:\BTECH\PlantDiseaseProject\dataset\val\Tomato___healthy\eab401a8-c014-4a63-98d4-b6144cfc7bc9___GH_HL Leaf 289.JPG,0.43031466007232666,0.10238972306251526,0.8402224779129028,6.103515625e-05,6.103515625e-05,0.34215688705444336,0.9999790191650391,0.9999809265136719,1.9073486328125e-06,gamma_bright,none
D:\BTECH\PlantDiseaseProject\dataset\val\Tomato___healthy\eb047146-6e86-44bf-a9b5-f668cb2f301b___GH_HL Leaf 225.1.JPG,0.4874233603477478,0.07202908396720886,0.7759535908699036,0.0,0.0,0.2352941334247589,0.9997484087944031,0.9997484087944031,0.0,none,none
D:\BTECH\PlantDiseaseProject\dataset\val\Tomato___healthy\eb0b95d9-4012-494c-85b6-48f7e250c958___GH_HL Leaf 404.JPG,0.5301349759101868,0.07711751759052277,0.7883465886116028,0.0,0.0,0.24705883860588074,0.9978819489479065,0.9981943964958191,0.00031244754791259766,clahe,none
D:\BTECH\PlantDiseaseProject\dataset\val\Tomato___healthy\ec2ace5b-0368-4012-a46e-21236926193c___RS_HL 0086.JPG,0.47795242071151733,0.1992596536874771,0.9429147839546204,0.001708984375,0.0013275146484375,0.686274528503418,1.0,1.0,0.0,none,none
D:\BTECH\PlantDiseaseProject\dataset\val\Tomato___healthy\ec59e000-1ee0-4998-a68f-abbfa6f6d009___RS_HL 0226.JPG,0.4688425660133362,0.18954883515834808,0.9242618083953857,0.00262451171875,0.0008392333984375,0.658823549747467,0.9998490810394287,0.9998610019683838,1.1920928955078125e-05,gamma_bright,none
D:\BTECH\PlantDiseaseProject\dataset\val\Tomato___healthy\ed76421e-84e4-408b-a1b3-c6164867b3d2___RS_HL 0560.JPG,0.4611058831214905,0.19072534143924713,0.9452569484710693,0.0033416748046875,0.0012359619140625,0.6549019813537598,0.9999982118606567,0.9999997615814209,1.5497207641601562e-06,hist_eq,none
D:\BTECH\PlantDiseaseProject\dataset\val\Tomato___healthy\edfbcb80-5821-4c6e-a464-79f119de35ae___RS_HL 9903.JPG,0.47182032465934753,0.2109871804714203,0.9181437492370605,0.0035247802734375,0.001495361328125,0.7137255072593689,0.9999963045120239,0.9999998807907104,3.5762786865234375e-06,clahe,none
D:\BTECH\PlantDiseaseProject\dataset\val\Tomato___healthy\f0037c61-001d-4b1f-b794-5b5ab49d50d5___RS_HL 0527.JPG,0.5088130831718445,0.18003250658512115,0.9375401139259338,0.0021209716796875,0.0013427734375,0.6274510025978088,0.9999990463256836,0.9999995231628418,4.76837158203125e-07,gamma_bright,none
D:\BTECH\PlantDiseaseProject\dataset\val\Tomato___healthy\f04f1e27-b6b0-43a6-b5c5-a4ec6d75ed3e___RS_HL 9737.JPG,0.46878430247306824,0.18584759533405304,0.9343018531799316,0.0113067626953125,0.00067138671875,0.6627451181411743,0.9999996423721313,0.9999998807907104,2.384185791015625e-07,gamma_bright,none
D:\BTECH\PlantDiseaseProject\dataset\val\Tomato___healthy\f17dd662-f947-4892-9136-56dbe0feaca2___RS_HL 0503.JPG,0.4890105128288269,0.20920927822589874,0.9430050253868103,0.0025634765625,0.0013275146484375,0.6784313917160034,0.9991689920425415,0.9997370839118958,0.000568091869354248,gamma_bright,none
D:\BTECH\PlantDiseaseProject\dataset\val\Tomato___healthy\f1e20811-da4e-4f0f-b8ee-f325d90f6481___RS_HL 0084.JPG,0.5057235956192017,0.20077551901340485,0.9434613585472107,0.00225830078125,0.00286865234375,0.6901960968971252,0.9999984502792358,0.9999997615814209,1.3113021850585938e-06,clahe,none
D:\BTECH\PlantDiseaseProject\dataset\val\Tomato___healthy\f32a71f9-5468-4169-aa2f-e895f070bfc7___RS_HL 9997.JPG,0.46736642718315125,0.22455140948295593,0.957321047782898,0.002960205078125,0.00250244140625,0.7215686440467834,0.9999951124191284,0.9999966621398926,1.5497207641601562e-06,gamma_bright,none
D:\BTECH\PlantDiseaseProject\dataset\val\Tomato___healthy\f48aed97-8db4-40a5-aa39-e2c3c70fe8be___GH_HL Leaf 524.1.JPG,0.4596661329269409,0.10550010204315186,0.8236502408981323,0.0,0.0,0.32549020648002625,0.31171557307243347,0.4265906512737274,0.11487507820129395,gamma_bright,gamma_bright
D:\BTECH\PlantDiseaseProject\dataset\val\Tomato___healthy\f6a5a9a3-f9a6-4fad-83c3-2ce3e8618b52___RS_HL 0169.JPG,0.5028964281082153,0.17150673270225525,0.9222730994224548,0.001739501953125,0.0007781982421875,0.6235294342041016,0.9998459815979004,0.9999822378158569,0.00013625621795654297,hist_eq,none
D:\BTECH\PlantDiseaseProject\dataset\val\Tomato___healthy\f81def4f-22a7-4036-bfab-51b245f4a2ab___RS_HL 0055.JPG,0.5174942016601562,0.16991598904132843,0.9102070927619934,0.0038299560546875,0.00018310546875,0.6196078658103943,0.9996329545974731,0.9998212456703186,0.00018829107284545898,hist_eq,none
D:\BTECH\PlantDiseaseProject\dataset\val\Tomato___healthy\f96987aa-d19d-415b-a68c-73a07a47d521___RS_HL 9736.JPG,0.5037756562232971,0.1684505194425583,0.9214762449264526,0.0071868896484375,0.0002899169921875,0.5607843399047852,0.9999994039535522,0.9999996423721313,2.384185791015625e-07,gamma_bright,none
D:\BTECH\PlantDiseaseProject\dataset\val\Tomato___healthy\fb0f6e2b-1f21-406f-83d3-2c6236d47ca0___RS_HL 0042.JPG,0.46923303604125977,0.19251807034015656,0.9357386827468872,0.004364013671875,0.000640869140625,0.6784313917160034,0.9999940395355225,0.9999973773956299,3.337860107421875e-06,hist_eq,none
D:\BTECH\PlantDiseaseProject\dataset\val\Tomato___healthy\fb2c7e00-39a7-4be3-b8d1-b4c42c65e20e___RS_HL 9636.JPG,0.5026879906654358,0.17991995811462402,0.9311700463294983,0.008148193359375,0.00067138671875,0.6352941393852234,0.9999178647994995,0.9999862909317017,6.842613220214844e-05,clahe,none
D:\BTECH\PlantDiseaseProject\dataset\val\Tomato___healthy\fd27de23-27cd-4f09-a962-df0b26899b07___RS_HL 0039.JPG,0.5318706035614014,0.17358514666557312,0.9158846735954285,0.00177001953125,0.000640869140625,0.6235294342041016,0.9998612403869629,0.9999717473983765,0.00011050701141357422,gamma_bright,none
D:\BTECH\PlantDiseaseProject\dataset\val\Tomato___healthy\fd75c626-bda9-4388-8b29-75d40ea7c6d4___RS_HL 0041.JPG,0.5037758350372314,0.1759357452392578,0.9249739646911621,0.001617431640625,0.0006103515625,0.6078431606292725,0.9986376166343689,0.9998761415481567,0.0012385249137878418,hist_eq,none
D:\BTECH\PlantDiseaseProject\dataset\val\Tomato___healthy\fde29807-8223-4fc5-a06b-7cc93101a6d1___GH_HL Leaf 174.JPG,0.42934638261795044,0.0967087671160698,0.8181034326553345,0.0,0.0,0.30588236451148987,0.9825604557991028,0.9901978969573975,0.007637441158294678,gamma_bright,none
D:\BTECH\PlantDiseaseProject\dataset\val\Tomato___healthy\fe0b76dc-4263-4cda-8840-310ebe72a432___GH_HL Leaf 490.JPG,0.48421159386634827,0.10336778312921524,0.8319424390792847,0.0,0.0,0.3450980484485626,0.9960002303123474,0.9972890615463257,0.0012888312339782715,clahe,none
D:\BTECH\PlantDiseaseProject\dataset\val\Tomato___healthy\ff774aec-2504-4d11-8a61-2fd74c689a6f___RS_HL 9904.JPG,0.5156393051147461,0.18438100814819336,0.9342212080955505,0.0044708251953125,0.00103759765625,0.6392157077789307,1.0,1.0,0.0,none,none
